{
  "type": "FeatureCollection",
  "features": [
    {
      "type": "Feature",
      "properties": {
        "id": "gugark",
        "metrics": {
          "areaKm2": 11426,
          "perimeterKm": 565,
          "eastWestKm": 192,
          "northSouthKm": 123,
          "centroid": [
            44.20866,
            41.39186
          ],
          "sharePercent": 3.6
        }
      },
      "geometry": {
        "type": "Polygon",
        "coordinates": [
          [
            [
              43.95887,
              41.94619
            ],
            [
              43.968,
              41.93808
            ],
            [
              43.97714,
              41.92996
            ],
            [
              43.99624,
              41.92897
            ],
            [
              44.00538,
              41.92085
            ],
            [
              44.01451,
              41.91274
            ],
            [
              44.03361,
              41.91174
            ],
            [
              44.04275,
              41.90363
            ],
            [
              44.05189,
              41.89552
            ],
            [
              44.06184,
              41.90263
            ],
            [
              44.0718,
              41.90975
            ],
            [
              44.0909,
              41.90875
            ],
            [
              44.11,
              41.90775
            ],
            [
              44.12909,
              41.90675
            ],
            [
              44.14819,
              41.90575
            ],
            [
              44.16729,
              41.90475
            ],
            [
              44.17642,
              41.89664
            ],
            [
              44.18556,
              41.88853
            ],
            [
              44.1947,
              41.88042
            ],
            [
              44.20384,
              41.87231
            ],
            [
              44.21297,
              41.86419
            ],
            [
              44.22211,
              41.85608
            ],
            [
              44.23125,
              41.84797
            ],
            [
              44.24039,
              41.83986
            ],
            [
              44.24952,
              41.83174
            ],
            [
              44.25866,
              41.82363
            ],
            [
              44.2678,
              41.81552
            ],
            [
              44.27694,
              41.80741
            ],
            [
              44.28607,
              41.7993
            ],
            [
              44.29521,
              41.79118
            ],
            [
              44.30435,
              41.78307
            ],
            [
              44.31349,
              41.77496
            ],
            [
              44.32262,
              41.76685
            ],
            [
              44.33176,
              41.75873
            ],
            [
              44.3409,
              41.75062
            ],
            [
              44.35004,
              41.74251
            ],
            [
              44.35917,
              41.7344
            ],
            [
              44.35835,
              41.71917
            ],
            [
              44.36749,
              41.71106
            ],
            [
              44.37663,
              41.70295
            ],
            [
              44.38576,
              41.69483
            ],
            [
              44.3949,
              41.68672
            ],
            [
              44.39408,
              41.6715
            ],
            [
              44.40322,
              41.66338
            ],
            [
              44.41235,
              41.65527
            ],
            [
              44.41153,
              41.64005
            ],
            [
              44.41071,
              41.62482
            ],
            [
              44.40989,
              41.60959
            ],
            [
              44.41903,
              41.60148
            ],
            [
              44.42816,
              41.59337
            ],
            [
              44.42734,
              41.57814
            ],
            [
              44.43648,
              41.57003
            ],
            [
              44.44562,
              41.56192
            ],
            [
              44.45475,
              41.55381
            ],
            [
              44.46389,
              41.54569
            ],
            [
              44.47303,
              41.53758
            ],
            [
              44.48217,
              41.52947
            ],
            [
              44.4913,
              41.52136
            ],
            [
              44.50044,
              41.51325
            ],
            [
              44.50958,
              41.50513
            ],
            [
              44.51871,
              41.49702
            ],
            [
              44.52785,
              41.48891
            ],
            [
              44.53699,
              41.4808
            ],
            [
              44.54613,
              41.47268
            ],
            [
              44.55526,
              41.46457
            ],
            [
              44.5644,
              41.45646
            ],
            [
              44.57354,
              41.44835
            ],
            [
              44.58268,
              41.44024
            ],
            [
              44.59181,
              41.43212
            ],
            [
              44.60095,
              41.42401
            ],
            [
              44.61009,
              41.4159
            ],
            [
              44.61923,
              41.40779
            ],
            [
              44.62919,
              41.4149
            ],
            [
              44.63915,
              41.42201
            ],
            [
              44.6491,
              41.42913
            ],
            [
              44.65906,
              41.43624
            ],
            [
              44.66902,
              41.44336
            ],
            [
              44.67898,
              41.45047
            ],
            [
              44.68894,
              41.45758
            ],
            [
              44.6989,
              41.4647
            ],
            [
              44.70886,
              41.47181
            ],
            [
              44.71882,
              41.47893
            ],
            [
              44.72878,
              41.48604
            ],
            [
              44.73874,
              41.49315
            ],
            [
              44.7487,
              41.50027
            ],
            [
              44.75866,
              41.50738
            ],
            [
              44.76862,
              41.51449
            ],
            [
              44.77858,
              41.52161
            ],
            [
              44.78854,
              41.52872
            ],
            [
              44.79849,
              41.53584
            ],
            [
              44.81759,
              41.53484
            ],
            [
              44.83669,
              41.53384
            ],
            [
              44.85578,
              41.53284
            ],
            [
              44.87488,
              41.53184
            ],
            [
              44.89398,
              41.53084
            ],
            [
              44.91308,
              41.52985
            ],
            [
              44.93217,
              41.52885
            ],
            [
              44.94131,
              41.52074
            ],
            [
              44.95045,
              41.51262
            ],
            [
              44.95958,
              41.50451
            ],
            [
              44.96872,
              41.4964
            ],
            [
              44.97786,
              41.48829
            ],
            [
              44.987,
              41.48017
            ],
            [
              44.99613,
              41.47206
            ],
            [
              45.00527,
              41.46395
            ],
            [
              45.01441,
              41.45584
            ],
            [
              45.02355,
              41.44773
            ],
            [
              45.03268,
              41.43961
            ],
            [
              45.04182,
              41.4315
            ],
            [
              45.05096,
              41.42339
            ],
            [
              45.0601,
              41.41528
            ],
            [
              45.06923,
              41.40716
            ],
            [
              45.07837,
              41.39905
            ],
            [
              45.08751,
              41.39094
            ],
            [
              45.09665,
              41.38283
            ],
            [
              45.10578,
              41.37472
            ],
            [
              45.11492,
              41.3666
            ],
            [
              45.13402,
              41.3656
            ],
            [
              45.15311,
              41.36461
            ],
            [
              45.17221,
              41.36361
            ],
            [
              45.18135,
              41.3555
            ],
            [
              45.19049,
              41.34738
            ],
            [
              45.20958,
              41.34639
            ],
            [
              45.22868,
              41.34539
            ],
            [
              45.23782,
              41.33727
            ],
            [
              45.23699,
              41.32205
            ],
            [
              45.23617,
              41.30682
            ],
            [
              45.24531,
              41.29871
            ],
            [
              45.25445,
              41.2906
            ],
            [
              45.25363,
              41.27537
            ],
            [
              45.26276,
              41.26726
            ],
            [
              45.2719,
              41.25915
            ],
            [
              45.27108,
              41.24392
            ],
            [
              45.27026,
              41.2287
            ],
            [
              45.26943,
              41.21347
            ],
            [
              45.27857,
              41.20536
            ],
            [
              45.28771,
              41.19724
            ],
            [
              45.28689,
              41.18202
            ],
            [
              45.28606,
              41.16679
            ],
            [
              45.28524,
              41.15157
            ],
            [
              45.28442,
              41.13634
            ],
            [
              45.2836,
              41.12111
            ],
            [
              45.28278,
              41.10589
            ],
            [
              45.28196,
              41.09066
            ],
            [
              45.272,
              41.08355
            ],
            [
              45.26204,
              41.07644
            ],
            [
              45.26121,
              41.06121
            ],
            [
              45.26039,
              41.04598
            ],
            [
              45.25957,
              41.03076
            ],
            [
              45.24961,
              41.02364
            ],
            [
              45.23965,
              41.01653
            ],
            [
              45.23883,
              41.0013
            ],
            [
              45.23801,
              40.98608
            ],
            [
              45.22805,
              40.97896
            ],
            [
              45.21891,
              40.98708
            ],
            [
              45.20977,
              40.99519
            ],
            [
              45.19068,
              40.99619
            ],
            [
              45.17158,
              40.99718
            ],
            [
              45.15248,
              40.99818
            ],
            [
              45.13339,
              40.99918
            ],
            [
              45.11429,
              41.00018
            ],
            [
              45.09519,
              41.00118
            ],
            [
              45.0761,
              41.00218
            ],
            [
              45.057,
              41.00317
            ],
            [
              45.0379,
              41.00417
            ],
            [
              45.01881,
              41.00517
            ],
            [
              45.00885,
              40.99806
            ],
            [
              44.99889,
              40.99094
            ],
            [
              44.98893,
              40.98383
            ],
            [
              44.98811,
              40.9686
            ],
            [
              44.97815,
              40.96149
            ],
            [
              44.96819,
              40.95438
            ],
            [
              44.95823,
              40.94726
            ],
            [
              44.94827,
              40.94015
            ],
            [
              44.93831,
              40.93304
            ],
            [
              44.92835,
              40.92592
            ],
            [
              44.91839,
              40.91881
            ],
            [
              44.90843,
              40.91169
            ],
            [
              44.90761,
              40.89647
            ],
            [
              44.89765,
              40.88935
            ],
            [
              44.88769,
              40.88224
            ],
            [
              44.87773,
              40.87513
            ],
            [
              44.86777,
              40.86801
            ],
            [
              44.85781,
              40.8609
            ],
            [
              44.84785,
              40.85378
            ],
            [
              44.83789,
              40.84667
            ],
            [
              44.8188,
              40.84767
            ],
            [
              44.7997,
              40.84867
            ],
            [
              44.7806,
              40.84967
            ],
            [
              44.76151,
              40.85066
            ],
            [
              44.74241,
              40.85166
            ],
            [
              44.73245,
              40.84455
            ],
            [
              44.72249,
              40.83744
            ],
            [
              44.71335,
              40.84555
            ],
            [
              44.70422,
              40.85366
            ],
            [
              44.68512,
              40.85466
            ],
            [
              44.67598,
              40.86277
            ],
            [
              44.66685,
              40.87088
            ],
            [
              44.65771,
              40.87899
            ],
            [
              44.64857,
              40.88711
            ],
            [
              44.63943,
              40.89522
            ],
            [
              44.6303,
              40.90333
            ],
            [
              44.62116,
              40.91144
            ],
            [
              44.61202,
              40.91956
            ],
            [
              44.59292,
              40.92055
            ],
            [
              44.58379,
              40.92867
            ],
            [
              44.57465,
              40.93678
            ],
            [
              44.55555,
              40.93778
            ],
            [
              44.54642,
              40.94589
            ],
            [
              44.53728,
              40.954
            ],
            [
              44.51818,
              40.955
            ],
            [
              44.50904,
              40.96311
            ],
            [
              44.49991,
              40.97122
            ],
            [
              44.49077,
              40.97934
            ],
            [
              44.48163,
              40.98745
            ],
            [
              44.46253,
              40.98845
            ],
            [
              44.4534,
              40.99656
            ],
            [
              44.44426,
              41.00467
            ],
            [
              44.42516,
              41.00567
            ],
            [
              44.41603,
              41.01378
            ],
            [
              44.40689,
              41.02189
            ],
            [
              44.38779,
              41.02289
            ],
            [
              44.36869,
              41.02389
            ],
            [
              44.3496,
              41.02489
            ],
            [
              44.34046,
              41.033
            ],
            [
              44.33132,
              41.04111
            ],
            [
              44.31223,
              41.04211
            ],
            [
              44.29313,
              41.04311
            ],
            [
              44.27403,
              41.04411
            ],
            [
              44.25494,
              41.04511
            ],
            [
              44.23584,
              41.04611
            ],
            [
              44.21674,
              41.0471
            ],
            [
              44.19765,
              41.0481
            ],
            [
              44.17855,
              41.0491
            ],
            [
              44.15945,
              41.0501
            ],
            [
              44.15031,
              41.05821
            ],
            [
              44.14118,
              41.06632
            ],
            [
              44.12208,
              41.06732
            ],
            [
              44.10298,
              41.06832
            ],
            [
              44.08389,
              41.06932
            ],
            [
              44.06479,
              41.07032
            ],
            [
              44.05565,
              41.07843
            ],
            [
              44.04652,
              41.08654
            ],
            [
              44.03738,
              41.09465
            ],
            [
              44.02824,
              41.10277
            ],
            [
              44.0191,
              41.11088
            ],
            [
              44.01993,
              41.1261
            ],
            [
              44.02075,
              41.14133
            ],
            [
              44.02157,
              41.15656
            ],
            [
              44.02239,
              41.17178
            ],
            [
              44.02321,
              41.18701
            ],
            [
              44.02404,
              41.20223
            ],
            [
              44.0149,
              41.21035
            ],
            [
              44.00576,
              41.21846
            ],
            [
              44.00658,
              41.23369
            ],
            [
              43.99744,
              41.2418
            ],
            [
              43.97835,
              41.2428
            ],
            [
              43.95925,
              41.24379
            ],
            [
              43.94015,
              41.24479
            ],
            [
              43.92106,
              41.24579
            ],
            [
              43.9111,
              41.23868
            ],
            [
              43.90114,
              41.23156
            ],
            [
              43.88204,
              41.23256
            ],
            [
              43.86295,
              41.23356
            ],
            [
              43.85299,
              41.22645
            ],
            [
              43.84303,
              41.21933
            ],
            [
              43.83307,
              41.21222
            ],
            [
              43.82311,
              41.2051
            ],
            [
              43.80401,
              41.2061
            ],
            [
              43.78491,
              41.2071
            ],
            [
              43.76582,
              41.2081
            ],
            [
              43.74672,
              41.2091
            ],
            [
              43.72762,
              41.2101
            ],
            [
              43.70853,
              41.2111
            ],
            [
              43.68943,
              41.21209
            ],
            [
              43.67033,
              41.21309
            ],
            [
              43.65124,
              41.21409
            ],
            [
              43.63214,
              41.21509
            ],
            [
              43.61304,
              41.21609
            ],
            [
              43.60391,
              41.2242
            ],
            [
              43.59477,
              41.23231
            ],
            [
              43.58563,
              41.24042
            ],
            [
              43.57649,
              41.24854
            ],
            [
              43.56736,
              41.25665
            ],
            [
              43.56818,
              41.27187
            ],
            [
              43.55904,
              41.27999
            ],
            [
              43.5499,
              41.2881
            ],
            [
              43.54077,
              41.29621
            ],
            [
              43.52167,
              41.29721
            ],
            [
              43.50257,
              41.29821
            ],
            [
              43.48348,
              41.29921
            ],
            [
              43.46438,
              41.3002
            ],
            [
              43.44528,
              41.3012
            ],
            [
              43.42619,
              41.3022
            ],
            [
              43.40709,
              41.3032
            ],
            [
              43.38799,
              41.3042
            ],
            [
              43.3689,
              41.3052
            ],
            [
              43.35894,
              41.29808
            ],
            [
              43.34898,
              41.29097
            ],
            [
              43.32988,
              41.29197
            ],
            [
              43.31078,
              41.29297
            ],
            [
              43.29169,
              41.29396
            ],
            [
              43.28173,
              41.28685
            ],
            [
              43.27177,
              41.27974
            ],
            [
              43.26181,
              41.27262
            ],
            [
              43.25185,
              41.26551
            ],
            [
              43.23275,
              41.26651
            ],
            [
              43.22279,
              41.25939
            ],
            [
              43.21283,
              41.25228
            ],
            [
              43.19374,
              41.25328
            ],
            [
              43.17464,
              41.25428
            ],
            [
              43.15554,
              41.25527
            ],
            [
              43.14558,
              41.24816
            ],
            [
              43.13562,
              41.24105
            ],
            [
              43.11653,
              41.24205
            ],
            [
              43.09743,
              41.24304
            ],
            [
              43.07833,
              41.24404
            ],
            [
              43.05924,
              41.24504
            ],
            [
              43.04928,
              41.23793
            ],
            [
              43.03932,
              41.23081
            ],
            [
              43.02022,
              41.23181
            ],
            [
              43.00113,
              41.23281
            ],
            [
              42.99199,
              41.24092
            ],
            [
              43.00195,
              41.24804
            ],
            [
              43.01191,
              41.25515
            ],
            [
              43.02187,
              41.26226
            ],
            [
              43.03183,
              41.26938
            ],
            [
              43.04179,
              41.27649
            ],
            [
              43.05174,
              41.2836
            ],
            [
              43.04261,
              41.29172
            ],
            [
              43.03347,
              41.29983
            ],
            [
              43.04343,
              41.30694
            ],
            [
              43.05339,
              41.31406
            ],
            [
              43.06335,
              41.32117
            ],
            [
              43.07331,
              41.32828
            ],
            [
              43.08327,
              41.3354
            ],
            [
              43.09323,
              41.34251
            ],
            [
              43.10319,
              41.34963
            ],
            [
              43.11314,
              41.35674
            ],
            [
              43.1231,
              41.36385
            ],
            [
              43.13306,
              41.37097
            ],
            [
              43.14302,
              41.37808
            ],
            [
              43.15298,
              41.38519
            ],
            [
              43.16294,
              41.39231
            ],
            [
              43.1729,
              41.39942
            ],
            [
              43.18286,
              41.40654
            ],
            [
              43.19282,
              41.41365
            ],
            [
              43.20278,
              41.42076
            ],
            [
              43.21274,
              41.42788
            ],
            [
              43.21356,
              41.4431
            ],
            [
              43.22352,
              41.45022
            ],
            [
              43.23348,
              41.45733
            ],
            [
              43.24344,
              41.46445
            ],
            [
              43.2534,
              41.47156
            ],
            [
              43.26336,
              41.47867
            ],
            [
              43.27332,
              41.48579
            ],
            [
              43.27414,
              41.50101
            ],
            [
              43.27496,
              41.51624
            ],
            [
              43.27578,
              41.53146
            ],
            [
              43.2766,
              41.54669
            ],
            [
              43.27743,
              41.56192
            ],
            [
              43.27825,
              41.57714
            ],
            [
              43.27907,
              41.59237
            ],
            [
              43.27989,
              41.6076
            ],
            [
              43.28071,
              41.62282
            ],
            [
              43.28154,
              41.63805
            ],
            [
              43.28236,
              41.65327
            ],
            [
              43.28318,
              41.6685
            ],
            [
              43.29314,
              41.67561
            ],
            [
              43.3031,
              41.68273
            ],
            [
              43.31306,
              41.68984
            ],
            [
              43.32302,
              41.69695
            ],
            [
              43.33298,
              41.70407
            ],
            [
              43.34294,
              41.71118
            ],
            [
              43.34376,
              41.72641
            ],
            [
              43.35372,
              41.73352
            ],
            [
              43.36368,
              41.74064
            ],
            [
              43.37364,
              41.74775
            ],
            [
              43.38359,
              41.75486
            ],
            [
              43.39355,
              41.76198
            ],
            [
              43.40351,
              41.76909
            ],
            [
              43.41347,
              41.7762
            ],
            [
              43.42343,
              41.78332
            ],
            [
              43.43339,
              41.79043
            ],
            [
              43.44335,
              41.79755
            ],
            [
              43.45331,
              41.80466
            ],
            [
              43.46327,
              41.81177
            ],
            [
              43.47323,
              41.81889
            ],
            [
              43.48319,
              41.826
            ],
            [
              43.49315,
              41.83312
            ],
            [
              43.50311,
              41.84023
            ],
            [
              43.51307,
              41.84734
            ],
            [
              43.53216,
              41.84634
            ],
            [
              43.54212,
              41.85346
            ],
            [
              43.55208,
              41.86057
            ],
            [
              43.57118,
              41.85957
            ],
            [
              43.59028,
              41.85858
            ],
            [
              43.60937,
              41.85758
            ],
            [
              43.62847,
              41.85658
            ],
            [
              43.63843,
              41.86369
            ],
            [
              43.64839,
              41.87081
            ],
            [
              43.65835,
              41.87792
            ],
            [
              43.66831,
              41.88503
            ],
            [
              43.6874,
              41.88404
            ],
            [
              43.7065,
              41.88304
            ],
            [
              43.7256,
              41.88204
            ],
            [
              43.74469,
              41.88104
            ],
            [
              43.76379,
              41.88004
            ],
            [
              43.78289,
              41.87904
            ],
            [
              43.80198,
              41.87805
            ],
            [
              43.82108,
              41.87705
            ],
            [
              43.83104,
              41.88416
            ],
            [
              43.841,
              41.89127
            ],
            [
              43.8601,
              41.89028
            ],
            [
              43.87919,
              41.88928
            ],
            [
              43.88915,
              41.89639
            ],
            [
              43.89911,
              41.90351
            ],
            [
              43.90907,
              41.91062
            ],
            [
              43.91903,
              41.91773
            ],
            [
              43.92899,
              41.92485
            ],
            [
              43.93895,
              41.93196
            ],
            [
              43.94891,
              41.93907
            ],
            [
              43.95887,
              41.94619
            ]
          ]
        ]
      }
    },
    {
      "type": "Feature",
      "properties": {
        "id": "tayk",
        "metrics": {
          "areaKm2": 11754,
          "perimeterKm": 488,
          "eastWestKm": 164,
          "northSouthKm": 117,
          "centroid": [
            41.90593,
            40.84585
          ],
          "sharePercent": 3.7
        }
      },
      "geometry": {
        "type": "Polygon",
        "coordinates": [
          [
            [
              41.53479,
              41.38582
            ],
            [
              41.55388,
              41.38482
            ],
            [
              41.57298,
              41.38382
            ],
            [
              41.58212,
              41.37571
            ],
            [
              41.59125,
              41.36759
            ],
            [
              41.60039,
              41.35948
            ],
            [
              41.60953,
              41.35137
            ],
            [
              41.61867,
              41.34326
            ],
            [
              41.6278,
              41.33515
            ],
            [
              41.63694,
              41.32703
            ],
            [
              41.64608,
              41.31892
            ],
            [
              41.65522,
              41.31081
            ],
            [
              41.66435,
              41.3027
            ],
            [
              41.67349,
              41.29458
            ],
            [
              41.68263,
              41.28647
            ],
            [
              41.69176,
              41.27836
            ],
            [
              41.7009,
              41.27025
            ],
            [
              41.71004,
              41.26214
            ],
            [
              41.71918,
              41.25402
            ],
            [
              41.72831,
              41.24591
            ],
            [
              41.73745,
              41.2378
            ],
            [
              41.74659,
              41.22969
            ],
            [
              41.75573,
              41.22157
            ],
            [
              41.76486,
              41.21346
            ],
            [
              41.774,
              41.20535
            ],
            [
              41.7931,
              41.20435
            ],
            [
              41.8122,
              41.20335
            ],
            [
              41.82215,
              41.21047
            ],
            [
              41.83211,
              41.21758
            ],
            [
              41.85121,
              41.21658
            ],
            [
              41.87031,
              41.21558
            ],
            [
              41.8894,
              41.21459
            ],
            [
              41.9085,
              41.21359
            ],
            [
              41.91764,
              41.20548
            ],
            [
              41.92678,
              41.19736
            ],
            [
              41.94587,
              41.19636
            ],
            [
              41.96497,
              41.19537
            ],
            [
              41.98407,
              41.19437
            ],
            [
              42.00316,
              41.19337
            ],
            [
              42.02226,
              41.19237
            ],
            [
              42.04136,
              41.19137
            ],
            [
              42.06045,
              41.19037
            ],
            [
              42.07041,
              41.19749
            ],
            [
              42.08037,
              41.2046
            ],
            [
              42.09033,
              41.21172
            ],
            [
              42.10029,
              41.21883
            ],
            [
              42.10943,
              41.21072
            ],
            [
              42.11857,
              41.20261
            ],
            [
              42.13766,
              41.20161
            ],
            [
              42.1468,
              41.19349
            ],
            [
              42.15594,
              41.18538
            ],
            [
              42.17503,
              41.18438
            ],
            [
              42.19413,
              41.18339
            ],
            [
              42.21323,
              41.18239
            ],
            [
              42.23232,
              41.18139
            ],
            [
              42.25142,
              41.18039
            ],
            [
              42.27052,
              41.17939
            ],
            [
              42.28961,
              41.17839
            ],
            [
              42.30871,
              41.1774
            ],
            [
              42.32781,
              41.1764
            ],
            [
              42.3469,
              41.1754
            ],
            [
              42.366,
              41.1744
            ],
            [
              42.3851,
              41.1734
            ],
            [
              42.40419,
              41.1724
            ],
            [
              42.42329,
              41.17141
            ],
            [
              42.44239,
              41.17041
            ],
            [
              42.46148,
              41.16941
            ],
            [
              42.48058,
              41.16841
            ],
            [
              42.49968,
              41.16741
            ],
            [
              42.51878,
              41.16641
            ],
            [
              42.53787,
              41.16541
            ],
            [
              42.55697,
              41.16442
            ],
            [
              42.57607,
              41.16342
            ],
            [
              42.59516,
              41.16242
            ],
            [
              42.61426,
              41.16142
            ],
            [
              42.63336,
              41.16042
            ],
            [
              42.65245,
              41.15942
            ],
            [
              42.67155,
              41.15843
            ],
            [
              42.69065,
              41.15743
            ],
            [
              42.70974,
              41.15643
            ],
            [
              42.7197,
              41.16354
            ],
            [
              42.72966,
              41.17066
            ],
            [
              42.74876,
              41.16966
            ],
            [
              42.7579,
              41.16155
            ],
            [
              42.76703,
              41.15343
            ],
            [
              42.78613,
              41.15244
            ],
            [
              42.80523,
              41.15144
            ],
            [
              42.81436,
              41.14333
            ],
            [
              42.8235,
              41.13521
            ],
            [
              42.8426,
              41.13421
            ],
            [
              42.85256,
              41.14133
            ],
            [
              42.86252,
              41.14844
            ],
            [
              42.87248,
              41.15556
            ],
            [
              42.88244,
              41.16267
            ],
            [
              42.89239,
              41.16978
            ],
            [
              42.90235,
              41.1769
            ],
            [
              42.91231,
              41.18401
            ],
            [
              42.92227,
              41.19113
            ],
            [
              42.93141,
              41.18301
            ],
            [
              42.94055,
              41.1749
            ],
            [
              42.94969,
              41.16679
            ],
            [
              42.94886,
              41.15156
            ],
            [
              42.958,
              41.14345
            ],
            [
              42.96714,
              41.13534
            ],
            [
              42.96632,
              41.12011
            ],
            [
              42.97545,
              41.112
            ],
            [
              42.98459,
              41.10389
            ],
            [
              42.98377,
              41.08866
            ],
            [
              42.98295,
              41.07344
            ],
            [
              42.98212,
              41.05821
            ],
            [
              42.9813,
              41.04298
            ],
            [
              42.97134,
              41.03587
            ],
            [
              42.96138,
              41.02876
            ],
            [
              42.96056,
              41.01353
            ],
            [
              42.95974,
              40.9983
            ],
            [
              42.94978,
              40.99119
            ],
            [
              42.93982,
              40.98408
            ],
            [
              42.92986,
              40.97696
            ],
            [
              42.91077,
              40.97796
            ],
            [
              42.90081,
              40.97085
            ],
            [
              42.89998,
              40.95562
            ],
            [
              42.89003,
              40.94851
            ],
            [
              42.88007,
              40.94139
            ],
            [
              42.87011,
              40.93428
            ],
            [
              42.86015,
              40.92717
            ],
            [
              42.85933,
              40.91194
            ],
            [
              42.84937,
              40.90483
            ],
            [
              42.83941,
              40.89771
            ],
            [
              42.82945,
              40.8906
            ],
            [
              42.81949,
              40.88348
            ],
            [
              42.80953,
              40.87637
            ],
            [
              42.79957,
              40.86926
            ],
            [
              42.78961,
              40.86214
            ],
            [
              42.77965,
              40.85503
            ],
            [
              42.76969,
              40.84791
            ],
            [
              42.75973,
              40.8408
            ],
            [
              42.75891,
              40.82558
            ],
            [
              42.75809,
              40.81035
            ],
            [
              42.74813,
              40.80324
            ],
            [
              42.73817,
              40.79612
            ],
            [
              42.72821,
              40.78901
            ],
            [
              42.71825,
              40.78189
            ],
            [
              42.70829,
              40.77478
            ],
            [
              42.69833,
              40.76767
            ],
            [
              42.68837,
              40.76055
            ],
            [
              42.67841,
              40.75344
            ],
            [
              42.66845,
              40.74632
            ],
            [
              42.64936,
              40.74732
            ],
            [
              42.6394,
              40.74021
            ],
            [
              42.63858,
              40.72498
            ],
            [
              42.62862,
              40.71787
            ],
            [
              42.61866,
              40.71076
            ],
            [
              42.6087,
              40.70364
            ],
            [
              42.59874,
              40.69653
            ],
            [
              42.58878,
              40.68941
            ],
            [
              42.57882,
              40.6823
            ],
            [
              42.56886,
              40.67519
            ],
            [
              42.5589,
              40.66807
            ],
            [
              42.54894,
              40.66096
            ],
            [
              42.53898,
              40.65385
            ],
            [
              42.52902,
              40.64673
            ],
            [
              42.51906,
              40.63962
            ],
            [
              42.51824,
              40.62439
            ],
            [
              42.51742,
              40.60917
            ],
            [
              42.5166,
              40.59394
            ],
            [
              42.50664,
              40.58683
            ],
            [
              42.49668,
              40.57971
            ],
            [
              42.48672,
              40.5726
            ],
            [
              42.46762,
              40.5736
            ],
            [
              42.45766,
              40.56648
            ],
            [
              42.4477,
              40.55937
            ],
            [
              42.42861,
              40.56037
            ],
            [
              42.40951,
              40.56137
            ],
            [
              42.39955,
              40.55425
            ],
            [
              42.38959,
              40.54714
            ],
            [
              42.37049,
              40.54814
            ],
            [
              42.3514,
              40.54913
            ],
            [
              42.34144,
              40.54202
            ],
            [
              42.33148,
              40.53491
            ],
            [
              42.32152,
              40.52779
            ],
            [
              42.31156,
              40.52068
            ],
            [
              42.29246,
              40.52168
            ],
            [
              42.27337,
              40.52268
            ],
            [
              42.26341,
              40.51556
            ],
            [
              42.25345,
              40.50845
            ],
            [
              42.23435,
              40.50945
            ],
            [
              42.21526,
              40.51045
            ],
            [
              42.19616,
              40.51144
            ],
            [
              42.1862,
              40.50433
            ],
            [
              42.17624,
              40.49722
            ],
            [
              42.16628,
              40.4901
            ],
            [
              42.15632,
              40.48299
            ],
            [
              42.14636,
              40.47587
            ],
            [
              42.1364,
              40.46876
            ],
            [
              42.12644,
              40.46165
            ],
            [
              42.12562,
              40.44642
            ],
            [
              42.11566,
              40.43931
            ],
            [
              42.1057,
              40.43219
            ],
            [
              42.09574,
              40.42508
            ],
            [
              42.07665,
              40.42608
            ],
            [
              42.06669,
              40.41896
            ],
            [
              42.05673,
              40.41185
            ],
            [
              42.04677,
              40.40474
            ],
            [
              42.03681,
              40.39762
            ],
            [
              42.02685,
              40.39051
            ],
            [
              42.01689,
              40.38339
            ],
            [
              42.00693,
              40.37628
            ],
            [
              41.99697,
              40.36917
            ],
            [
              41.98701,
              40.36205
            ],
            [
              41.97705,
              40.35494
            ],
            [
              41.96709,
              40.34783
            ],
            [
              41.95713,
              40.34071
            ],
            [
              41.93804,
              40.34171
            ],
            [
              41.91894,
              40.34271
            ],
            [
              41.89984,
              40.34371
            ],
            [
              41.88988,
              40.33659
            ],
            [
              41.87992,
              40.32948
            ],
            [
              41.86083,
              40.33048
            ],
            [
              41.84173,
              40.33148
            ],
            [
              41.82263,
              40.33247
            ],
            [
              41.80354,
              40.33347
            ],
            [
              41.78444,
              40.33447
            ],
            [
              41.76534,
              40.33547
            ],
            [
              41.74625,
              40.33647
            ],
            [
              41.72715,
              40.33747
            ],
            [
              41.70805,
              40.33846
            ],
            [
              41.69892,
              40.34658
            ],
            [
              41.68978,
              40.35469
            ],
            [
              41.67068,
              40.35569
            ],
            [
              41.65159,
              40.35669
            ],
            [
              41.63249,
              40.35768
            ],
            [
              41.61339,
              40.35868
            ],
            [
              41.60425,
              40.3668
            ],
            [
              41.59512,
              40.37491
            ],
            [
              41.58598,
              40.38302
            ],
            [
              41.57684,
              40.39113
            ],
            [
              41.55775,
              40.39213
            ],
            [
              41.54861,
              40.40024
            ],
            [
              41.53947,
              40.40835
            ],
            [
              41.52037,
              40.40935
            ],
            [
              41.50128,
              40.41035
            ],
            [
              41.49132,
              40.40324
            ],
            [
              41.48136,
              40.39612
            ],
            [
              41.46226,
              40.39712
            ],
            [
              41.44317,
              40.39812
            ],
            [
              41.43321,
              40.39101
            ],
            [
              41.42325,
              40.38389
            ],
            [
              41.40415,
              40.38489
            ],
            [
              41.38505,
              40.38589
            ],
            [
              41.36596,
              40.38689
            ],
            [
              41.34686,
              40.38789
            ],
            [
              41.3369,
              40.38077
            ],
            [
              41.32694,
              40.37366
            ],
            [
              41.30784,
              40.37466
            ],
            [
              41.28875,
              40.37566
            ],
            [
              41.26965,
              40.37665
            ],
            [
              41.26051,
              40.38477
            ],
            [
              41.25138,
              40.39288
            ],
            [
              41.24224,
              40.40099
            ],
            [
              41.24306,
              40.41622
            ],
            [
              41.24388,
              40.43144
            ],
            [
              41.2447,
              40.44667
            ],
            [
              41.24553,
              40.46189
            ],
            [
              41.23639,
              40.47001
            ],
            [
              41.22725,
              40.47812
            ],
            [
              41.22807,
              40.49335
            ],
            [
              41.21894,
              40.50146
            ],
            [
              41.2098,
              40.50957
            ],
            [
              41.21062,
              40.5248
            ],
            [
              41.21144,
              40.54002
            ],
            [
              41.20231,
              40.54813
            ],
            [
              41.19317,
              40.55625
            ],
            [
              41.18403,
              40.56436
            ],
            [
              41.17489,
              40.57247
            ],
            [
              41.16576,
              40.58058
            ],
            [
              41.15662,
              40.58869
            ],
            [
              41.14748,
              40.59681
            ],
            [
              41.13834,
              40.60492
            ],
            [
              41.12921,
              40.61303
            ],
            [
              41.12007,
              40.62114
            ],
            [
              41.12089,
              40.63637
            ],
            [
              41.12171,
              40.6516
            ],
            [
              41.13167,
              40.65871
            ],
            [
              41.14163,
              40.66582
            ],
            [
              41.14245,
              40.68105
            ],
            [
              41.15241,
              40.68816
            ],
            [
              41.16237,
              40.69528
            ],
            [
              41.16319,
              40.7105
            ],
            [
              41.16402,
              40.72573
            ],
            [
              41.16484,
              40.74096
            ],
            [
              41.1748,
              40.74807
            ],
            [
              41.18476,
              40.75518
            ],
            [
              41.18558,
              40.77041
            ],
            [
              41.1864,
              40.78563
            ],
            [
              41.18722,
              40.80086
            ],
            [
              41.18804,
              40.81609
            ],
            [
              41.17891,
              40.8242
            ],
            [
              41.16977,
              40.83231
            ],
            [
              41.17059,
              40.84754
            ],
            [
              41.16145,
              40.85565
            ],
            [
              41.15232,
              40.86376
            ],
            [
              41.14318,
              40.87187
            ],
            [
              41.13404,
              40.87999
            ],
            [
              41.1249,
              40.8881
            ],
            [
              41.11577,
              40.89621
            ],
            [
              41.10663,
              40.90432
            ],
            [
              41.09749,
              40.91244
            ],
            [
              41.09831,
              40.92766
            ],
            [
              41.09914,
              40.94289
            ],
            [
              41.09,
              40.951
            ],
            [
              41.08086,
              40.95911
            ],
            [
              41.08168,
              40.97434
            ],
            [
              41.07255,
              40.98245
            ],
            [
              41.06341,
              40.99056
            ],
            [
              41.05427,
              40.99867
            ],
            [
              41.04513,
              41.00679
            ],
            [
              41.04596,
              41.02201
            ],
            [
              41.05591,
              41.02913
            ],
            [
              41.06587,
              41.03624
            ],
            [
              41.07583,
              41.04335
            ],
            [
              41.08579,
              41.05047
            ],
            [
              41.09575,
              41.05758
            ],
            [
              41.10571,
              41.0647
            ],
            [
              41.11567,
              41.07181
            ],
            [
              41.12563,
              41.07892
            ],
            [
              41.13559,
              41.08604
            ],
            [
              41.14555,
              41.09315
            ],
            [
              41.15551,
              41.10026
            ],
            [
              41.16547,
              41.10738
            ],
            [
              41.17543,
              41.11449
            ],
            [
              41.18539,
              41.12161
            ],
            [
              41.19535,
              41.12872
            ],
            [
              41.2053,
              41.13583
            ],
            [
              41.21526,
              41.14295
            ],
            [
              41.22522,
              41.15006
            ],
            [
              41.23518,
              41.15718
            ],
            [
              41.24514,
              41.16429
            ],
            [
              41.24596,
              41.17952
            ],
            [
              41.25592,
              41.18663
            ],
            [
              41.26588,
              41.19374
            ],
            [
              41.27584,
              41.20086
            ],
            [
              41.2858,
              41.20797
            ],
            [
              41.29576,
              41.21508
            ],
            [
              41.30572,
              41.2222
            ],
            [
              41.31568,
              41.22931
            ],
            [
              41.32564,
              41.23643
            ],
            [
              41.3356,
              41.24354
            ],
            [
              41.34556,
              41.25065
            ],
            [
              41.35552,
              41.25777
            ],
            [
              41.36548,
              41.26488
            ],
            [
              41.37544,
              41.27199
            ],
            [
              41.38539,
              41.27911
            ],
            [
              41.39535,
              41.28622
            ],
            [
              41.40531,
              41.29334
            ],
            [
              41.41527,
              41.30045
            ],
            [
              41.42523,
              41.30756
            ],
            [
              41.43519,
              41.31468
            ],
            [
              41.44515,
              41.32179
            ],
            [
              41.45511,
              41.32891
            ],
            [
              41.46507,
              41.33602
            ],
            [
              41.47503,
              41.34313
            ],
            [
              41.48499,
              41.35025
            ],
            [
              41.49495,
              41.35736
            ],
            [
              41.50491,
              41.36447
            ],
            [
              41.51487,
              41.37159
            ],
            [
              41.52483,
              41.3787
            ],
            [
              41.53479,
              41.38582
            ]
          ]
        ]
      }
    },
    {
      "type": "Feature",
      "properties": {
        "id": "upper-armenia",
        "metrics": {
          "areaKm2": 26895,
          "perimeterKm": 866,
          "eastWestKm": 294,
          "northSouthKm": 176,
          "centroid": [
            39.93993,
            40.18176
          ],
          "sharePercent": 8.5
        }
      },
      "geometry": {
        "type": "Polygon",
        "coordinates": [
          [
            [
              40.9978,
              41.0169
            ],
            [
              41.0169,
              41.0159
            ],
            [
              41.036,
              41.0149
            ],
            [
              41.04513,
              41.00679
            ],
            [
              41.05427,
              40.99867
            ],
            [
              41.06341,
              40.99056
            ],
            [
              41.07255,
              40.98245
            ],
            [
              41.08168,
              40.97434
            ],
            [
              41.08086,
              40.95911
            ],
            [
              41.09,
              40.951
            ],
            [
              41.09914,
              40.94289
            ],
            [
              41.09831,
              40.92766
            ],
            [
              41.09749,
              40.91244
            ],
            [
              41.10663,
              40.90432
            ],
            [
              41.11577,
              40.89621
            ],
            [
              41.1249,
              40.8881
            ],
            [
              41.13404,
              40.87999
            ],
            [
              41.14318,
              40.87187
            ],
            [
              41.15232,
              40.86376
            ],
            [
              41.16145,
              40.85565
            ],
            [
              41.17059,
              40.84754
            ],
            [
              41.16977,
              40.83231
            ],
            [
              41.17891,
              40.8242
            ],
            [
              41.18804,
              40.81609
            ],
            [
              41.18722,
              40.80086
            ],
            [
              41.1864,
              40.78563
            ],
            [
              41.18558,
              40.77041
            ],
            [
              41.18476,
              40.75518
            ],
            [
              41.1748,
              40.74807
            ],
            [
              41.16484,
              40.74096
            ],
            [
              41.16402,
              40.72573
            ],
            [
              41.16319,
              40.7105
            ],
            [
              41.16237,
              40.69528
            ],
            [
              41.15241,
              40.68816
            ],
            [
              41.14245,
              40.68105
            ],
            [
              41.14163,
              40.66582
            ],
            [
              41.13167,
              40.65871
            ],
            [
              41.12171,
              40.6516
            ],
            [
              41.12089,
              40.63637
            ],
            [
              41.12007,
              40.62114
            ],
            [
              41.12921,
              40.61303
            ],
            [
              41.13834,
              40.60492
            ],
            [
              41.14748,
              40.59681
            ],
            [
              41.15662,
              40.58869
            ],
            [
              41.16576,
              40.58058
            ],
            [
              41.17489,
              40.57247
            ],
            [
              41.18403,
              40.56436
            ],
            [
              41.19317,
              40.55625
            ],
            [
              41.20231,
              40.54813
            ],
            [
              41.21144,
              40.54002
            ],
            [
              41.21062,
              40.5248
            ],
            [
              41.2098,
              40.50957
            ],
            [
              41.21894,
              40.50146
            ],
            [
              41.22807,
              40.49335
            ],
            [
              41.22725,
              40.47812
            ],
            [
              41.23639,
              40.47001
            ],
            [
              41.24553,
              40.46189
            ],
            [
              41.2447,
              40.44667
            ],
            [
              41.24388,
              40.43144
            ],
            [
              41.24306,
              40.41622
            ],
            [
              41.24224,
              40.40099
            ],
            [
              41.25138,
              40.39288
            ],
            [
              41.26051,
              40.38477
            ],
            [
              41.26965,
              40.37665
            ],
            [
              41.28875,
              40.37566
            ],
            [
              41.30784,
              40.37466
            ],
            [
              41.32694,
              40.37366
            ],
            [
              41.3369,
              40.38077
            ],
            [
              41.34686,
              40.38789
            ],
            [
              41.36596,
              40.38689
            ],
            [
              41.38505,
              40.38589
            ],
            [
              41.40415,
              40.38489
            ],
            [
              41.42325,
              40.38389
            ],
            [
              41.43321,
              40.39101
            ],
            [
              41.44317,
              40.39812
            ],
            [
              41.46226,
              40.39712
            ],
            [
              41.48136,
              40.39612
            ],
            [
              41.49132,
              40.40324
            ],
            [
              41.50128,
              40.41035
            ],
            [
              41.52037,
              40.40935
            ],
            [
              41.53947,
              40.40835
            ],
            [
              41.54861,
              40.40024
            ],
            [
              41.55775,
              40.39213
            ],
            [
              41.57684,
              40.39113
            ],
            [
              41.58598,
              40.38302
            ],
            [
              41.59512,
              40.37491
            ],
            [
              41.60425,
              40.3668
            ],
            [
              41.60343,
              40.35157
            ],
            [
              41.60261,
              40.33634
            ],
            [
              41.59265,
              40.32923
            ],
            [
              41.58269,
              40.32212
            ],
            [
              41.57273,
              40.315
            ],
            [
              41.55364,
              40.316
            ],
            [
              41.54368,
              40.30889
            ],
            [
              41.53372,
              40.30177
            ],
            [
              41.51462,
              40.30277
            ],
            [
              41.50466,
              40.29566
            ],
            [
              41.4947,
              40.28854
            ],
            [
              41.47561,
              40.28954
            ],
            [
              41.45651,
              40.29054
            ],
            [
              41.44655,
              40.28343
            ],
            [
              41.43659,
              40.27631
            ],
            [
              41.41749,
              40.27731
            ],
            [
              41.40753,
              40.2702
            ],
            [
              41.39757,
              40.26308
            ],
            [
              41.38762,
              40.25597
            ],
            [
              41.38679,
              40.24074
            ],
            [
              41.37683,
              40.23363
            ],
            [
              41.36687,
              40.22652
            ],
            [
              41.36605,
              40.21129
            ],
            [
              41.36523,
              40.19606
            ],
            [
              41.35527,
              40.18895
            ],
            [
              41.34531,
              40.18184
            ],
            [
              41.34449,
              40.16661
            ],
            [
              41.34367,
              40.15138
            ],
            [
              41.34285,
              40.13616
            ],
            [
              41.34202,
              40.12093
            ],
            [
              41.33206,
              40.11382
            ],
            [
              41.32211,
              40.1067
            ],
            [
              41.31215,
              40.09959
            ],
            [
              41.30219,
              40.09248
            ],
            [
              41.30136,
              40.07725
            ],
            [
              41.30054,
              40.06202
            ],
            [
              41.29972,
              40.0468
            ],
            [
              41.28976,
              40.03968
            ],
            [
              41.2798,
              40.03257
            ],
            [
              41.26984,
              40.02546
            ],
            [
              41.25988,
              40.01834
            ],
            [
              41.24992,
              40.01123
            ],
            [
              41.23996,
              40.00412
            ],
            [
              41.23914,
              39.98889
            ],
            [
              41.22918,
              39.98178
            ],
            [
              41.21922,
              39.97466
            ],
            [
              41.20926,
              39.96755
            ],
            [
              41.19931,
              39.96043
            ],
            [
              41.19848,
              39.94521
            ],
            [
              41.19766,
              39.92998
            ],
            [
              41.19684,
              39.91476
            ],
            [
              41.19602,
              39.89953
            ],
            [
              41.18606,
              39.89242
            ],
            [
              41.1761,
              39.8853
            ],
            [
              41.16614,
              39.87819
            ],
            [
              41.15618,
              39.87107
            ],
            [
              41.14622,
              39.86396
            ],
            [
              41.13626,
              39.85685
            ],
            [
              41.1263,
              39.84973
            ],
            [
              41.11634,
              39.84262
            ],
            [
              41.11552,
              39.82739
            ],
            [
              41.10556,
              39.82028
            ],
            [
              41.0956,
              39.81317
            ],
            [
              41.08564,
              39.80605
            ],
            [
              41.07568,
              39.79894
            ],
            [
              41.06572,
              39.79182
            ],
            [
              41.05576,
              39.78471
            ],
            [
              41.04581,
              39.7776
            ],
            [
              41.03585,
              39.77048
            ],
            [
              41.03502,
              39.75526
            ],
            [
              41.02506,
              39.74814
            ],
            [
              41.01511,
              39.74103
            ],
            [
              41.01428,
              39.7258
            ],
            [
              41.00432,
              39.71869
            ],
            [
              40.99436,
              39.71158
            ],
            [
              40.99354,
              39.69635
            ],
            [
              40.98358,
              39.68924
            ],
            [
              40.96449,
              39.69023
            ],
            [
              40.94539,
              39.69123
            ],
            [
              40.92629,
              39.69223
            ],
            [
              40.9072,
              39.69323
            ],
            [
              40.8881,
              39.69423
            ],
            [
              40.869,
              39.69523
            ],
            [
              40.84991,
              39.69622
            ],
            [
              40.83081,
              39.69722
            ],
            [
              40.82167,
              39.70533
            ],
            [
              40.81253,
              39.71345
            ],
            [
              40.8034,
              39.72156
            ],
            [
              40.80422,
              39.73679
            ],
            [
              40.79508,
              39.7449
            ],
            [
              40.77598,
              39.7459
            ],
            [
              40.75689,
              39.74689
            ],
            [
              40.73779,
              39.74789
            ],
            [
              40.72865,
              39.756
            ],
            [
              40.71952,
              39.76412
            ],
            [
              40.70042,
              39.76512
            ],
            [
              40.68132,
              39.76611
            ],
            [
              40.66223,
              39.76711
            ],
            [
              40.64313,
              39.76811
            ],
            [
              40.62403,
              39.76911
            ],
            [
              40.60494,
              39.77011
            ],
            [
              40.58584,
              39.77111
            ],
            [
              40.56674,
              39.7721
            ],
            [
              40.54765,
              39.7731
            ],
            [
              40.52855,
              39.7741
            ],
            [
              40.50945,
              39.7751
            ],
            [
              40.49036,
              39.7761
            ],
            [
              40.47126,
              39.7771
            ],
            [
              40.45216,
              39.77809
            ],
            [
              40.43307,
              39.77909
            ],
            [
              40.41397,
              39.78009
            ],
            [
              40.39487,
              39.78109
            ],
            [
              40.37578,
              39.78209
            ],
            [
              40.35668,
              39.78309
            ],
            [
              40.33758,
              39.78408
            ],
            [
              40.31848,
              39.78508
            ],
            [
              40.29939,
              39.78608
            ],
            [
              40.28029,
              39.78708
            ],
            [
              40.26119,
              39.78808
            ],
            [
              40.2421,
              39.78908
            ],
            [
              40.223,
              39.79008
            ],
            [
              40.2039,
              39.79107
            ],
            [
              40.19477,
              39.79919
            ],
            [
              40.18563,
              39.8073
            ],
            [
              40.16653,
              39.8083
            ],
            [
              40.14744,
              39.80929
            ],
            [
              40.12834,
              39.81029
            ],
            [
              40.10924,
              39.81129
            ],
            [
              40.09928,
              39.80418
            ],
            [
              40.08932,
              39.79706
            ],
            [
              40.07936,
              39.78995
            ],
            [
              40.0694,
              39.78284
            ],
            [
              40.05031,
              39.78383
            ],
            [
              40.03121,
              39.78483
            ],
            [
              40.02125,
              39.77772
            ],
            [
              40.01129,
              39.77061
            ],
            [
              39.9922,
              39.7716
            ],
            [
              39.98224,
              39.76449
            ],
            [
              39.97228,
              39.75738
            ],
            [
              39.96232,
              39.75026
            ],
            [
              39.95236,
              39.74315
            ],
            [
              39.93326,
              39.74415
            ],
            [
              39.91417,
              39.74515
            ],
            [
              39.90421,
              39.73803
            ],
            [
              39.89425,
              39.73092
            ],
            [
              39.87515,
              39.73192
            ],
            [
              39.86519,
              39.7248
            ],
            [
              39.85523,
              39.71769
            ],
            [
              39.84527,
              39.71057
            ],
            [
              39.83531,
              39.70346
            ],
            [
              39.82535,
              39.69635
            ],
            [
              39.82453,
              39.68112
            ],
            [
              39.82371,
              39.66589
            ],
            [
              39.81375,
              39.65878
            ],
            [
              39.80379,
              39.65167
            ],
            [
              39.80297,
              39.63644
            ],
            [
              39.80215,
              39.62122
            ],
            [
              39.80132,
              39.60599
            ],
            [
              39.8005,
              39.59076
            ],
            [
              39.79054,
              39.58365
            ],
            [
              39.78058,
              39.57654
            ],
            [
              39.77976,
              39.56131
            ],
            [
              39.77894,
              39.54608
            ],
            [
              39.76898,
              39.53897
            ],
            [
              39.75902,
              39.53186
            ],
            [
              39.74906,
              39.52474
            ],
            [
              39.72997,
              39.52574
            ],
            [
              39.72001,
              39.51863
            ],
            [
              39.71005,
              39.51151
            ],
            [
              39.69095,
              39.51251
            ],
            [
              39.67185,
              39.51351
            ],
            [
              39.65276,
              39.51451
            ],
            [
              39.6428,
              39.50739
            ],
            [
              39.63284,
              39.50028
            ],
            [
              39.62288,
              39.49317
            ],
            [
              39.61292,
              39.48605
            ],
            [
              39.60296,
              39.47894
            ],
            [
              39.593,
              39.47183
            ],
            [
              39.5739,
              39.47282
            ],
            [
              39.56394,
              39.46571
            ],
            [
              39.55398,
              39.4586
            ],
            [
              39.53489,
              39.45959
            ],
            [
              39.51579,
              39.46059
            ],
            [
              39.50583,
              39.45348
            ],
            [
              39.49587,
              39.44636
            ],
            [
              39.47678,
              39.44736
            ],
            [
              39.45768,
              39.44836
            ],
            [
              39.44772,
              39.44125
            ],
            [
              39.43776,
              39.43413
            ],
            [
              39.41866,
              39.43513
            ],
            [
              39.39957,
              39.43613
            ],
            [
              39.38047,
              39.43713
            ],
            [
              39.36137,
              39.43813
            ],
            [
              39.35224,
              39.44624
            ],
            [
              39.3431,
              39.45435
            ],
            [
              39.33396,
              39.46246
            ],
            [
              39.32482,
              39.47058
            ],
            [
              39.30573,
              39.47157
            ],
            [
              39.29659,
              39.47969
            ],
            [
              39.28745,
              39.4878
            ],
            [
              39.27831,
              39.49591
            ],
            [
              39.27914,
              39.51114
            ],
            [
              39.27,
              39.51925
            ],
            [
              39.26086,
              39.52736
            ],
            [
              39.26168,
              39.54259
            ],
            [
              39.25255,
              39.5507
            ],
            [
              39.24341,
              39.55881
            ],
            [
              39.23427,
              39.56692
            ],
            [
              39.22513,
              39.57504
            ],
            [
              39.216,
              39.58315
            ],
            [
              39.1969,
              39.58415
            ],
            [
              39.1778,
              39.58515
            ],
            [
              39.16867,
              39.59326
            ],
            [
              39.15953,
              39.60137
            ],
            [
              39.15039,
              39.60948
            ],
            [
              39.14125,
              39.61759
            ],
            [
              39.13212,
              39.62571
            ],
            [
              39.13294,
              39.64093
            ],
            [
              39.13376,
              39.65616
            ],
            [
              39.12462,
              39.66427
            ],
            [
              39.11549,
              39.67238
            ],
            [
              39.10635,
              39.6805
            ],
            [
              39.08725,
              39.68149
            ],
            [
              39.06815,
              39.68249
            ],
            [
              39.04906,
              39.68349
            ],
            [
              39.0391,
              39.67638
            ],
            [
              39.02914,
              39.66926
            ],
            [
              39.01918,
              39.66215
            ],
            [
              39.00922,
              39.65504
            ],
            [
              38.99926,
              39.64792
            ],
            [
              38.9893,
              39.64081
            ],
            [
              38.9702,
              39.64181
            ],
            [
              38.95111,
              39.6428
            ],
            [
              38.93201,
              39.6438
            ],
            [
              38.91291,
              39.6448
            ],
            [
              38.90378,
              39.65291
            ],
            [
              38.89464,
              39.66103
            ],
            [
              38.87554,
              39.66202
            ],
            [
              38.85645,
              39.66302
            ],
            [
              38.83735,
              39.66402
            ],
            [
              38.82821,
              39.67213
            ],
            [
              38.81907,
              39.68025
            ],
            [
              38.79998,
              39.68124
            ],
            [
              38.79084,
              39.68936
            ],
            [
              38.7817,
              39.69747
            ],
            [
              38.76261,
              39.69847
            ],
            [
              38.74351,
              39.69947
            ],
            [
              38.73437,
              39.70758
            ],
            [
              38.72523,
              39.71569
            ],
            [
              38.70614,
              39.71669
            ],
            [
              38.68704,
              39.71769
            ],
            [
              38.67708,
              39.71057
            ],
            [
              38.66712,
              39.70346
            ],
            [
              38.64803,
              39.70446
            ],
            [
              38.62893,
              39.70546
            ],
            [
              38.61979,
              39.71357
            ],
            [
              38.61065,
              39.72168
            ],
            [
              38.59156,
              39.72268
            ],
            [
              38.58242,
              39.73079
            ],
            [
              38.57328,
              39.7389
            ],
            [
              38.55419,
              39.7399
            ],
            [
              38.53509,
              39.7409
            ],
            [
              38.51599,
              39.7419
            ],
            [
              38.50685,
              39.75001
            ],
            [
              38.49772,
              39.75812
            ],
            [
              38.47862,
              39.75912
            ],
            [
              38.45952,
              39.76012
            ],
            [
              38.44043,
              39.76112
            ],
            [
              38.43047,
              39.754
            ],
            [
              38.42051,
              39.74689
            ],
            [
              38.41055,
              39.73978
            ],
            [
              38.40059,
              39.73266
            ],
            [
              38.39063,
              39.72555
            ],
            [
              38.38981,
              39.71032
            ],
            [
              38.37985,
              39.70321
            ],
            [
              38.36989,
              39.69609
            ],
            [
              38.35993,
              39.68898
            ],
            [
              38.34997,
              39.68187
            ],
            [
              38.34001,
              39.67475
            ],
            [
              38.33087,
              39.68287
            ],
            [
              38.32174,
              39.69098
            ],
            [
              38.3126,
              39.69909
            ],
            [
              38.30346,
              39.7072
            ],
            [
              38.29432,
              39.71531
            ],
            [
              38.28519,
              39.72343
            ],
            [
              38.27605,
              39.73154
            ],
            [
              38.26691,
              39.73965
            ],
            [
              38.25777,
              39.74776
            ],
            [
              38.24864,
              39.75588
            ],
            [
              38.2395,
              39.76399
            ],
            [
              38.23036,
              39.7721
            ],
            [
              38.22123,
              39.78021
            ],
            [
              38.22205,
              39.79544
            ],
            [
              38.21291,
              39.80355
            ],
            [
              38.20377,
              39.81166
            ],
            [
              38.19464,
              39.81977
            ],
            [
              38.1855,
              39.82789
            ],
            [
              38.17636,
              39.836
            ],
            [
              38.16722,
              39.84411
            ],
            [
              38.15809,
              39.85222
            ],
            [
              38.14895,
              39.86034
            ],
            [
              38.14977,
              39.87556
            ],
            [
              38.15973,
              39.88268
            ],
            [
              38.16969,
              39.88979
            ],
            [
              38.17965,
              39.8969
            ],
            [
              38.18961,
              39.90402
            ],
            [
              38.19957,
              39.91113
            ],
            [
              38.20953,
              39.91824
            ],
            [
              38.21949,
              39.92536
            ],
            [
              38.22944,
              39.93247
            ],
            [
              38.2394,
              39.93959
            ],
            [
              38.24936,
              39.9467
            ],
            [
              38.25932,
              39.95381
            ],
            [
              38.26928,
              39.96093
            ],
            [
              38.27924,
              39.96804
            ],
            [
              38.2892,
              39.97516
            ],
            [
              38.29002,
              39.99038
            ],
            [
              38.28089,
              39.99849
            ],
            [
              38.27175,
              40.00661
            ],
            [
              38.26261,
              40.01472
            ],
            [
              38.25347,
              40.02283
            ],
            [
              38.24434,
              40.03094
            ],
            [
              38.2352,
              40.03905
            ],
            [
              38.22606,
              40.04717
            ],
            [
              38.21692,
              40.05528
            ],
            [
              38.20779,
              40.06339
            ],
            [
              38.19865,
              40.0715
            ],
            [
              38.18951,
              40.07962
            ],
            [
              38.18037,
              40.08773
            ],
            [
              38.1812,
              40.10295
            ],
            [
              38.18202,
              40.11818
            ],
            [
              38.18284,
              40.13341
            ],
            [
              38.18366,
              40.14863
            ],
            [
              38.18448,
              40.16386
            ],
            [
              38.19444,
              40.17097
            ],
            [
              38.2044,
              40.17809
            ],
            [
              38.21436,
              40.1852
            ],
            [
              38.22432,
              40.19231
            ],
            [
              38.22514,
              40.20754
            ],
            [
              38.2351,
              40.21465
            ],
            [
              38.24506,
              40.22177
            ],
            [
              38.25502,
              40.22888
            ],
            [
              38.26498,
              40.23599
            ],
            [
              38.27494,
              40.24311
            ],
            [
              38.2849,
              40.25022
            ],
            [
              38.29486,
              40.25734
            ],
            [
              38.30482,
              40.26445
            ],
            [
              38.31478,
              40.27156
            ],
            [
              38.32474,
              40.27868
            ],
            [
              38.3347,
              40.28579
            ],
            [
              38.34466,
              40.29291
            ],
            [
              38.35461,
              40.30002
            ],
            [
              38.36457,
              40.30713
            ],
            [
              38.37453,
              40.31425
            ],
            [
              38.39363,
              40.31325
            ],
            [
              38.40359,
              40.32036
            ],
            [
              38.41355,
              40.32748
            ],
            [
              38.42351,
              40.33459
            ],
            [
              38.43347,
              40.3417
            ],
            [
              38.45256,
              40.34071
            ],
            [
              38.46252,
              40.34782
            ],
            [
              38.47248,
              40.35493
            ],
            [
              38.49158,
              40.35393
            ],
            [
              38.51068,
              40.35294
            ],
            [
              38.52977,
              40.35194
            ],
            [
              38.54887,
              40.35094
            ],
            [
              38.56797,
              40.34994
            ],
            [
              38.58706,
              40.34894
            ],
            [
              38.60616,
              40.34794
            ],
            [
              38.62526,
              40.34695
            ],
            [
              38.63439,
              40.33883
            ],
            [
              38.64353,
              40.33072
            ],
            [
              38.65349,
              40.33784
            ],
            [
              38.66345,
              40.34495
            ],
            [
              38.68255,
              40.34395
            ],
            [
              38.70164,
              40.34295
            ],
            [
              38.72074,
              40.34195
            ],
            [
              38.7307,
              40.34907
            ],
            [
              38.74066,
              40.35618
            ],
            [
              38.75976,
              40.35518
            ],
            [
              38.77885,
              40.35418
            ],
            [
              38.79795,
              40.35319
            ],
            [
              38.81705,
              40.35219
            ],
            [
              38.83614,
              40.35119
            ],
            [
              38.85524,
              40.35019
            ],
            [
              38.87434,
              40.34919
            ],
            [
              38.89343,
              40.34819
            ],
            [
              38.90339,
              40.35531
            ],
            [
              38.91335,
              40.36242
            ],
            [
              38.93245,
              40.36142
            ],
            [
              38.94241,
              40.36854
            ],
            [
              38.95237,
              40.37565
            ],
            [
              38.96233,
              40.38276
            ],
            [
              38.97229,
              40.38988
            ],
            [
              38.99138,
              40.38888
            ],
            [
              39.01048,
              40.38788
            ],
            [
              39.02958,
              40.38688
            ],
            [
              39.04867,
              40.38589
            ],
            [
              39.05863,
              40.393
            ],
            [
              39.06859,
              40.40011
            ],
            [
              39.08769,
              40.39911
            ],
            [
              39.09683,
              40.391
            ],
            [
              39.10596,
              40.38289
            ],
            [
              39.12506,
              40.38189
            ],
            [
              39.14416,
              40.38089
            ],
            [
              39.15329,
              40.37278
            ],
            [
              39.16243,
              40.36467
            ],
            [
              39.18153,
              40.36367
            ],
            [
              39.20063,
              40.36267
            ],
            [
              39.20976,
              40.35456
            ],
            [
              39.2189,
              40.34645
            ],
            [
              39.238,
              40.34545
            ],
            [
              39.24713,
              40.33734
            ],
            [
              39.25627,
              40.32922
            ],
            [
              39.27537,
              40.32823
            ],
            [
              39.29447,
              40.32723
            ],
            [
              39.3036,
              40.31912
            ],
            [
              39.31274,
              40.311
            ],
            [
              39.33184,
              40.31001
            ],
            [
              39.3418,
              40.31712
            ],
            [
              39.35176,
              40.32423
            ],
            [
              39.36171,
              40.33135
            ],
            [
              39.37167,
              40.33846
            ],
            [
              39.38163,
              40.34557
            ],
            [
              39.39159,
              40.35269
            ],
            [
              39.40155,
              40.3598
            ],
            [
              39.41151,
              40.36692
            ],
            [
              39.42147,
              40.37403
            ],
            [
              39.43143,
              40.38114
            ],
            [
              39.44139,
              40.38826
            ],
            [
              39.45135,
              40.39537
            ],
            [
              39.46131,
              40.40248
            ],
            [
              39.47127,
              40.4096
            ],
            [
              39.48123,
              40.41671
            ],
            [
              39.49119,
              40.42383
            ],
            [
              39.50115,
              40.43094
            ],
            [
              39.51111,
              40.43805
            ],
            [
              39.52106,
              40.44517
            ],
            [
              39.53102,
              40.45228
            ],
            [
              39.54098,
              40.4594
            ],
            [
              39.55094,
              40.46651
            ],
            [
              39.5609,
              40.47362
            ],
            [
              39.57086,
              40.48074
            ],
            [
              39.58082,
              40.48785
            ],
            [
              39.59078,
              40.49496
            ],
            [
              39.60074,
              40.50208
            ],
            [
              39.6107,
              40.50919
            ],
            [
              39.62066,
              40.51631
            ],
            [
              39.63062,
              40.52342
            ],
            [
              39.64058,
              40.53053
            ],
            [
              39.65054,
              40.53765
            ],
            [
              39.6605,
              40.54476
            ],
            [
              39.67045,
              40.55188
            ],
            [
              39.68041,
              40.55899
            ],
            [
              39.69037,
              40.5661
            ],
            [
              39.70033,
              40.57322
            ],
            [
              39.71029,
              40.58033
            ],
            [
              39.72025,
              40.58744
            ],
            [
              39.73021,
              40.59456
            ],
            [
              39.74017,
              40.60167
            ],
            [
              39.75013,
              40.60879
            ],
            [
              39.76009,
              40.6159
            ],
            [
              39.77005,
              40.62301
            ],
            [
              39.78001,
              40.63013
            ],
            [
              39.78997,
              40.63724
            ],
            [
              39.79993,
              40.64435
            ],
            [
              39.80989,
              40.65147
            ],
            [
              39.81984,
              40.65858
            ],
            [
              39.8298,
              40.6657
            ],
            [
              39.83976,
              40.67281
            ],
            [
              39.84972,
              40.67992
            ],
            [
              39.85968,
              40.68704
            ],
            [
              39.8605,
              40.70226
            ],
            [
              39.87046,
              40.70938
            ],
            [
              39.88042,
              40.71649
            ],
            [
              39.89038,
              40.72361
            ],
            [
              39.90034,
              40.73072
            ],
            [
              39.9103,
              40.73783
            ],
            [
              39.92026,
              40.74495
            ],
            [
              39.93022,
              40.75206
            ],
            [
              39.94018,
              40.75917
            ],
            [
              39.95014,
              40.76629
            ],
            [
              39.9601,
              40.7734
            ],
            [
              39.97006,
              40.78052
            ],
            [
              39.98002,
              40.78763
            ],
            [
              39.98998,
              40.79474
            ],
            [
              39.99994,
              40.80186
            ],
            [
              40.00989,
              40.80897
            ],
            [
              40.01985,
              40.81608
            ],
            [
              40.02981,
              40.8232
            ],
            [
              40.04891,
              40.8222
            ],
            [
              40.05887,
              40.82931
            ],
            [
              40.06883,
              40.83643
            ],
            [
              40.07879,
              40.84354
            ],
            [
              40.08875,
              40.85066
            ],
            [
              40.10784,
              40.84966
            ],
            [
              40.1178,
              40.85677
            ],
            [
              40.12776,
              40.86388
            ],
            [
              40.14686,
              40.86289
            ],
            [
              40.15682,
              40.87
            ],
            [
              40.16678,
              40.87711
            ],
            [
              40.18588,
              40.87612
            ],
            [
              40.20497,
              40.87512
            ],
            [
              40.22407,
              40.87412
            ],
            [
              40.24317,
              40.87312
            ],
            [
              40.26226,
              40.87212
            ],
            [
              40.28136,
              40.87112
            ],
            [
              40.30046,
              40.87013
            ],
            [
              40.31955,
              40.86913
            ],
            [
              40.33865,
              40.86813
            ],
            [
              40.35775,
              40.86713
            ],
            [
              40.37684,
              40.86613
            ],
            [
              40.39594,
              40.86513
            ],
            [
              40.41504,
              40.86413
            ],
            [
              40.43413,
              40.86314
            ],
            [
              40.45323,
              40.86214
            ],
            [
              40.47233,
              40.86114
            ],
            [
              40.49142,
              40.86014
            ],
            [
              40.50138,
              40.86726
            ],
            [
              40.51134,
              40.87437
            ],
            [
              40.53044,
              40.87337
            ],
            [
              40.54954,
              40.87237
            ],
            [
              40.55949,
              40.87949
            ],
            [
              40.56945,
              40.8866
            ],
            [
              40.58855,
              40.8856
            ],
            [
              40.59851,
              40.89272
            ],
            [
              40.60847,
              40.89983
            ],
            [
              40.61843,
              40.90694
            ],
            [
              40.62839,
              40.91406
            ],
            [
              40.64749,
              40.91306
            ],
            [
              40.66658,
              40.91206
            ],
            [
              40.67654,
              40.91917
            ],
            [
              40.6865,
              40.92629
            ],
            [
              40.7056,
              40.92529
            ],
            [
              40.71556,
              40.9324
            ],
            [
              40.72552,
              40.93952
            ],
            [
              40.74461,
              40.93852
            ],
            [
              40.76371,
              40.93752
            ],
            [
              40.77367,
              40.94463
            ],
            [
              40.78363,
              40.95175
            ],
            [
              40.80272,
              40.95075
            ],
            [
              40.81268,
              40.95786
            ],
            [
              40.82264,
              40.96498
            ],
            [
              40.84174,
              40.96398
            ],
            [
              40.8517,
              40.97109
            ],
            [
              40.86166,
              40.97821
            ],
            [
              40.88076,
              40.97721
            ],
            [
              40.89072,
              40.98432
            ],
            [
              40.90067,
              40.99144
            ],
            [
              40.91977,
              40.99044
            ],
            [
              40.92973,
              40.99755
            ],
            [
              40.93969,
              41.00466
            ],
            [
              40.95879,
              41.00367
            ],
            [
              40.97788,
              41.00267
            ],
            [
              40.98784,
              41.00978
            ],
            [
              40.9978,
              41.0169
            ]
          ]
        ]
      }
    },
    {
      "type": "Feature",
      "properties": {
        "id": "ayrarat",
        "metrics": {
          "areaKm2": 44739,
          "perimeterKm": 1119,
          "eastWestKm": 350,
          "northSouthKm": 218,
          "centroid": [
            43.64159,
            40.27251
          ],
          "sharePercent": 14.1
        }
      },
      "geometry": {
        "type": "Polygon",
        "coordinates": [
          [
            [
              43.3689,
              41.3052
            ],
            [
              43.38799,
              41.3042
            ],
            [
              43.40709,
              41.3032
            ],
            [
              43.42619,
              41.3022
            ],
            [
              43.44528,
              41.3012
            ],
            [
              43.46438,
              41.3002
            ],
            [
              43.48348,
              41.29921
            ],
            [
              43.50257,
              41.29821
            ],
            [
              43.52167,
              41.29721
            ],
            [
              43.54077,
              41.29621
            ],
            [
              43.5499,
              41.2881
            ],
            [
              43.55904,
              41.27999
            ],
            [
              43.56818,
              41.27187
            ],
            [
              43.56736,
              41.25665
            ],
            [
              43.57649,
              41.24854
            ],
            [
              43.58563,
              41.24042
            ],
            [
              43.59477,
              41.23231
            ],
            [
              43.60391,
              41.2242
            ],
            [
              43.61304,
              41.21609
            ],
            [
              43.63214,
              41.21509
            ],
            [
              43.65124,
              41.21409
            ],
            [
              43.67033,
              41.21309
            ],
            [
              43.68943,
              41.21209
            ],
            [
              43.70853,
              41.2111
            ],
            [
              43.72762,
              41.2101
            ],
            [
              43.74672,
              41.2091
            ],
            [
              43.76582,
              41.2081
            ],
            [
              43.78491,
              41.2071
            ],
            [
              43.80401,
              41.2061
            ],
            [
              43.82311,
              41.2051
            ],
            [
              43.83307,
              41.21222
            ],
            [
              43.84303,
              41.21933
            ],
            [
              43.85299,
              41.22645
            ],
            [
              43.86295,
              41.23356
            ],
            [
              43.88204,
              41.23256
            ],
            [
              43.90114,
              41.23156
            ],
            [
              43.9111,
              41.23868
            ],
            [
              43.92106,
              41.24579
            ],
            [
              43.94015,
              41.24479
            ],
            [
              43.95925,
              41.24379
            ],
            [
              43.97835,
              41.2428
            ],
            [
              43.99744,
              41.2418
            ],
            [
              44.00658,
              41.23369
            ],
            [
              44.00576,
              41.21846
            ],
            [
              44.0149,
              41.21035
            ],
            [
              44.02404,
              41.20223
            ],
            [
              44.02321,
              41.18701
            ],
            [
              44.02239,
              41.17178
            ],
            [
              44.02157,
              41.15656
            ],
            [
              44.02075,
              41.14133
            ],
            [
              44.01993,
              41.1261
            ],
            [
              44.0191,
              41.11088
            ],
            [
              44.02824,
              41.10277
            ],
            [
              44.03738,
              41.09465
            ],
            [
              44.04652,
              41.08654
            ],
            [
              44.05565,
              41.07843
            ],
            [
              44.06479,
              41.07032
            ],
            [
              44.08389,
              41.06932
            ],
            [
              44.10298,
              41.06832
            ],
            [
              44.12208,
              41.06732
            ],
            [
              44.14118,
              41.06632
            ],
            [
              44.15031,
              41.05821
            ],
            [
              44.15945,
              41.0501
            ],
            [
              44.17855,
              41.0491
            ],
            [
              44.19765,
              41.0481
            ],
            [
              44.21674,
              41.0471
            ],
            [
              44.23584,
              41.04611
            ],
            [
              44.25494,
              41.04511
            ],
            [
              44.27403,
              41.04411
            ],
            [
              44.29313,
              41.04311
            ],
            [
              44.31223,
              41.04211
            ],
            [
              44.33132,
              41.04111
            ],
            [
              44.34046,
              41.033
            ],
            [
              44.3496,
              41.02489
            ],
            [
              44.36869,
              41.02389
            ],
            [
              44.38779,
              41.02289
            ],
            [
              44.40689,
              41.02189
            ],
            [
              44.41603,
              41.01378
            ],
            [
              44.42516,
              41.00567
            ],
            [
              44.44426,
              41.00467
            ],
            [
              44.4534,
              40.99656
            ],
            [
              44.46253,
              40.98845
            ],
            [
              44.48163,
              40.98745
            ],
            [
              44.49077,
              40.97934
            ],
            [
              44.49991,
              40.97122
            ],
            [
              44.50904,
              40.96311
            ],
            [
              44.51818,
              40.955
            ],
            [
              44.53728,
              40.954
            ],
            [
              44.54642,
              40.94589
            ],
            [
              44.55555,
              40.93778
            ],
            [
              44.57465,
              40.93678
            ],
            [
              44.58379,
              40.92867
            ],
            [
              44.59292,
              40.92055
            ],
            [
              44.61202,
              40.91956
            ],
            [
              44.62116,
              40.91144
            ],
            [
              44.6303,
              40.90333
            ],
            [
              44.63943,
              40.89522
            ],
            [
              44.64857,
              40.88711
            ],
            [
              44.65771,
              40.87899
            ],
            [
              44.66685,
              40.87088
            ],
            [
              44.67598,
              40.86277
            ],
            [
              44.68512,
              40.85466
            ],
            [
              44.70422,
              40.85366
            ],
            [
              44.71335,
              40.84555
            ],
            [
              44.72249,
              40.83744
            ],
            [
              44.73245,
              40.84455
            ],
            [
              44.74241,
              40.85166
            ],
            [
              44.76151,
              40.85066
            ],
            [
              44.7806,
              40.84967
            ],
            [
              44.7997,
              40.84867
            ],
            [
              44.8188,
              40.84767
            ],
            [
              44.83789,
              40.84667
            ],
            [
              44.84785,
              40.85378
            ],
            [
              44.85781,
              40.8609
            ],
            [
              44.86777,
              40.86801
            ],
            [
              44.87773,
              40.87513
            ],
            [
              44.88769,
              40.88224
            ],
            [
              44.89765,
              40.88935
            ],
            [
              44.90761,
              40.89647
            ],
            [
              44.90843,
              40.91169
            ],
            [
              44.91839,
              40.91881
            ],
            [
              44.92835,
              40.92592
            ],
            [
              44.93831,
              40.93304
            ],
            [
              44.94827,
              40.94015
            ],
            [
              44.95823,
              40.94726
            ],
            [
              44.96819,
              40.95438
            ],
            [
              44.97815,
              40.96149
            ],
            [
              44.98811,
              40.9686
            ],
            [
              44.98893,
              40.98383
            ],
            [
              44.99889,
              40.99094
            ],
            [
              45.00885,
              40.99806
            ],
            [
              45.01881,
              41.00517
            ],
            [
              45.0379,
              41.00417
            ],
            [
              45.057,
              41.00317
            ],
            [
              45.0761,
              41.00218
            ],
            [
              45.09519,
              41.00118
            ],
            [
              45.11429,
              41.00018
            ],
            [
              45.13339,
              40.99918
            ],
            [
              45.15248,
              40.99818
            ],
            [
              45.17158,
              40.99718
            ],
            [
              45.19068,
              40.99619
            ],
            [
              45.20977,
              40.99519
            ],
            [
              45.21891,
              40.98708
            ],
            [
              45.22805,
              40.97896
            ],
            [
              45.24715,
              40.97797
            ],
            [
              45.25628,
              40.96985
            ],
            [
              45.26542,
              40.96174
            ],
            [
              45.27456,
              40.95363
            ],
            [
              45.2837,
              40.94552
            ],
            [
              45.29283,
              40.9374
            ],
            [
              45.30197,
              40.92929
            ],
            [
              45.32107,
              40.92829
            ],
            [
              45.3302,
              40.92018
            ],
            [
              45.33934,
              40.91207
            ],
            [
              45.34848,
              40.90396
            ],
            [
              45.35762,
              40.89584
            ],
            [
              45.37671,
              40.89485
            ],
            [
              45.38585,
              40.88673
            ],
            [
              45.39499,
              40.87862
            ],
            [
              45.40413,
              40.87051
            ],
            [
              45.4033,
              40.85528
            ],
            [
              45.41244,
              40.84717
            ],
            [
              45.42158,
              40.83906
            ],
            [
              45.42076,
              40.82383
            ],
            [
              45.41993,
              40.80861
            ],
            [
              45.41911,
              40.79338
            ],
            [
              45.41829,
              40.77815
            ],
            [
              45.41747,
              40.76293
            ],
            [
              45.41665,
              40.7477
            ],
            [
              45.41582,
              40.73248
            ],
            [
              45.415,
              40.71725
            ],
            [
              45.41418,
              40.70202
            ],
            [
              45.41336,
              40.6868
            ],
            [
              45.41254,
              40.67157
            ],
            [
              45.41171,
              40.65635
            ],
            [
              45.41089,
              40.64112
            ],
            [
              45.41007,
              40.62589
            ],
            [
              45.40925,
              40.61067
            ],
            [
              45.40843,
              40.59544
            ],
            [
              45.40761,
              40.58022
            ],
            [
              45.39765,
              40.5731
            ],
            [
              45.37855,
              40.5741
            ],
            [
              45.35945,
              40.5751
            ],
            [
              45.34949,
              40.56799
            ],
            [
              45.33953,
              40.56087
            ],
            [
              45.32044,
              40.56187
            ],
            [
              45.30134,
              40.56287
            ],
            [
              45.28224,
              40.56387
            ],
            [
              45.26315,
              40.56487
            ],
            [
              45.24405,
              40.56586
            ],
            [
              45.23491,
              40.57398
            ],
            [
              45.22578,
              40.58209
            ],
            [
              45.20668,
              40.58309
            ],
            [
              45.18758,
              40.58408
            ],
            [
              45.17844,
              40.5922
            ],
            [
              45.16931,
              40.60031
            ],
            [
              45.15021,
              40.60131
            ],
            [
              45.14025,
              40.59419
            ],
            [
              45.13029,
              40.58708
            ],
            [
              45.12033,
              40.57997
            ],
            [
              45.11037,
              40.57285
            ],
            [
              45.09128,
              40.57385
            ],
            [
              45.08132,
              40.56674
            ],
            [
              45.07136,
              40.55962
            ],
            [
              45.0614,
              40.55251
            ],
            [
              45.06058,
              40.53728
            ],
            [
              45.05975,
              40.52206
            ],
            [
              45.04979,
              40.51494
            ],
            [
              45.03984,
              40.50783
            ],
            [
              45.03901,
              40.4926
            ],
            [
              45.03819,
              40.47738
            ],
            [
              45.02823,
              40.47026
            ],
            [
              45.01827,
              40.46315
            ],
            [
              45.00831,
              40.45604
            ],
            [
              44.99835,
              40.44892
            ],
            [
              44.98839,
              40.44181
            ],
            [
              44.97844,
              40.43469
            ],
            [
              44.97761,
              40.41947
            ],
            [
              44.97679,
              40.40424
            ],
            [
              44.97597,
              40.38902
            ],
            [
              44.97515,
              40.37379
            ],
            [
              44.97433,
              40.35856
            ],
            [
              44.98346,
              40.35045
            ],
            [
              44.9926,
              40.34234
            ],
            [
              44.99178,
              40.32711
            ],
            [
              44.99096,
              40.31189
            ],
            [
              44.99013,
              40.29666
            ],
            [
              44.99927,
              40.28855
            ],
            [
              45.00841,
              40.28044
            ],
            [
              45.00759,
              40.26521
            ],
            [
              45.00677,
              40.24999
            ],
            [
              45.0159,
              40.24187
            ],
            [
              45.02504,
              40.23376
            ],
            [
              45.03418,
              40.22565
            ],
            [
              45.04332,
              40.21754
            ],
            [
              45.05245,
              40.20942
            ],
            [
              45.06159,
              40.20131
            ],
            [
              45.06077,
              40.18609
            ],
            [
              45.05995,
              40.17086
            ],
            [
              45.06908,
              40.16275
            ],
            [
              45.07822,
              40.15464
            ],
            [
              45.0774,
              40.13941
            ],
            [
              45.07658,
              40.12418
            ],
            [
              45.07575,
              40.10896
            ],
            [
              45.07493,
              40.09373
            ],
            [
              45.08407,
              40.08562
            ],
            [
              45.09321,
              40.07751
            ],
            [
              45.09239,
              40.06228
            ],
            [
              45.09156,
              40.04706
            ],
            [
              45.09074,
              40.03183
            ],
            [
              45.09988,
              40.02372
            ],
            [
              45.10902,
              40.0156
            ],
            [
              45.10819,
              40.00038
            ],
            [
              45.10737,
              39.98515
            ],
            [
              45.11651,
              39.97704
            ],
            [
              45.12565,
              39.96893
            ],
            [
              45.12483,
              39.9537
            ],
            [
              45.124,
              39.93848
            ],
            [
              45.12318,
              39.92325
            ],
            [
              45.12236,
              39.90802
            ],
            [
              45.12154,
              39.8928
            ],
            [
              45.12072,
              39.87757
            ],
            [
              45.11989,
              39.86235
            ],
            [
              45.11907,
              39.84712
            ],
            [
              45.11825,
              39.83189
            ],
            [
              45.11743,
              39.81667
            ],
            [
              45.11661,
              39.80144
            ],
            [
              45.11578,
              39.78622
            ],
            [
              45.11496,
              39.77099
            ],
            [
              45.11414,
              39.75576
            ],
            [
              45.11332,
              39.74054
            ],
            [
              45.12246,
              39.73243
            ],
            [
              45.13159,
              39.72431
            ],
            [
              45.14073,
              39.7162
            ],
            [
              45.14987,
              39.70809
            ],
            [
              45.14905,
              39.69286
            ],
            [
              45.14822,
              39.67764
            ],
            [
              45.13826,
              39.67052
            ],
            [
              45.12831,
              39.66341
            ],
            [
              45.11835,
              39.6563
            ],
            [
              45.10839,
              39.64918
            ],
            [
              45.10756,
              39.63396
            ],
            [
              45.10674,
              39.61873
            ],
            [
              45.10592,
              39.6035
            ],
            [
              45.1051,
              39.58828
            ],
            [
              45.10428,
              39.57305
            ],
            [
              45.10346,
              39.55783
            ],
            [
              45.10263,
              39.5426
            ],
            [
              45.11177,
              39.53449
            ],
            [
              45.12091,
              39.52637
            ],
            [
              45.12009,
              39.51115
            ],
            [
              45.11926,
              39.49592
            ],
            [
              45.11844,
              39.4807
            ],
            [
              45.11762,
              39.46547
            ],
            [
              45.1168,
              39.45024
            ],
            [
              45.11598,
              39.43502
            ],
            [
              45.11515,
              39.41979
            ],
            [
              45.1052,
              39.41268
            ],
            [
              45.09524,
              39.40556
            ],
            [
              45.09441,
              39.39034
            ],
            [
              45.08445,
              39.38323
            ],
            [
              45.06536,
              39.38422
            ],
            [
              45.0554,
              39.37711
            ],
            [
              45.04544,
              39.37
            ],
            [
              45.0363,
              39.37811
            ],
            [
              45.02716,
              39.38622
            ],
            [
              45.01803,
              39.39433
            ],
            [
              45.00889,
              39.40244
            ],
            [
              44.99975,
              39.41056
            ],
            [
              45.00057,
              39.42578
            ],
            [
              44.99144,
              39.4339
            ],
            [
              44.9823,
              39.44201
            ],
            [
              44.97316,
              39.45012
            ],
            [
              44.96402,
              39.45823
            ],
            [
              44.96485,
              39.47346
            ],
            [
              44.95571,
              39.48157
            ],
            [
              44.94657,
              39.48968
            ],
            [
              44.93743,
              39.49779
            ],
            [
              44.9283,
              39.50591
            ],
            [
              44.91916,
              39.51402
            ],
            [
              44.90006,
              39.51502
            ],
            [
              44.8901,
              39.5079
            ],
            [
              44.88014,
              39.50079
            ],
            [
              44.87018,
              39.49368
            ],
            [
              44.86936,
              39.47845
            ],
            [
              44.8594,
              39.47134
            ],
            [
              44.84031,
              39.47233
            ],
            [
              44.82121,
              39.47333
            ],
            [
              44.80211,
              39.47433
            ],
            [
              44.78302,
              39.47533
            ],
            [
              44.76392,
              39.47633
            ],
            [
              44.74482,
              39.47733
            ],
            [
              44.72573,
              39.47832
            ],
            [
              44.70663,
              39.47932
            ],
            [
              44.68753,
              39.48032
            ],
            [
              44.67839,
              39.48843
            ],
            [
              44.66926,
              39.49655
            ],
            [
              44.65016,
              39.49754
            ],
            [
              44.63106,
              39.49854
            ],
            [
              44.61197,
              39.49954
            ],
            [
              44.59287,
              39.50054
            ],
            [
              44.57377,
              39.50154
            ],
            [
              44.55468,
              39.50254
            ],
            [
              44.53558,
              39.50353
            ],
            [
              44.51648,
              39.50453
            ],
            [
              44.50652,
              39.49742
            ],
            [
              44.49656,
              39.49031
            ],
            [
              44.48661,
              39.48319
            ],
            [
              44.47665,
              39.47608
            ],
            [
              44.46669,
              39.46896
            ],
            [
              44.45673,
              39.46185
            ],
            [
              44.44677,
              39.45474
            ],
            [
              44.44595,
              39.43951
            ],
            [
              44.43599,
              39.4324
            ],
            [
              44.42603,
              39.42528
            ],
            [
              44.41607,
              39.41817
            ],
            [
              44.39697,
              39.41917
            ],
            [
              44.37787,
              39.42017
            ],
            [
              44.35878,
              39.42116
            ],
            [
              44.33968,
              39.42216
            ],
            [
              44.32058,
              39.42316
            ],
            [
              44.30149,
              39.42416
            ],
            [
              44.28239,
              39.42516
            ],
            [
              44.26329,
              39.42616
            ],
            [
              44.2442,
              39.42715
            ],
            [
              44.2251,
              39.42815
            ],
            [
              44.206,
              39.42915
            ],
            [
              44.18691,
              39.43015
            ],
            [
              44.16781,
              39.43115
            ],
            [
              44.14871,
              39.43215
            ],
            [
              44.12962,
              39.43314
            ],
            [
              44.12048,
              39.44126
            ],
            [
              44.11134,
              39.44937
            ],
            [
              44.09225,
              39.45037
            ],
            [
              44.07315,
              39.45137
            ],
            [
              44.05405,
              39.45236
            ],
            [
              44.03495,
              39.45336
            ],
            [
              44.01586,
              39.45436
            ],
            [
              43.99676,
              39.45536
            ],
            [
              43.9868,
              39.44825
            ],
            [
              43.97684,
              39.44113
            ],
            [
              43.95775,
              39.44213
            ],
            [
              43.93865,
              39.44313
            ],
            [
              43.91955,
              39.44413
            ],
            [
              43.90959,
              39.43701
            ],
            [
              43.89963,
              39.4299
            ],
            [
              43.88054,
              39.4309
            ],
            [
              43.87058,
              39.42378
            ],
            [
              43.86062,
              39.41667
            ],
            [
              43.85066,
              39.40956
            ],
            [
              43.8407,
              39.40244
            ],
            [
              43.83074,
              39.39533
            ],
            [
              43.82078,
              39.38821
            ],
            [
              43.80168,
              39.38921
            ],
            [
              43.78259,
              39.39021
            ],
            [
              43.77345,
              39.39832
            ],
            [
              43.76431,
              39.40644
            ],
            [
              43.74522,
              39.40743
            ],
            [
              43.72612,
              39.40843
            ],
            [
              43.70702,
              39.40943
            ],
            [
              43.68793,
              39.41043
            ],
            [
              43.66883,
              39.41143
            ],
            [
              43.64973,
              39.41243
            ],
            [
              43.63064,
              39.41342
            ],
            [
              43.62068,
              39.40631
            ],
            [
              43.61985,
              39.39108
            ],
            [
              43.60989,
              39.38397
            ],
            [
              43.59994,
              39.37686
            ],
            [
              43.58998,
              39.36974
            ],
            [
              43.58002,
              39.36263
            ],
            [
              43.57006,
              39.35552
            ],
            [
              43.5601,
              39.3484
            ],
            [
              43.55014,
              39.34129
            ],
            [
              43.541,
              39.3494
            ],
            [
              43.53186,
              39.35751
            ],
            [
              43.52273,
              39.36562
            ],
            [
              43.51359,
              39.37374
            ],
            [
              43.50445,
              39.38185
            ],
            [
              43.49531,
              39.38996
            ],
            [
              43.47622,
              39.39096
            ],
            [
              43.45712,
              39.39196
            ],
            [
              43.44798,
              39.40007
            ],
            [
              43.43885,
              39.40818
            ],
            [
              43.41975,
              39.40918
            ],
            [
              43.41061,
              39.41729
            ],
            [
              43.40147,
              39.42541
            ],
            [
              43.39234,
              39.43352
            ],
            [
              43.3832,
              39.44163
            ],
            [
              43.37406,
              39.44974
            ],
            [
              43.36492,
              39.45785
            ],
            [
              43.34583,
              39.45885
            ],
            [
              43.33669,
              39.46696
            ],
            [
              43.32755,
              39.47508
            ],
            [
              43.30846,
              39.47608
            ],
            [
              43.28936,
              39.47707
            ],
            [
              43.27026,
              39.47807
            ],
            [
              43.25117,
              39.47907
            ],
            [
              43.24121,
              39.47196
            ],
            [
              43.23125,
              39.46484
            ],
            [
              43.21215,
              39.46584
            ],
            [
              43.19305,
              39.46684
            ],
            [
              43.18309,
              39.45973
            ],
            [
              43.17313,
              39.45261
            ],
            [
              43.15404,
              39.45361
            ],
            [
              43.13494,
              39.45461
            ],
            [
              43.12498,
              39.4475
            ],
            [
              43.11502,
              39.44038
            ],
            [
              43.09593,
              39.44138
            ],
            [
              43.07683,
              39.44238
            ],
            [
              43.06687,
              39.43526
            ],
            [
              43.05691,
              39.42815
            ],
            [
              43.04695,
              39.42104
            ],
            [
              43.03699,
              39.41392
            ],
            [
              43.02703,
              39.40681
            ],
            [
              43.01707,
              39.3997
            ],
            [
              43.00711,
              39.39258
            ],
            [
              42.99715,
              39.38547
            ],
            [
              42.97806,
              39.38647
            ],
            [
              42.95896,
              39.38746
            ],
            [
              42.93986,
              39.38846
            ],
            [
              42.93073,
              39.39657
            ],
            [
              42.92159,
              39.40469
            ],
            [
              42.91245,
              39.4128
            ],
            [
              42.90331,
              39.42091
            ],
            [
              42.89418,
              39.42902
            ],
            [
              42.88504,
              39.43714
            ],
            [
              42.86594,
              39.43813
            ],
            [
              42.85681,
              39.44625
            ],
            [
              42.84767,
              39.45436
            ],
            [
              42.83853,
              39.46247
            ],
            [
              42.83935,
              39.4777
            ],
            [
              42.84017,
              39.49292
            ],
            [
              42.841,
              39.50815
            ],
            [
              42.83186,
              39.51626
            ],
            [
              42.82272,
              39.52437
            ],
            [
              42.82354,
              39.5396
            ],
            [
              42.82437,
              39.55483
            ],
            [
              42.81523,
              39.56294
            ],
            [
              42.80609,
              39.57105
            ],
            [
              42.79695,
              39.57916
            ],
            [
              42.78782,
              39.58727
            ],
            [
              42.77868,
              39.59539
            ],
            [
              42.76954,
              39.6035
            ],
            [
              42.77036,
              39.61872
            ],
            [
              42.77119,
              39.63395
            ],
            [
              42.77201,
              39.64918
            ],
            [
              42.77283,
              39.6644
            ],
            [
              42.77365,
              39.67963
            ],
            [
              42.78361,
              39.68674
            ],
            [
              42.79357,
              39.69386
            ],
            [
              42.80353,
              39.70097
            ],
            [
              42.81349,
              39.70808
            ],
            [
              42.81431,
              39.72331
            ],
            [
              42.81513,
              39.73854
            ],
            [
              42.81595,
              39.75376
            ],
            [
              42.80682,
              39.76187
            ],
            [
              42.78772,
              39.76287
            ],
            [
              42.76862,
              39.76387
            ],
            [
              42.74953,
              39.76487
            ],
            [
              42.73043,
              39.76587
            ],
            [
              42.71133,
              39.76687
            ],
            [
              42.69224,
              39.76786
            ],
            [
              42.67314,
              39.76886
            ],
            [
              42.65404,
              39.76986
            ],
            [
              42.63495,
              39.77086
            ],
            [
              42.61585,
              39.77186
            ],
            [
              42.59675,
              39.77286
            ],
            [
              42.57766,
              39.77386
            ],
            [
              42.56852,
              39.78197
            ],
            [
              42.55938,
              39.79008
            ],
            [
              42.54028,
              39.79108
            ],
            [
              42.52119,
              39.79208
            ],
            [
              42.50209,
              39.79307
            ],
            [
              42.49295,
              39.80119
            ],
            [
              42.48382,
              39.8093
            ],
            [
              42.46472,
              39.8103
            ],
            [
              42.45558,
              39.81841
            ],
            [
              42.44644,
              39.82652
            ],
            [
              42.43731,
              39.83463
            ],
            [
              42.43813,
              39.84986
            ],
            [
              42.42899,
              39.85797
            ],
            [
              42.41985,
              39.86608
            ],
            [
              42.41072,
              39.8742
            ],
            [
              42.40158,
              39.88231
            ],
            [
              42.39244,
              39.89042
            ],
            [
              42.37334,
              39.89142
            ],
            [
              42.35425,
              39.89242
            ],
            [
              42.33515,
              39.89342
            ],
            [
              42.31605,
              39.89442
            ],
            [
              42.29696,
              39.89541
            ],
            [
              42.27786,
              39.89641
            ],
            [
              42.25876,
              39.89741
            ],
            [
              42.23967,
              39.89841
            ],
            [
              42.22057,
              39.89941
            ],
            [
              42.20147,
              39.90041
            ],
            [
              42.18238,
              39.9014
            ],
            [
              42.16328,
              39.9024
            ],
            [
              42.14418,
              39.9034
            ],
            [
              42.13505,
              39.91151
            ],
            [
              42.12591,
              39.91962
            ],
            [
              42.10681,
              39.92062
            ],
            [
              42.08772,
              39.92162
            ],
            [
              42.06862,
              39.92262
            ],
            [
              42.04952,
              39.92362
            ],
            [
              42.03043,
              39.92462
            ],
            [
              42.01133,
              39.92562
            ],
            [
              42.00137,
              39.9185
            ],
            [
              41.99141,
              39.91139
            ],
            [
              41.97231,
              39.91239
            ],
            [
              41.95322,
              39.91338
            ],
            [
              41.93412,
              39.91438
            ],
            [
              41.92498,
              39.9225
            ],
            [
              41.91584,
              39.93061
            ],
            [
              41.89675,
              39.93161
            ],
            [
              41.87765,
              39.9326
            ],
            [
              41.85855,
              39.9336
            ],
            [
              41.84942,
              39.94171
            ],
            [
              41.84028,
              39.94983
            ],
            [
              41.82118,
              39.95083
            ],
            [
              41.80209,
              39.95182
            ],
            [
              41.78299,
              39.95282
            ],
            [
              41.76389,
              39.95382
            ],
            [
              41.7448,
              39.95482
            ],
            [
              41.73566,
              39.96293
            ],
            [
              41.72652,
              39.97104
            ],
            [
              41.70742,
              39.97204
            ],
            [
              41.68833,
              39.97304
            ],
            [
              41.66923,
              39.97404
            ],
            [
              41.65013,
              39.97504
            ],
            [
              41.63104,
              39.97604
            ],
            [
              41.61194,
              39.97703
            ],
            [
              41.59284,
              39.97803
            ],
            [
              41.57375,
              39.97903
            ],
            [
              41.55465,
              39.98003
            ],
            [
              41.53555,
              39.98103
            ],
            [
              41.52559,
              39.97391
            ],
            [
              41.51563,
              39.9668
            ],
            [
              41.49654,
              39.9678
            ],
            [
              41.47744,
              39.9688
            ],
            [
              41.4683,
              39.97691
            ],
            [
              41.45917,
              39.98502
            ],
            [
              41.44007,
              39.98602
            ],
            [
              41.42097,
              39.98702
            ],
            [
              41.41184,
              39.99513
            ],
            [
              41.4027,
              40.00324
            ],
            [
              41.3836,
              40.00424
            ],
            [
              41.3645,
              40.00524
            ],
            [
              41.35537,
              40.01335
            ],
            [
              41.34623,
              40.02146
            ],
            [
              41.32713,
              40.02246
            ],
            [
              41.30804,
              40.02346
            ],
            [
              41.2989,
              40.03157
            ],
            [
              41.29972,
              40.0468
            ],
            [
              41.30054,
              40.06202
            ],
            [
              41.30136,
              40.07725
            ],
            [
              41.30219,
              40.09248
            ],
            [
              41.31215,
              40.09959
            ],
            [
              41.32211,
              40.1067
            ],
            [
              41.33206,
              40.11382
            ],
            [
              41.34202,
              40.12093
            ],
            [
              41.34285,
              40.13616
            ],
            [
              41.34367,
              40.15138
            ],
            [
              41.34449,
              40.16661
            ],
            [
              41.34531,
              40.18184
            ],
            [
              41.35527,
              40.18895
            ],
            [
              41.36523,
              40.19606
            ],
            [
              41.36605,
              40.21129
            ],
            [
              41.36687,
              40.22652
            ],
            [
              41.37683,
              40.23363
            ],
            [
              41.38679,
              40.24074
            ],
            [
              41.38762,
              40.25597
            ],
            [
              41.39757,
              40.26308
            ],
            [
              41.40753,
              40.2702
            ],
            [
              41.41749,
              40.27731
            ],
            [
              41.43659,
              40.27631
            ],
            [
              41.44655,
              40.28343
            ],
            [
              41.45651,
              40.29054
            ],
            [
              41.47561,
              40.28954
            ],
            [
              41.4947,
              40.28854
            ],
            [
              41.50466,
              40.29566
            ],
            [
              41.51462,
              40.30277
            ],
            [
              41.53372,
              40.30177
            ],
            [
              41.54368,
              40.30889
            ],
            [
              41.55364,
              40.316
            ],
            [
              41.57273,
              40.315
            ],
            [
              41.58269,
              40.32212
            ],
            [
              41.59265,
              40.32923
            ],
            [
              41.60261,
              40.33634
            ],
            [
              41.60343,
              40.35157
            ],
            [
              41.61339,
              40.35868
            ],
            [
              41.63249,
              40.35768
            ],
            [
              41.65159,
              40.35669
            ],
            [
              41.67068,
              40.35569
            ],
            [
              41.68978,
              40.35469
            ],
            [
              41.69892,
              40.34658
            ],
            [
              41.70805,
              40.33846
            ],
            [
              41.72715,
              40.33747
            ],
            [
              41.74625,
              40.33647
            ],
            [
              41.76534,
              40.33547
            ],
            [
              41.78444,
              40.33447
            ],
            [
              41.80354,
              40.33347
            ],
            [
              41.82263,
              40.33247
            ],
            [
              41.84173,
              40.33148
            ],
            [
              41.86083,
              40.33048
            ],
            [
              41.87992,
              40.32948
            ],
            [
              41.88988,
              40.33659
            ],
            [
              41.89984,
              40.34371
            ],
            [
              41.91894,
              40.34271
            ],
            [
              41.93804,
              40.34171
            ],
            [
              41.95713,
              40.34071
            ],
            [
              41.96709,
              40.34783
            ],
            [
              41.97705,
              40.35494
            ],
            [
              41.98701,
              40.36205
            ],
            [
              41.99697,
              40.36917
            ],
            [
              42.00693,
              40.37628
            ],
            [
              42.01689,
              40.38339
            ],
            [
              42.02685,
              40.39051
            ],
            [
              42.03681,
              40.39762
            ],
            [
              42.04677,
              40.40474
            ],
            [
              42.05673,
              40.41185
            ],
            [
              42.06669,
              40.41896
            ],
            [
              42.07665,
              40.42608
            ],
            [
              42.09574,
              40.42508
            ],
            [
              42.1057,
              40.43219
            ],
            [
              42.11566,
              40.43931
            ],
            [
              42.12562,
              40.44642
            ],
            [
              42.12644,
              40.46165
            ],
            [
              42.1364,
              40.46876
            ],
            [
              42.14636,
              40.47587
            ],
            [
              42.15632,
              40.48299
            ],
            [
              42.16628,
              40.4901
            ],
            [
              42.17624,
              40.49722
            ],
            [
              42.1862,
              40.50433
            ],
            [
              42.19616,
              40.51144
            ],
            [
              42.21526,
              40.51045
            ],
            [
              42.23435,
              40.50945
            ],
            [
              42.25345,
              40.50845
            ],
            [
              42.26341,
              40.51556
            ],
            [
              42.27337,
              40.52268
            ],
            [
              42.29246,
              40.52168
            ],
            [
              42.31156,
              40.52068
            ],
            [
              42.32152,
              40.52779
            ],
            [
              42.33148,
              40.53491
            ],
            [
              42.34144,
              40.54202
            ],
            [
              42.3514,
              40.54913
            ],
            [
              42.37049,
              40.54814
            ],
            [
              42.38959,
              40.54714
            ],
            [
              42.39955,
              40.55425
            ],
            [
              42.40951,
              40.56137
            ],
            [
              42.42861,
              40.56037
            ],
            [
              42.4477,
              40.55937
            ],
            [
              42.45766,
              40.56648
            ],
            [
              42.46762,
              40.5736
            ],
            [
              42.48672,
              40.5726
            ],
            [
              42.49668,
              40.57971
            ],
            [
              42.50664,
              40.58683
            ],
            [
              42.5166,
              40.59394
            ],
            [
              42.51742,
              40.60917
            ],
            [
              42.51824,
              40.62439
            ],
            [
              42.51906,
              40.63962
            ],
            [
              42.52902,
              40.64673
            ],
            [
              42.53898,
              40.65385
            ],
            [
              42.54894,
              40.66096
            ],
            [
              42.5589,
              40.66807
            ],
            [
              42.56886,
              40.67519
            ],
            [
              42.57882,
              40.6823
            ],
            [
              42.58878,
              40.68941
            ],
            [
              42.59874,
              40.69653
            ],
            [
              42.6087,
              40.70364
            ],
            [
              42.61866,
              40.71076
            ],
            [
              42.62862,
              40.71787
            ],
            [
              42.63858,
              40.72498
            ],
            [
              42.6394,
              40.74021
            ],
            [
              42.64936,
              40.74732
            ],
            [
              42.66845,
              40.74632
            ],
            [
              42.67841,
              40.75344
            ],
            [
              42.68837,
              40.76055
            ],
            [
              42.69833,
              40.76767
            ],
            [
              42.70829,
              40.77478
            ],
            [
              42.71825,
              40.78189
            ],
            [
              42.72821,
              40.78901
            ],
            [
              42.73817,
              40.79612
            ],
            [
              42.74813,
              40.80324
            ],
            [
              42.75809,
              40.81035
            ],
            [
              42.75891,
              40.82558
            ],
            [
              42.75973,
              40.8408
            ],
            [
              42.76969,
              40.84791
            ],
            [
              42.77965,
              40.85503
            ],
            [
              42.78961,
              40.86214
            ],
            [
              42.79957,
              40.86926
            ],
            [
              42.80953,
              40.87637
            ],
            [
              42.81949,
              40.88348
            ],
            [
              42.82945,
              40.8906
            ],
            [
              42.83941,
              40.89771
            ],
            [
              42.84937,
              40.90483
            ],
            [
              42.85933,
              40.91194
            ],
            [
              42.86015,
              40.92717
            ],
            [
              42.87011,
              40.93428
            ],
            [
              42.88007,
              40.94139
            ],
            [
              42.89003,
              40.94851
            ],
            [
              42.89998,
              40.95562
            ],
            [
              42.90081,
              40.97085
            ],
            [
              42.91077,
              40.97796
            ],
            [
              42.92986,
              40.97696
            ],
            [
              42.93982,
              40.98408
            ],
            [
              42.94978,
              40.99119
            ],
            [
              42.95974,
              40.9983
            ],
            [
              42.96056,
              41.01353
            ],
            [
              42.96138,
              41.02876
            ],
            [
              42.97134,
              41.03587
            ],
            [
              42.9813,
              41.04298
            ],
            [
              42.98212,
              41.05821
            ],
            [
              42.98295,
              41.07344
            ],
            [
              42.98377,
              41.08866
            ],
            [
              42.98459,
              41.10389
            ],
            [
              42.97545,
              41.112
            ],
            [
              42.96632,
              41.12011
            ],
            [
              42.96714,
              41.13534
            ],
            [
              42.958,
              41.14345
            ],
            [
              42.94886,
              41.15156
            ],
            [
              42.94969,
              41.16679
            ],
            [
              42.94055,
              41.1749
            ],
            [
              42.93141,
              41.18301
            ],
            [
              42.93223,
              41.19824
            ],
            [
              42.94219,
              41.20535
            ],
            [
              42.95215,
              41.21247
            ],
            [
              42.96211,
              41.21958
            ],
            [
              42.97207,
              41.22669
            ],
            [
              42.98203,
              41.23381
            ],
            [
              43.00113,
              41.23281
            ],
            [
              43.02022,
              41.23181
            ],
            [
              43.03932,
              41.23081
            ],
            [
              43.04928,
              41.23793
            ],
            [
              43.05924,
              41.24504
            ],
            [
              43.07833,
              41.24404
            ],
            [
              43.09743,
              41.24304
            ],
            [
              43.11653,
              41.24205
            ],
            [
              43.13562,
              41.24105
            ],
            [
              43.14558,
              41.24816
            ],
            [
              43.15554,
              41.25527
            ],
            [
              43.17464,
              41.25428
            ],
            [
              43.19374,
              41.25328
            ],
            [
              43.21283,
              41.25228
            ],
            [
              43.22279,
              41.25939
            ],
            [
              43.23275,
              41.26651
            ],
            [
              43.25185,
              41.26551
            ],
            [
              43.26181,
              41.27262
            ],
            [
              43.27177,
              41.27974
            ],
            [
              43.28173,
              41.28685
            ],
            [
              43.29169,
              41.29396
            ],
            [
              43.31078,
              41.29297
            ],
            [
              43.32988,
              41.29197
            ],
            [
              43.34898,
              41.29097
            ],
            [
              43.35894,
              41.29808
            ],
            [
              43.3689,
              41.3052
            ]
          ]
        ]
      }
    },
    {
      "type": "Feature",
      "properties": {
        "id": "utik",
        "metrics": {
          "areaKm2": 15664,
          "perimeterKm": 614,
          "eastWestKm": 204,
          "northSouthKm": 153,
          "centroid": [
            46.42384,
            40.63482
          ],
          "sharePercent": 4.9
        }
      },
      "geometry": {
        "type": "Polygon",
        "coordinates": [
          [
            [
              45.32581,
              41.37085
            ],
            [
              45.3449,
              41.36985
            ],
            [
              45.364,
              41.36885
            ],
            [
              45.37314,
              41.36074
            ],
            [
              45.38227,
              41.35263
            ],
            [
              45.40137,
              41.35163
            ],
            [
              45.42047,
              41.35063
            ],
            [
              45.43956,
              41.34963
            ],
            [
              45.4487,
              41.34152
            ],
            [
              45.45784,
              41.33341
            ],
            [
              45.47694,
              41.33241
            ],
            [
              45.49603,
              41.33141
            ],
            [
              45.51513,
              41.33041
            ],
            [
              45.52427,
              41.3223
            ],
            [
              45.5334,
              41.31419
            ],
            [
              45.5525,
              41.31319
            ],
            [
              45.56164,
              41.30508
            ],
            [
              45.57078,
              41.29696
            ],
            [
              45.58987,
              41.29597
            ],
            [
              45.59901,
              41.28785
            ],
            [
              45.60815,
              41.27974
            ],
            [
              45.61729,
              41.27163
            ],
            [
              45.62642,
              41.26352
            ],
            [
              45.64552,
              41.26252
            ],
            [
              45.65466,
              41.25441
            ],
            [
              45.66379,
              41.24629
            ],
            [
              45.67293,
              41.23818
            ],
            [
              45.68207,
              41.23007
            ],
            [
              45.70117,
              41.22907
            ],
            [
              45.7103,
              41.22096
            ],
            [
              45.71944,
              41.21285
            ],
            [
              45.72858,
              41.20473
            ],
            [
              45.73772,
              41.19662
            ],
            [
              45.74685,
              41.18851
            ],
            [
              45.75599,
              41.1804
            ],
            [
              45.77509,
              41.1794
            ],
            [
              45.78422,
              41.17129
            ],
            [
              45.79336,
              41.16317
            ],
            [
              45.8025,
              41.15506
            ],
            [
              45.81164,
              41.14695
            ],
            [
              45.83073,
              41.14595
            ],
            [
              45.83987,
              41.13784
            ],
            [
              45.84901,
              41.12973
            ],
            [
              45.86811,
              41.12873
            ],
            [
              45.87724,
              41.12062
            ],
            [
              45.88638,
              41.1125
            ],
            [
              45.90548,
              41.11151
            ],
            [
              45.92457,
              41.11051
            ],
            [
              45.94367,
              41.10951
            ],
            [
              45.95281,
              41.1014
            ],
            [
              45.96194,
              41.09328
            ],
            [
              45.98104,
              41.09229
            ],
            [
              46.00014,
              41.09129
            ],
            [
              46.00928,
              41.08318
            ],
            [
              46.01841,
              41.07506
            ],
            [
              46.03751,
              41.07407
            ],
            [
              46.04665,
              41.06595
            ],
            [
              46.05578,
              41.05784
            ],
            [
              46.07488,
              41.05684
            ],
            [
              46.08402,
              41.04873
            ],
            [
              46.09316,
              41.04062
            ],
            [
              46.11225,
              41.03962
            ],
            [
              46.13135,
              41.03862
            ],
            [
              46.15045,
              41.03762
            ],
            [
              46.15958,
              41.02951
            ],
            [
              46.16872,
              41.0214
            ],
            [
              46.17868,
              41.02851
            ],
            [
              46.18864,
              41.03563
            ],
            [
              46.19778,
              41.02751
            ],
            [
              46.20692,
              41.0194
            ],
            [
              46.22601,
              41.0184
            ],
            [
              46.24511,
              41.0174
            ],
            [
              46.26421,
              41.01641
            ],
            [
              46.2833,
              41.01541
            ],
            [
              46.3024,
              41.01441
            ],
            [
              46.3215,
              41.01341
            ],
            [
              46.34059,
              41.01241
            ],
            [
              46.35969,
              41.01141
            ],
            [
              46.37879,
              41.01042
            ],
            [
              46.39788,
              41.00942
            ],
            [
              46.41698,
              41.00842
            ],
            [
              46.42694,
              41.01553
            ],
            [
              46.4369,
              41.02265
            ],
            [
              46.45599,
              41.02165
            ],
            [
              46.47509,
              41.02065
            ],
            [
              46.49419,
              41.01965
            ],
            [
              46.51329,
              41.01865
            ],
            [
              46.53238,
              41.01766
            ],
            [
              46.54152,
              41.00954
            ],
            [
              46.55066,
              41.00143
            ],
            [
              46.56975,
              41.00043
            ],
            [
              46.57971,
              41.00755
            ],
            [
              46.58967,
              41.01466
            ],
            [
              46.59963,
              41.02177
            ],
            [
              46.60959,
              41.02889
            ],
            [
              46.62869,
              41.02789
            ],
            [
              46.64778,
              41.02689
            ],
            [
              46.65774,
              41.034
            ],
            [
              46.6677,
              41.04112
            ],
            [
              46.67684,
              41.03301
            ],
            [
              46.68598,
              41.02489
            ],
            [
              46.70507,
              41.0239
            ],
            [
              46.72417,
              41.0229
            ],
            [
              46.74327,
              41.0219
            ],
            [
              46.76236,
              41.0209
            ],
            [
              46.78146,
              41.0199
            ],
            [
              46.7906,
              41.01179
            ],
            [
              46.79974,
              41.00368
            ],
            [
              46.81883,
              41.00268
            ],
            [
              46.83793,
              41.00168
            ],
            [
              46.85703,
              41.00068
            ],
            [
              46.87612,
              40.99968
            ],
            [
              46.88526,
              40.99157
            ],
            [
              46.8944,
              40.98346
            ],
            [
              46.90354,
              40.97535
            ],
            [
              46.91267,
              40.96724
            ],
            [
              46.93177,
              40.96624
            ],
            [
              46.94091,
              40.95812
            ],
            [
              46.95004,
              40.95001
            ],
            [
              46.95918,
              40.9419
            ],
            [
              46.96832,
              40.93379
            ],
            [
              46.98742,
              40.93279
            ],
            [
              47.00651,
              40.93179
            ],
            [
              47.01565,
              40.92368
            ],
            [
              47.02479,
              40.91557
            ],
            [
              47.04388,
              40.91457
            ],
            [
              47.05302,
              40.90646
            ],
            [
              47.06216,
              40.89834
            ],
            [
              47.0713,
              40.89023
            ],
            [
              47.08043,
              40.88212
            ],
            [
              47.08957,
              40.87401
            ],
            [
              47.09871,
              40.86589
            ],
            [
              47.10785,
              40.85778
            ],
            [
              47.11698,
              40.84967
            ],
            [
              47.12612,
              40.84156
            ],
            [
              47.13526,
              40.83345
            ],
            [
              47.1444,
              40.82533
            ],
            [
              47.15353,
              40.81722
            ],
            [
              47.16267,
              40.80911
            ],
            [
              47.17181,
              40.801
            ],
            [
              47.18095,
              40.79289
            ],
            [
              47.18012,
              40.77766
            ],
            [
              47.1793,
              40.76243
            ],
            [
              47.18844,
              40.75432
            ],
            [
              47.19758,
              40.74621
            ],
            [
              47.19675,
              40.73098
            ],
            [
              47.19593,
              40.71576
            ],
            [
              47.20507,
              40.70764
            ],
            [
              47.21421,
              40.69953
            ],
            [
              47.22334,
              40.69142
            ],
            [
              47.23248,
              40.68331
            ],
            [
              47.24162,
              40.6752
            ],
            [
              47.25076,
              40.66708
            ],
            [
              47.25989,
              40.65897
            ],
            [
              47.26903,
              40.65086
            ],
            [
              47.27817,
              40.64275
            ],
            [
              47.28731,
              40.63463
            ],
            [
              47.29644,
              40.62652
            ],
            [
              47.30558,
              40.61841
            ],
            [
              47.30476,
              40.60318
            ],
            [
              47.3139,
              40.59507
            ],
            [
              47.32303,
              40.58696
            ],
            [
              47.32221,
              40.57173
            ],
            [
              47.33135,
              40.56362
            ],
            [
              47.34049,
              40.55551
            ],
            [
              47.34962,
              40.5474
            ],
            [
              47.35876,
              40.53928
            ],
            [
              47.3679,
              40.53117
            ],
            [
              47.37704,
              40.52306
            ],
            [
              47.38617,
              40.51495
            ],
            [
              47.39531,
              40.50684
            ],
            [
              47.40445,
              40.49872
            ],
            [
              47.41359,
              40.49061
            ],
            [
              47.42272,
              40.4825
            ],
            [
              47.43186,
              40.47439
            ],
            [
              47.441,
              40.46627
            ],
            [
              47.45014,
              40.45816
            ],
            [
              47.45927,
              40.45005
            ],
            [
              47.46841,
              40.44194
            ],
            [
              47.47755,
              40.43383
            ],
            [
              47.48669,
              40.42571
            ],
            [
              47.49582,
              40.4176
            ],
            [
              47.50496,
              40.40949
            ],
            [
              47.5141,
              40.40138
            ],
            [
              47.52324,
              40.39326
            ],
            [
              47.53237,
              40.38515
            ],
            [
              47.54151,
              40.37704
            ],
            [
              47.55065,
              40.36893
            ],
            [
              47.55979,
              40.36082
            ],
            [
              47.56892,
              40.3527
            ],
            [
              47.57806,
              40.34459
            ],
            [
              47.5872,
              40.33648
            ],
            [
              47.59633,
              40.32837
            ],
            [
              47.60547,
              40.32025
            ],
            [
              47.61461,
              40.31214
            ],
            [
              47.62375,
              40.30403
            ],
            [
              47.63288,
              40.29592
            ],
            [
              47.64202,
              40.28781
            ],
            [
              47.65116,
              40.27969
            ],
            [
              47.65034,
              40.26447
            ],
            [
              47.64952,
              40.24924
            ],
            [
              47.63956,
              40.24213
            ],
            [
              47.6296,
              40.23501
            ],
            [
              47.62877,
              40.21979
            ],
            [
              47.62795,
              40.20456
            ],
            [
              47.61799,
              40.19745
            ],
            [
              47.60803,
              40.19033
            ],
            [
              47.60721,
              40.17511
            ],
            [
              47.59725,
              40.16799
            ],
            [
              47.58729,
              40.16088
            ],
            [
              47.58647,
              40.14565
            ],
            [
              47.57651,
              40.13854
            ],
            [
              47.55742,
              40.13954
            ],
            [
              47.54746,
              40.13243
            ],
            [
              47.5375,
              40.12531
            ],
            [
              47.5184,
              40.12631
            ],
            [
              47.50844,
              40.1192
            ],
            [
              47.49848,
              40.11208
            ],
            [
              47.48852,
              40.10497
            ],
            [
              47.4877,
              40.08974
            ],
            [
              47.47774,
              40.08263
            ],
            [
              47.46778,
              40.07551
            ],
            [
              47.46696,
              40.06029
            ],
            [
              47.46614,
              40.04506
            ],
            [
              47.46532,
              40.02984
            ],
            [
              47.46449,
              40.01461
            ],
            [
              47.45453,
              40.0075
            ],
            [
              47.43544,
              40.0085
            ],
            [
              47.42548,
              40.00138
            ],
            [
              47.41552,
              39.99427
            ],
            [
              47.39642,
              39.99527
            ],
            [
              47.37733,
              39.99626
            ],
            [
              47.35823,
              39.99726
            ],
            [
              47.33913,
              39.99826
            ],
            [
              47.32003,
              39.99926
            ],
            [
              47.30094,
              40.00026
            ],
            [
              47.2918,
              40.00837
            ],
            [
              47.28266,
              40.01648
            ],
            [
              47.26357,
              40.01748
            ],
            [
              47.24447,
              40.01848
            ],
            [
              47.22537,
              40.01948
            ],
            [
              47.20628,
              40.02048
            ],
            [
              47.18718,
              40.02147
            ],
            [
              47.16808,
              40.02247
            ],
            [
              47.14899,
              40.02347
            ],
            [
              47.13985,
              40.03158
            ],
            [
              47.13071,
              40.0397
            ],
            [
              47.11161,
              40.04069
            ],
            [
              47.09252,
              40.04169
            ],
            [
              47.07342,
              40.04269
            ],
            [
              47.05432,
              40.04369
            ],
            [
              47.03523,
              40.04469
            ],
            [
              47.01613,
              40.04569
            ],
            [
              47.00699,
              40.0538
            ],
            [
              46.99786,
              40.06191
            ],
            [
              46.97876,
              40.06291
            ],
            [
              46.95966,
              40.06391
            ],
            [
              46.94057,
              40.06491
            ],
            [
              46.92147,
              40.0659
            ],
            [
              46.90237,
              40.0669
            ],
            [
              46.89323,
              40.07501
            ],
            [
              46.8841,
              40.08313
            ],
            [
              46.865,
              40.08413
            ],
            [
              46.8459,
              40.08512
            ],
            [
              46.82681,
              40.08612
            ],
            [
              46.80771,
              40.08712
            ],
            [
              46.78861,
              40.08812
            ],
            [
              46.76952,
              40.08912
            ],
            [
              46.76038,
              40.09723
            ],
            [
              46.75124,
              40.10534
            ],
            [
              46.73215,
              40.10634
            ],
            [
              46.71305,
              40.10734
            ],
            [
              46.69395,
              40.10834
            ],
            [
              46.67485,
              40.10934
            ],
            [
              46.65576,
              40.11033
            ],
            [
              46.63666,
              40.11133
            ],
            [
              46.61756,
              40.11233
            ],
            [
              46.60843,
              40.12044
            ],
            [
              46.59929,
              40.12855
            ],
            [
              46.58019,
              40.12955
            ],
            [
              46.5611,
              40.13055
            ],
            [
              46.542,
              40.13155
            ],
            [
              46.5229,
              40.13255
            ],
            [
              46.51377,
              40.14066
            ],
            [
              46.50463,
              40.14877
            ],
            [
              46.49549,
              40.15688
            ],
            [
              46.48635,
              40.165
            ],
            [
              46.46726,
              40.166
            ],
            [
              46.45812,
              40.17411
            ],
            [
              46.44898,
              40.18222
            ],
            [
              46.42988,
              40.18322
            ],
            [
              46.41079,
              40.18422
            ],
            [
              46.39169,
              40.18522
            ],
            [
              46.37259,
              40.18621
            ],
            [
              46.3535,
              40.18721
            ],
            [
              46.34436,
              40.19532
            ],
            [
              46.33522,
              40.20344
            ],
            [
              46.31613,
              40.20443
            ],
            [
              46.29703,
              40.20543
            ],
            [
              46.27793,
              40.20643
            ],
            [
              46.25884,
              40.20743
            ],
            [
              46.23974,
              40.20843
            ],
            [
              46.2306,
              40.21654
            ],
            [
              46.23142,
              40.23177
            ],
            [
              46.23225,
              40.24699
            ],
            [
              46.23307,
              40.26222
            ],
            [
              46.22393,
              40.27033
            ],
            [
              46.21479,
              40.27844
            ],
            [
              46.21561,
              40.29367
            ],
            [
              46.21644,
              40.3089
            ],
            [
              46.21726,
              40.32412
            ],
            [
              46.21808,
              40.33935
            ],
            [
              46.20894,
              40.34746
            ],
            [
              46.19981,
              40.35557
            ],
            [
              46.19067,
              40.36368
            ],
            [
              46.18153,
              40.3718
            ],
            [
              46.17239,
              40.37991
            ],
            [
              46.1533,
              40.38091
            ],
            [
              46.14416,
              40.38902
            ],
            [
              46.13502,
              40.39713
            ],
            [
              46.11593,
              40.39813
            ],
            [
              46.09683,
              40.39913
            ],
            [
              46.08769,
              40.40724
            ],
            [
              46.07855,
              40.41535
            ],
            [
              46.05946,
              40.41635
            ],
            [
              46.04036,
              40.41735
            ],
            [
              46.02126,
              40.41835
            ],
            [
              46.00217,
              40.41935
            ],
            [
              45.99303,
              40.42746
            ],
            [
              45.98389,
              40.43557
            ],
            [
              45.96479,
              40.43657
            ],
            [
              45.9457,
              40.43757
            ],
            [
              45.93656,
              40.44568
            ],
            [
              45.92742,
              40.45379
            ],
            [
              45.90833,
              40.45479
            ],
            [
              45.88923,
              40.45579
            ],
            [
              45.87013,
              40.45679
            ],
            [
              45.861,
              40.4649
            ],
            [
              45.85186,
              40.47301
            ],
            [
              45.83276,
              40.47401
            ],
            [
              45.81366,
              40.47501
            ],
            [
              45.80453,
              40.48312
            ],
            [
              45.79539,
              40.49123
            ],
            [
              45.77629,
              40.49223
            ],
            [
              45.76716,
              40.50034
            ],
            [
              45.75802,
              40.50846
            ],
            [
              45.74888,
              40.51657
            ],
            [
              45.73974,
              40.52468
            ],
            [
              45.72065,
              40.52568
            ],
            [
              45.70155,
              40.52668
            ],
            [
              45.68245,
              40.52767
            ],
            [
              45.66336,
              40.52867
            ],
            [
              45.64426,
              40.52967
            ],
            [
              45.62516,
              40.53067
            ],
            [
              45.60607,
              40.53167
            ],
            [
              45.58697,
              40.53267
            ],
            [
              45.56787,
              40.53367
            ],
            [
              45.54878,
              40.53466
            ],
            [
              45.53882,
              40.52755
            ],
            [
              45.52886,
              40.52044
            ],
            [
              45.50976,
              40.52143
            ],
            [
              45.49066,
              40.52243
            ],
            [
              45.47157,
              40.52343
            ],
            [
              45.45247,
              40.52443
            ],
            [
              45.44333,
              40.53254
            ],
            [
              45.4342,
              40.54065
            ],
            [
              45.42506,
              40.54877
            ],
            [
              45.41592,
              40.55688
            ],
            [
              45.40678,
              40.56499
            ],
            [
              45.40761,
              40.58022
            ],
            [
              45.40843,
              40.59544
            ],
            [
              45.40925,
              40.61067
            ],
            [
              45.41007,
              40.62589
            ],
            [
              45.41089,
              40.64112
            ],
            [
              45.41171,
              40.65635
            ],
            [
              45.41254,
              40.67157
            ],
            [
              45.41336,
              40.6868
            ],
            [
              45.41418,
              40.70202
            ],
            [
              45.415,
              40.71725
            ],
            [
              45.41582,
              40.73248
            ],
            [
              45.41665,
              40.7477
            ],
            [
              45.41747,
              40.76293
            ],
            [
              45.41829,
              40.77815
            ],
            [
              45.41911,
              40.79338
            ],
            [
              45.41993,
              40.80861
            ],
            [
              45.42076,
              40.82383
            ],
            [
              45.42158,
              40.83906
            ],
            [
              45.41244,
              40.84717
            ],
            [
              45.4033,
              40.85528
            ],
            [
              45.40413,
              40.87051
            ],
            [
              45.39499,
              40.87862
            ],
            [
              45.38585,
              40.88673
            ],
            [
              45.37671,
              40.89485
            ],
            [
              45.35762,
              40.89584
            ],
            [
              45.34848,
              40.90396
            ],
            [
              45.33934,
              40.91207
            ],
            [
              45.3302,
              40.92018
            ],
            [
              45.32107,
              40.92829
            ],
            [
              45.30197,
              40.92929
            ],
            [
              45.29283,
              40.9374
            ],
            [
              45.2837,
              40.94552
            ],
            [
              45.27456,
              40.95363
            ],
            [
              45.26542,
              40.96174
            ],
            [
              45.25628,
              40.96985
            ],
            [
              45.24715,
              40.97797
            ],
            [
              45.23801,
              40.98608
            ],
            [
              45.23883,
              41.0013
            ],
            [
              45.23965,
              41.01653
            ],
            [
              45.24961,
              41.02364
            ],
            [
              45.25957,
              41.03076
            ],
            [
              45.26039,
              41.04598
            ],
            [
              45.26121,
              41.06121
            ],
            [
              45.26204,
              41.07644
            ],
            [
              45.272,
              41.08355
            ],
            [
              45.28196,
              41.09066
            ],
            [
              45.28278,
              41.10589
            ],
            [
              45.2836,
              41.12111
            ],
            [
              45.28442,
              41.13634
            ],
            [
              45.28524,
              41.15157
            ],
            [
              45.28606,
              41.16679
            ],
            [
              45.28689,
              41.18202
            ],
            [
              45.28771,
              41.19724
            ],
            [
              45.27857,
              41.20536
            ],
            [
              45.26943,
              41.21347
            ],
            [
              45.27026,
              41.2287
            ],
            [
              45.27108,
              41.24392
            ],
            [
              45.2719,
              41.25915
            ],
            [
              45.26276,
              41.26726
            ],
            [
              45.25363,
              41.27537
            ],
            [
              45.25445,
              41.2906
            ],
            [
              45.24531,
              41.29871
            ],
            [
              45.23617,
              41.30682
            ],
            [
              45.23699,
              41.32205
            ],
            [
              45.24695,
              41.32916
            ],
            [
              45.26605,
              41.32816
            ],
            [
              45.27601,
              41.33528
            ],
            [
              45.28597,
              41.34239
            ],
            [
              45.29593,
              41.34951
            ],
            [
              45.30589,
              41.35662
            ],
            [
              45.31585,
              41.36373
            ],
            [
              45.32581,
              41.37085
            ]
          ]
        ]
      }
    },
    {
      "type": "Feature",
      "properties": {
        "id": "artsakh",
        "metrics": {
          "areaKm2": 7200,
          "perimeterKm": 389,
          "eastWestKm": 123,
          "northSouthKm": 106,
          "centroid": [
            46.89716,
            39.76871
          ],
          "sharePercent": 2.3
        }
      },
      "geometry": {
        "type": "Polygon",
        "coordinates": [
          [
            [
              46.23974,
              40.20843
            ],
            [
              46.25884,
              40.20743
            ],
            [
              46.27793,
              40.20643
            ],
            [
              46.29703,
              40.20543
            ],
            [
              46.31613,
              40.20443
            ],
            [
              46.33522,
              40.20344
            ],
            [
              46.34436,
              40.19532
            ],
            [
              46.3535,
              40.18721
            ],
            [
              46.37259,
              40.18621
            ],
            [
              46.39169,
              40.18522
            ],
            [
              46.41079,
              40.18422
            ],
            [
              46.42988,
              40.18322
            ],
            [
              46.44898,
              40.18222
            ],
            [
              46.45812,
              40.17411
            ],
            [
              46.46726,
              40.166
            ],
            [
              46.48635,
              40.165
            ],
            [
              46.49549,
              40.15688
            ],
            [
              46.50463,
              40.14877
            ],
            [
              46.51377,
              40.14066
            ],
            [
              46.5229,
              40.13255
            ],
            [
              46.542,
              40.13155
            ],
            [
              46.5611,
              40.13055
            ],
            [
              46.58019,
              40.12955
            ],
            [
              46.59929,
              40.12855
            ],
            [
              46.60843,
              40.12044
            ],
            [
              46.61756,
              40.11233
            ],
            [
              46.63666,
              40.11133
            ],
            [
              46.65576,
              40.11033
            ],
            [
              46.67485,
              40.10934
            ],
            [
              46.69395,
              40.10834
            ],
            [
              46.71305,
              40.10734
            ],
            [
              46.73215,
              40.10634
            ],
            [
              46.75124,
              40.10534
            ],
            [
              46.76038,
              40.09723
            ],
            [
              46.76952,
              40.08912
            ],
            [
              46.78861,
              40.08812
            ],
            [
              46.80771,
              40.08712
            ],
            [
              46.82681,
              40.08612
            ],
            [
              46.8459,
              40.08512
            ],
            [
              46.865,
              40.08413
            ],
            [
              46.8841,
              40.08313
            ],
            [
              46.89323,
              40.07501
            ],
            [
              46.90237,
              40.0669
            ],
            [
              46.92147,
              40.0659
            ],
            [
              46.94057,
              40.06491
            ],
            [
              46.95966,
              40.06391
            ],
            [
              46.97876,
              40.06291
            ],
            [
              46.99786,
              40.06191
            ],
            [
              47.00699,
              40.0538
            ],
            [
              47.01613,
              40.04569
            ],
            [
              47.03523,
              40.04469
            ],
            [
              47.05432,
              40.04369
            ],
            [
              47.07342,
              40.04269
            ],
            [
              47.09252,
              40.04169
            ],
            [
              47.11161,
              40.04069
            ],
            [
              47.13071,
              40.0397
            ],
            [
              47.13985,
              40.03158
            ],
            [
              47.14899,
              40.02347
            ],
            [
              47.16808,
              40.02247
            ],
            [
              47.18718,
              40.02147
            ],
            [
              47.20628,
              40.02048
            ],
            [
              47.22537,
              40.01948
            ],
            [
              47.24447,
              40.01848
            ],
            [
              47.26357,
              40.01748
            ],
            [
              47.28266,
              40.01648
            ],
            [
              47.2918,
              40.00837
            ],
            [
              47.30094,
              40.00026
            ],
            [
              47.32003,
              39.99926
            ],
            [
              47.33913,
              39.99826
            ],
            [
              47.35823,
              39.99726
            ],
            [
              47.37733,
              39.99626
            ],
            [
              47.39642,
              39.99527
            ],
            [
              47.41552,
              39.99427
            ],
            [
              47.42548,
              40.00138
            ],
            [
              47.43544,
              40.0085
            ],
            [
              47.45453,
              40.0075
            ],
            [
              47.46367,
              39.99938
            ],
            [
              47.47281,
              39.99127
            ],
            [
              47.48195,
              39.98316
            ],
            [
              47.49108,
              39.97505
            ],
            [
              47.51018,
              39.97405
            ],
            [
              47.52928,
              39.97305
            ],
            [
              47.53841,
              39.96494
            ],
            [
              47.52846,
              39.95783
            ],
            [
              47.5185,
              39.95071
            ],
            [
              47.51767,
              39.93549
            ],
            [
              47.51685,
              39.92026
            ],
            [
              47.51603,
              39.90503
            ],
            [
              47.51521,
              39.88981
            ],
            [
              47.50525,
              39.88269
            ],
            [
              47.49529,
              39.87558
            ],
            [
              47.49447,
              39.86035
            ],
            [
              47.49365,
              39.84513
            ],
            [
              47.49282,
              39.8299
            ],
            [
              47.492,
              39.81468
            ],
            [
              47.48204,
              39.80756
            ],
            [
              47.47208,
              39.80045
            ],
            [
              47.47126,
              39.78522
            ],
            [
              47.47044,
              39.77
            ],
            [
              47.46962,
              39.75477
            ],
            [
              47.4688,
              39.73954
            ],
            [
              47.46797,
              39.72432
            ],
            [
              47.45801,
              39.7172
            ],
            [
              47.44805,
              39.71009
            ],
            [
              47.44723,
              39.69486
            ],
            [
              47.44641,
              39.67964
            ],
            [
              47.44559,
              39.66441
            ],
            [
              47.44477,
              39.64919
            ],
            [
              47.43481,
              39.64207
            ],
            [
              47.42485,
              39.63496
            ],
            [
              47.42403,
              39.61973
            ],
            [
              47.43316,
              39.61162
            ],
            [
              47.4423,
              39.60351
            ],
            [
              47.45144,
              39.5954
            ],
            [
              47.46058,
              39.58728
            ],
            [
              47.45975,
              39.57206
            ],
            [
              47.46889,
              39.56395
            ],
            [
              47.47803,
              39.55583
            ],
            [
              47.47721,
              39.54061
            ],
            [
              47.48634,
              39.53249
            ],
            [
              47.49548,
              39.52438
            ],
            [
              47.50462,
              39.51627
            ],
            [
              47.51376,
              39.50816
            ],
            [
              47.5038,
              39.50104
            ],
            [
              47.49384,
              39.49393
            ],
            [
              47.49302,
              39.4787
            ],
            [
              47.48306,
              39.47159
            ],
            [
              47.4731,
              39.46448
            ],
            [
              47.46314,
              39.45736
            ],
            [
              47.45318,
              39.45025
            ],
            [
              47.45236,
              39.43502
            ],
            [
              47.4424,
              39.42791
            ],
            [
              47.4233,
              39.42891
            ],
            [
              47.41334,
              39.42179
            ],
            [
              47.40338,
              39.41468
            ],
            [
              47.38428,
              39.41568
            ],
            [
              47.37433,
              39.40856
            ],
            [
              47.36437,
              39.40145
            ],
            [
              47.34527,
              39.40245
            ],
            [
              47.33531,
              39.39534
            ],
            [
              47.32535,
              39.38822
            ],
            [
              47.30625,
              39.38922
            ],
            [
              47.29629,
              39.38211
            ],
            [
              47.28634,
              39.37499
            ],
            [
              47.27638,
              39.36788
            ],
            [
              47.26642,
              39.36076
            ],
            [
              47.24732,
              39.36176
            ],
            [
              47.23736,
              39.35465
            ],
            [
              47.2274,
              39.34754
            ],
            [
              47.2083,
              39.34853
            ],
            [
              47.19834,
              39.34142
            ],
            [
              47.18839,
              39.33431
            ],
            [
              47.16929,
              39.3353
            ],
            [
              47.15933,
              39.32819
            ],
            [
              47.14937,
              39.32108
            ],
            [
              47.13027,
              39.32208
            ],
            [
              47.12031,
              39.31496
            ],
            [
              47.11035,
              39.30785
            ],
            [
              47.09126,
              39.30885
            ],
            [
              47.0813,
              39.30173
            ],
            [
              47.07134,
              39.29462
            ],
            [
              47.05224,
              39.29562
            ],
            [
              47.04228,
              39.2885
            ],
            [
              47.03232,
              39.28139
            ],
            [
              47.02236,
              39.27428
            ],
            [
              47.01241,
              39.26716
            ],
            [
              46.99331,
              39.26816
            ],
            [
              46.98335,
              39.26105
            ],
            [
              46.97339,
              39.25393
            ],
            [
              46.95429,
              39.25493
            ],
            [
              46.9352,
              39.25593
            ],
            [
              46.92606,
              39.26404
            ],
            [
              46.91692,
              39.27215
            ],
            [
              46.90778,
              39.28027
            ],
            [
              46.89865,
              39.28838
            ],
            [
              46.87955,
              39.28938
            ],
            [
              46.87041,
              39.29749
            ],
            [
              46.86127,
              39.3056
            ],
            [
              46.84218,
              39.3066
            ],
            [
              46.83304,
              39.31471
            ],
            [
              46.8239,
              39.32282
            ],
            [
              46.81477,
              39.33094
            ],
            [
              46.81559,
              39.34616
            ],
            [
              46.80645,
              39.35427
            ],
            [
              46.79731,
              39.36239
            ],
            [
              46.79813,
              39.37761
            ],
            [
              46.79896,
              39.39284
            ],
            [
              46.78982,
              39.40095
            ],
            [
              46.78068,
              39.40906
            ],
            [
              46.7815,
              39.42429
            ],
            [
              46.78233,
              39.43951
            ],
            [
              46.78315,
              39.45474
            ],
            [
              46.78397,
              39.46997
            ],
            [
              46.77483,
              39.47808
            ],
            [
              46.7657,
              39.48619
            ],
            [
              46.75656,
              39.4943
            ],
            [
              46.73746,
              39.4953
            ],
            [
              46.72832,
              39.50341
            ],
            [
              46.71919,
              39.51153
            ],
            [
              46.71005,
              39.51964
            ],
            [
              46.70091,
              39.52775
            ],
            [
              46.69177,
              39.53586
            ],
            [
              46.68264,
              39.54398
            ],
            [
              46.6735,
              39.55209
            ],
            [
              46.66436,
              39.5602
            ],
            [
              46.65522,
              39.56831
            ],
            [
              46.64609,
              39.57642
            ],
            [
              46.63695,
              39.58454
            ],
            [
              46.62781,
              39.59265
            ],
            [
              46.60872,
              39.59365
            ],
            [
              46.59958,
              39.60176
            ],
            [
              46.59044,
              39.60987
            ],
            [
              46.5813,
              39.61798
            ],
            [
              46.57217,
              39.6261
            ],
            [
              46.56303,
              39.63421
            ],
            [
              46.55389,
              39.64232
            ],
            [
              46.54475,
              39.65043
            ],
            [
              46.53562,
              39.65854
            ],
            [
              46.52648,
              39.66666
            ],
            [
              46.51734,
              39.67477
            ],
            [
              46.5082,
              39.68288
            ],
            [
              46.49907,
              39.69099
            ],
            [
              46.47997,
              39.69199
            ],
            [
              46.47083,
              39.7001
            ],
            [
              46.47165,
              39.71533
            ],
            [
              46.46252,
              39.72344
            ],
            [
              46.45338,
              39.73155
            ],
            [
              46.44424,
              39.73967
            ],
            [
              46.4351,
              39.74778
            ],
            [
              46.42597,
              39.75589
            ],
            [
              46.41683,
              39.764
            ],
            [
              46.41765,
              39.77923
            ],
            [
              46.40851,
              39.78734
            ],
            [
              46.39938,
              39.79545
            ],
            [
              46.39024,
              39.80357
            ],
            [
              46.3811,
              39.81168
            ],
            [
              46.37196,
              39.81979
            ],
            [
              46.36283,
              39.8279
            ],
            [
              46.35369,
              39.83601
            ],
            [
              46.34455,
              39.84413
            ],
            [
              46.34537,
              39.85935
            ],
            [
              46.33624,
              39.86747
            ],
            [
              46.3271,
              39.87558
            ],
            [
              46.31796,
              39.88369
            ],
            [
              46.29887,
              39.88469
            ],
            [
              46.28973,
              39.8928
            ],
            [
              46.28059,
              39.90091
            ],
            [
              46.26149,
              39.90191
            ],
            [
              46.2424,
              39.90291
            ],
            [
              46.23326,
              39.91102
            ],
            [
              46.22412,
              39.91913
            ],
            [
              46.20503,
              39.92013
            ],
            [
              46.19589,
              39.92824
            ],
            [
              46.18675,
              39.93636
            ],
            [
              46.16765,
              39.93735
            ],
            [
              46.15852,
              39.94547
            ],
            [
              46.14938,
              39.95358
            ],
            [
              46.14024,
              39.96169
            ],
            [
              46.1311,
              39.9698
            ],
            [
              46.12197,
              39.97792
            ],
            [
              46.11283,
              39.98603
            ],
            [
              46.10369,
              39.99414
            ],
            [
              46.10451,
              40.00937
            ],
            [
              46.11447,
              40.01648
            ],
            [
              46.12443,
              40.02359
            ],
            [
              46.12525,
              40.03882
            ],
            [
              46.13521,
              40.04593
            ],
            [
              46.14517,
              40.05305
            ],
            [
              46.15513,
              40.06016
            ],
            [
              46.16509,
              40.06728
            ],
            [
              46.16591,
              40.0825
            ],
            [
              46.17587,
              40.08962
            ],
            [
              46.18583,
              40.09673
            ],
            [
              46.18665,
              40.11196
            ],
            [
              46.18748,
              40.12718
            ],
            [
              46.19744,
              40.13429
            ],
            [
              46.2074,
              40.14141
            ],
            [
              46.20822,
              40.15663
            ],
            [
              46.20904,
              40.17186
            ],
            [
              46.20986,
              40.18709
            ],
            [
              46.21982,
              40.1942
            ],
            [
              46.22978,
              40.20131
            ],
            [
              46.23974,
              40.20843
            ]
          ]
        ]
      }
    },
    {
      "type": "Feature",
      "properties": {
        "id": "paytakaran",
        "metrics": {
          "areaKm2": 26511,
          "perimeterKm": 776,
          "eastWestKm": 190,
          "northSouthKm": 213,
          "centroid": [
            48.33932,
            39.34091
          ],
          "sharePercent": 8.3
        }
      },
      "geometry": {
        "type": "Polygon",
        "coordinates": [
          [
            [
              47.6603,
              40.27158
            ],
            [
              47.66943,
              40.26347
            ],
            [
              47.67857,
              40.25536
            ],
            [
              47.69767,
              40.25436
            ],
            [
              47.70763,
              40.26147
            ],
            [
              47.71759,
              40.26859
            ],
            [
              47.73668,
              40.26759
            ],
            [
              47.75578,
              40.26659
            ],
            [
              47.76492,
              40.25848
            ],
            [
              47.77406,
              40.25037
            ],
            [
              47.78319,
              40.24225
            ],
            [
              47.79233,
              40.23414
            ],
            [
              47.81143,
              40.23314
            ],
            [
              47.82056,
              40.22503
            ],
            [
              47.8297,
              40.21692
            ],
            [
              47.83884,
              40.20881
            ],
            [
              47.84798,
              40.20069
            ],
            [
              47.85711,
              40.19258
            ],
            [
              47.86625,
              40.18447
            ],
            [
              47.88535,
              40.18347
            ],
            [
              47.89449,
              40.17536
            ],
            [
              47.90362,
              40.16725
            ],
            [
              47.92272,
              40.16625
            ],
            [
              47.94182,
              40.16525
            ],
            [
              47.95095,
              40.15714
            ],
            [
              47.96009,
              40.14903
            ],
            [
              47.97919,
              40.14803
            ],
            [
              47.99828,
              40.14703
            ],
            [
              48.00824,
              40.15414
            ],
            [
              48.0182,
              40.16126
            ],
            [
              48.0373,
              40.16026
            ],
            [
              48.04726,
              40.16737
            ],
            [
              48.05722,
              40.17449
            ],
            [
              48.06718,
              40.1816
            ],
            [
              48.07714,
              40.18871
            ],
            [
              48.0871,
              40.19583
            ],
            [
              48.09706,
              40.20294
            ],
            [
              48.10619,
              40.19483
            ],
            [
              48.11533,
              40.18672
            ],
            [
              48.12447,
              40.1786
            ],
            [
              48.13361,
              40.17049
            ],
            [
              48.1527,
              40.16949
            ],
            [
              48.16184,
              40.16138
            ],
            [
              48.17098,
              40.15327
            ],
            [
              48.19007,
              40.15227
            ],
            [
              48.19921,
              40.14416
            ],
            [
              48.20835,
              40.13605
            ],
            [
              48.22745,
              40.13505
            ],
            [
              48.24654,
              40.13405
            ],
            [
              48.26564,
              40.13305
            ],
            [
              48.27478,
              40.12494
            ],
            [
              48.28391,
              40.11683
            ],
            [
              48.30301,
              40.11583
            ],
            [
              48.32211,
              40.11483
            ],
            [
              48.3412,
              40.11383
            ],
            [
              48.3603,
              40.11283
            ],
            [
              48.3794,
              40.11183
            ],
            [
              48.39849,
              40.11084
            ],
            [
              48.41759,
              40.10984
            ],
            [
              48.43669,
              40.10884
            ],
            [
              48.45578,
              40.10784
            ],
            [
              48.46492,
              40.09973
            ],
            [
              48.47406,
              40.09162
            ],
            [
              48.49316,
              40.09062
            ],
            [
              48.51225,
              40.08962
            ],
            [
              48.53135,
              40.08862
            ],
            [
              48.55045,
              40.08762
            ],
            [
              48.56041,
              40.09474
            ],
            [
              48.57037,
              40.10185
            ],
            [
              48.58946,
              40.10085
            ],
            [
              48.59942,
              40.10797
            ],
            [
              48.60938,
              40.11508
            ],
            [
              48.61934,
              40.12219
            ],
            [
              48.6293,
              40.12931
            ],
            [
              48.63926,
              40.13642
            ],
            [
              48.64922,
              40.14354
            ],
            [
              48.65918,
              40.15065
            ],
            [
              48.66914,
              40.15776
            ],
            [
              48.6791,
              40.16488
            ],
            [
              48.68906,
              40.17199
            ],
            [
              48.69819,
              40.16388
            ],
            [
              48.70733,
              40.15577
            ],
            [
              48.72643,
              40.15477
            ],
            [
              48.73556,
              40.14666
            ],
            [
              48.7447,
              40.13854
            ],
            [
              48.75384,
              40.13043
            ],
            [
              48.76298,
              40.12232
            ],
            [
              48.77211,
              40.11421
            ],
            [
              48.78125,
              40.10609
            ],
            [
              48.80035,
              40.1051
            ],
            [
              48.81945,
              40.1041
            ],
            [
              48.83854,
              40.1031
            ],
            [
              48.85764,
              40.1021
            ],
            [
              48.86678,
              40.09399
            ],
            [
              48.87591,
              40.08588
            ],
            [
              48.89501,
              40.08488
            ],
            [
              48.90415,
              40.07677
            ],
            [
              48.91329,
              40.06865
            ],
            [
              48.92242,
              40.06054
            ],
            [
              48.93156,
              40.05243
            ],
            [
              48.9407,
              40.04432
            ],
            [
              48.94983,
              40.0362
            ],
            [
              48.95897,
              40.02809
            ],
            [
              48.96811,
              40.01998
            ],
            [
              48.97725,
              40.01187
            ],
            [
              48.98638,
              40.00376
            ],
            [
              48.99552,
              39.99564
            ],
            [
              49.00466,
              39.98753
            ],
            [
              49.0138,
              39.97942
            ],
            [
              49.02293,
              39.97131
            ],
            [
              49.03207,
              39.96319
            ],
            [
              49.04121,
              39.95508
            ],
            [
              49.05035,
              39.94697
            ],
            [
              49.05948,
              39.93886
            ],
            [
              49.06862,
              39.93075
            ],
            [
              49.07776,
              39.92263
            ],
            [
              49.0869,
              39.91452
            ],
            [
              49.08607,
              39.8993
            ],
            [
              49.09521,
              39.89118
            ],
            [
              49.10435,
              39.88307
            ],
            [
              49.11349,
              39.87496
            ],
            [
              49.12262,
              39.86685
            ],
            [
              49.1218,
              39.85162
            ],
            [
              49.12098,
              39.83639
            ],
            [
              49.13012,
              39.82828
            ],
            [
              49.13925,
              39.82017
            ],
            [
              49.13843,
              39.80494
            ],
            [
              49.14757,
              39.79683
            ],
            [
              49.15671,
              39.78872
            ],
            [
              49.15589,
              39.77349
            ],
            [
              49.16502,
              39.76538
            ],
            [
              49.17416,
              39.75727
            ],
            [
              49.1642,
              39.75016
            ],
            [
              49.15424,
              39.74304
            ],
            [
              49.15342,
              39.72782
            ],
            [
              49.1526,
              39.71259
            ],
            [
              49.15178,
              39.69736
            ],
            [
              49.15095,
              39.68214
            ],
            [
              49.15013,
              39.66691
            ],
            [
              49.14931,
              39.65169
            ],
            [
              49.14849,
              39.63646
            ],
            [
              49.15763,
              39.62835
            ],
            [
              49.16676,
              39.62023
            ],
            [
              49.16594,
              39.60501
            ],
            [
              49.17508,
              39.5969
            ],
            [
              49.18422,
              39.58878
            ],
            [
              49.19335,
              39.58067
            ],
            [
              49.20249,
              39.57256
            ],
            [
              49.21163,
              39.56445
            ],
            [
              49.22077,
              39.55634
            ],
            [
              49.2299,
              39.54822
            ],
            [
              49.23904,
              39.54011
            ],
            [
              49.24818,
              39.532
            ],
            [
              49.25731,
              39.52389
            ],
            [
              49.26645,
              39.51577
            ],
            [
              49.27559,
              39.50766
            ],
            [
              49.28473,
              39.49955
            ],
            [
              49.29386,
              39.49144
            ],
            [
              49.303,
              39.48333
            ],
            [
              49.31214,
              39.47521
            ],
            [
              49.32128,
              39.4671
            ],
            [
              49.33041,
              39.45899
            ],
            [
              49.33955,
              39.45088
            ],
            [
              49.34869,
              39.44276
            ],
            [
              49.35783,
              39.43465
            ],
            [
              49.36696,
              39.42654
            ],
            [
              49.3761,
              39.41843
            ],
            [
              49.38524,
              39.41032
            ],
            [
              49.39438,
              39.4022
            ],
            [
              49.40351,
              39.39409
            ],
            [
              49.40269,
              39.37887
            ],
            [
              49.40187,
              39.36364
            ],
            [
              49.40105,
              39.34841
            ],
            [
              49.40023,
              39.33319
            ],
            [
              49.3994,
              39.31796
            ],
            [
              49.39858,
              39.30273
            ],
            [
              49.39776,
              39.28751
            ],
            [
              49.39694,
              39.27228
            ],
            [
              49.39612,
              39.25706
            ],
            [
              49.39529,
              39.24183
            ],
            [
              49.39447,
              39.2266
            ],
            [
              49.39365,
              39.21138
            ],
            [
              49.39283,
              39.19615
            ],
            [
              49.39201,
              39.18093
            ],
            [
              49.39118,
              39.1657
            ],
            [
              49.39036,
              39.15047
            ],
            [
              49.38954,
              39.13525
            ],
            [
              49.37958,
              39.12813
            ],
            [
              49.36962,
              39.12102
            ],
            [
              49.35966,
              39.11391
            ],
            [
              49.3497,
              39.10679
            ],
            [
              49.33974,
              39.09968
            ],
            [
              49.32978,
              39.09257
            ],
            [
              49.31982,
              39.08545
            ],
            [
              49.30987,
              39.07834
            ],
            [
              49.29991,
              39.07122
            ],
            [
              49.28995,
              39.06411
            ],
            [
              49.27999,
              39.057
            ],
            [
              49.27003,
              39.04988
            ],
            [
              49.26007,
              39.04277
            ],
            [
              49.25011,
              39.03566
            ],
            [
              49.24015,
              39.02854
            ],
            [
              49.23019,
              39.02143
            ],
            [
              49.22023,
              39.01431
            ],
            [
              49.21027,
              39.0072
            ],
            [
              49.20031,
              39.00009
            ],
            [
              49.19035,
              38.99297
            ],
            [
              49.19949,
              38.98486
            ],
            [
              49.20863,
              38.97675
            ],
            [
              49.20781,
              38.96152
            ],
            [
              49.19785,
              38.95441
            ],
            [
              49.18789,
              38.94729
            ],
            [
              49.18707,
              38.93207
            ],
            [
              49.17711,
              38.92495
            ],
            [
              49.16715,
              38.91784
            ],
            [
              49.16632,
              38.90261
            ],
            [
              49.15637,
              38.8955
            ],
            [
              49.14641,
              38.88839
            ],
            [
              49.13645,
              38.88127
            ],
            [
              49.12649,
              38.87416
            ],
            [
              49.11653,
              38.86705
            ],
            [
              49.10657,
              38.85993
            ],
            [
              49.09661,
              38.85282
            ],
            [
              49.08665,
              38.8457
            ],
            [
              49.08583,
              38.83048
            ],
            [
              49.09497,
              38.82237
            ],
            [
              49.1041,
              38.81425
            ],
            [
              49.10328,
              38.79903
            ],
            [
              49.11242,
              38.79092
            ],
            [
              49.12156,
              38.7828
            ],
            [
              49.12073,
              38.76758
            ],
            [
              49.11991,
              38.75235
            ],
            [
              49.12905,
              38.74424
            ],
            [
              49.13819,
              38.73613
            ],
            [
              49.13736,
              38.7209
            ],
            [
              49.13654,
              38.70567
            ],
            [
              49.14568,
              38.69756
            ],
            [
              49.15482,
              38.68945
            ],
            [
              49.154,
              38.67422
            ],
            [
              49.15317,
              38.659
            ],
            [
              49.15235,
              38.64377
            ],
            [
              49.15153,
              38.62855
            ],
            [
              49.16067,
              38.62043
            ],
            [
              49.1698,
              38.61232
            ],
            [
              49.16898,
              38.5971
            ],
            [
              49.16816,
              38.58187
            ],
            [
              49.16734,
              38.56664
            ],
            [
              49.16652,
              38.55142
            ],
            [
              49.1657,
              38.53619
            ],
            [
              49.16487,
              38.52097
            ],
            [
              49.16405,
              38.50574
            ],
            [
              49.16323,
              38.49051
            ],
            [
              49.15327,
              38.4834
            ],
            [
              49.14331,
              38.47629
            ],
            [
              49.13335,
              38.46917
            ],
            [
              49.12339,
              38.46206
            ],
            [
              49.11343,
              38.45494
            ],
            [
              49.10347,
              38.44783
            ],
            [
              49.09351,
              38.44072
            ],
            [
              49.08355,
              38.4336
            ],
            [
              49.0736,
              38.42649
            ],
            [
              49.06364,
              38.41937
            ],
            [
              49.05368,
              38.41226
            ],
            [
              49.04372,
              38.40515
            ],
            [
              49.03376,
              38.39803
            ],
            [
              49.0238,
              38.39092
            ],
            [
              49.01384,
              38.38381
            ],
            [
              48.99474,
              38.3848
            ],
            [
              48.98478,
              38.37769
            ],
            [
              48.97482,
              38.37058
            ],
            [
              48.95573,
              38.37157
            ],
            [
              48.93663,
              38.37257
            ],
            [
              48.91753,
              38.37357
            ],
            [
              48.89844,
              38.37457
            ],
            [
              48.88848,
              38.36746
            ],
            [
              48.87852,
              38.36034
            ],
            [
              48.85942,
              38.36134
            ],
            [
              48.84032,
              38.36234
            ],
            [
              48.82123,
              38.36334
            ],
            [
              48.80213,
              38.36434
            ],
            [
              48.79217,
              38.35722
            ],
            [
              48.78221,
              38.35011
            ],
            [
              48.76312,
              38.35111
            ],
            [
              48.74402,
              38.35211
            ],
            [
              48.73488,
              38.36022
            ],
            [
              48.72574,
              38.36833
            ],
            [
              48.71661,
              38.37644
            ],
            [
              48.70747,
              38.38455
            ],
            [
              48.69833,
              38.39267
            ],
            [
              48.68919,
              38.40078
            ],
            [
              48.68006,
              38.40889
            ],
            [
              48.67092,
              38.417
            ],
            [
              48.66178,
              38.42512
            ],
            [
              48.65264,
              38.43323
            ],
            [
              48.64351,
              38.44134
            ],
            [
              48.63437,
              38.44945
            ],
            [
              48.62523,
              38.45756
            ],
            [
              48.61609,
              38.46568
            ],
            [
              48.60696,
              38.47379
            ],
            [
              48.59782,
              38.4819
            ],
            [
              48.58868,
              38.49001
            ],
            [
              48.57955,
              38.49812
            ],
            [
              48.57041,
              38.50624
            ],
            [
              48.56127,
              38.51435
            ],
            [
              48.55213,
              38.52246
            ],
            [
              48.543,
              38.53057
            ],
            [
              48.5239,
              38.53157
            ],
            [
              48.5048,
              38.53257
            ],
            [
              48.48571,
              38.53357
            ],
            [
              48.47657,
              38.54168
            ],
            [
              48.46743,
              38.54979
            ],
            [
              48.45829,
              38.55791
            ],
            [
              48.44916,
              38.56602
            ],
            [
              48.44002,
              38.57413
            ],
            [
              48.43088,
              38.58224
            ],
            [
              48.42174,
              38.59035
            ],
            [
              48.41261,
              38.59847
            ],
            [
              48.40347,
              38.60658
            ],
            [
              48.39433,
              38.61469
            ],
            [
              48.38519,
              38.6228
            ],
            [
              48.37606,
              38.63092
            ],
            [
              48.36692,
              38.63903
            ],
            [
              48.35778,
              38.64714
            ],
            [
              48.34864,
              38.65525
            ],
            [
              48.33951,
              38.66336
            ],
            [
              48.33037,
              38.67148
            ],
            [
              48.32123,
              38.67959
            ],
            [
              48.30214,
              38.68059
            ],
            [
              48.293,
              38.6887
            ],
            [
              48.28386,
              38.69681
            ],
            [
              48.27472,
              38.70492
            ],
            [
              48.26559,
              38.71304
            ],
            [
              48.25645,
              38.72115
            ],
            [
              48.24731,
              38.72926
            ],
            [
              48.23817,
              38.73737
            ],
            [
              48.22904,
              38.74548
            ],
            [
              48.2199,
              38.7536
            ],
            [
              48.21076,
              38.76171
            ],
            [
              48.20162,
              38.76982
            ],
            [
              48.19249,
              38.77793
            ],
            [
              48.18335,
              38.78605
            ],
            [
              48.17421,
              38.79416
            ],
            [
              48.16507,
              38.80227
            ],
            [
              48.15594,
              38.81038
            ],
            [
              48.13684,
              38.81138
            ],
            [
              48.11774,
              38.81238
            ],
            [
              48.10778,
              38.80527
            ],
            [
              48.09782,
              38.79815
            ],
            [
              48.08787,
              38.79104
            ],
            [
              48.07791,
              38.78392
            ],
            [
              48.05881,
              38.78492
            ],
            [
              48.04885,
              38.77781
            ],
            [
              48.03889,
              38.77069
            ],
            [
              48.02893,
              38.76358
            ],
            [
              48.01897,
              38.75647
            ],
            [
              48.00901,
              38.74935
            ],
            [
              47.99905,
              38.74224
            ],
            [
              47.98909,
              38.73513
            ],
            [
              47.97913,
              38.72801
            ],
            [
              47.96917,
              38.7209
            ],
            [
              47.95922,
              38.71378
            ],
            [
              47.94926,
              38.70667
            ],
            [
              47.9393,
              38.69956
            ],
            [
              47.9202,
              38.70056
            ],
            [
              47.91024,
              38.69344
            ],
            [
              47.90028,
              38.68633
            ],
            [
              47.88118,
              38.68733
            ],
            [
              47.87123,
              38.68021
            ],
            [
              47.86127,
              38.6731
            ],
            [
              47.84217,
              38.6741
            ],
            [
              47.82307,
              38.67509
            ],
            [
              47.81394,
              38.68321
            ],
            [
              47.8048,
              38.69132
            ],
            [
              47.79566,
              38.69943
            ],
            [
              47.78652,
              38.70754
            ],
            [
              47.76743,
              38.70854
            ],
            [
              47.75829,
              38.71665
            ],
            [
              47.74915,
              38.72477
            ],
            [
              47.73005,
              38.72576
            ],
            [
              47.72092,
              38.73388
            ],
            [
              47.71178,
              38.74199
            ],
            [
              47.69268,
              38.74299
            ],
            [
              47.67359,
              38.74399
            ],
            [
              47.66363,
              38.73687
            ],
            [
              47.65367,
              38.72976
            ],
            [
              47.63457,
              38.73076
            ],
            [
              47.61547,
              38.73176
            ],
            [
              47.60551,
              38.72464
            ],
            [
              47.59556,
              38.71753
            ],
            [
              47.5856,
              38.71041
            ],
            [
              47.57564,
              38.7033
            ],
            [
              47.56568,
              38.69619
            ],
            [
              47.55572,
              38.68907
            ],
            [
              47.54576,
              38.68196
            ],
            [
              47.5358,
              38.67484
            ],
            [
              47.52584,
              38.66773
            ],
            [
              47.51588,
              38.66062
            ],
            [
              47.50592,
              38.6535
            ],
            [
              47.49596,
              38.64639
            ],
            [
              47.486,
              38.63928
            ],
            [
              47.47604,
              38.63216
            ],
            [
              47.46608,
              38.62505
            ],
            [
              47.45612,
              38.61793
            ],
            [
              47.44699,
              38.62605
            ],
            [
              47.43785,
              38.63416
            ],
            [
              47.41875,
              38.63516
            ],
            [
              47.40962,
              38.64327
            ],
            [
              47.40048,
              38.65138
            ],
            [
              47.39134,
              38.65949
            ],
            [
              47.3822,
              38.66761
            ],
            [
              47.37307,
              38.67572
            ],
            [
              47.36393,
              38.68383
            ],
            [
              47.35479,
              38.69194
            ],
            [
              47.34565,
              38.70005
            ],
            [
              47.33652,
              38.70817
            ],
            [
              47.33734,
              38.72339
            ],
            [
              47.33816,
              38.73862
            ],
            [
              47.33898,
              38.75385
            ],
            [
              47.34894,
              38.76096
            ],
            [
              47.3589,
              38.76807
            ],
            [
              47.35972,
              38.7833
            ],
            [
              47.36054,
              38.79852
            ],
            [
              47.36137,
              38.81375
            ],
            [
              47.37133,
              38.82086
            ],
            [
              47.38129,
              38.82798
            ],
            [
              47.38211,
              38.8432
            ],
            [
              47.38293,
              38.85843
            ],
            [
              47.38375,
              38.87366
            ],
            [
              47.39371,
              38.88077
            ],
            [
              47.40367,
              38.88788
            ],
            [
              47.41363,
              38.895
            ],
            [
              47.43273,
              38.894
            ],
            [
              47.44269,
              38.90111
            ],
            [
              47.45264,
              38.90823
            ],
            [
              47.4626,
              38.91534
            ],
            [
              47.47256,
              38.92245
            ],
            [
              47.48252,
              38.92957
            ],
            [
              47.47339,
              38.93768
            ],
            [
              47.46425,
              38.94579
            ],
            [
              47.46507,
              38.96102
            ],
            [
              47.45593,
              38.96913
            ],
            [
              47.44679,
              38.97724
            ],
            [
              47.44762,
              38.99247
            ],
            [
              47.43848,
              39.00058
            ],
            [
              47.42934,
              39.00869
            ],
            [
              47.43016,
              39.02392
            ],
            [
              47.42103,
              39.03203
            ],
            [
              47.41189,
              39.04014
            ],
            [
              47.40275,
              39.04826
            ],
            [
              47.39361,
              39.05637
            ],
            [
              47.39444,
              39.07159
            ],
            [
              47.39526,
              39.08682
            ],
            [
              47.38612,
              39.09493
            ],
            [
              47.37698,
              39.10305
            ],
            [
              47.37781,
              39.11827
            ],
            [
              47.37863,
              39.1335
            ],
            [
              47.37945,
              39.14872
            ],
            [
              47.38027,
              39.16395
            ],
            [
              47.38109,
              39.17918
            ],
            [
              47.37196,
              39.18729
            ],
            [
              47.36282,
              39.1954
            ],
            [
              47.35368,
              39.20351
            ],
            [
              47.34454,
              39.21162
            ],
            [
              47.33541,
              39.21974
            ],
            [
              47.31631,
              39.22074
            ],
            [
              47.30717,
              39.22885
            ],
            [
              47.29803,
              39.23696
            ],
            [
              47.27894,
              39.23796
            ],
            [
              47.2698,
              39.24607
            ],
            [
              47.26066,
              39.25418
            ],
            [
              47.25153,
              39.26229
            ],
            [
              47.25235,
              39.27752
            ],
            [
              47.24321,
              39.28563
            ],
            [
              47.23407,
              39.29374
            ],
            [
              47.22494,
              39.30186
            ],
            [
              47.2158,
              39.30997
            ],
            [
              47.20666,
              39.31808
            ],
            [
              47.19752,
              39.32619
            ],
            [
              47.19834,
              39.34142
            ],
            [
              47.2083,
              39.34853
            ],
            [
              47.2274,
              39.34754
            ],
            [
              47.23736,
              39.35465
            ],
            [
              47.24732,
              39.36176
            ],
            [
              47.26642,
              39.36076
            ],
            [
              47.27638,
              39.36788
            ],
            [
              47.28634,
              39.37499
            ],
            [
              47.29629,
              39.38211
            ],
            [
              47.30625,
              39.38922
            ],
            [
              47.32535,
              39.38822
            ],
            [
              47.33531,
              39.39534
            ],
            [
              47.34527,
              39.40245
            ],
            [
              47.36437,
              39.40145
            ],
            [
              47.37433,
              39.40856
            ],
            [
              47.38428,
              39.41568
            ],
            [
              47.40338,
              39.41468
            ],
            [
              47.41334,
              39.42179
            ],
            [
              47.4233,
              39.42891
            ],
            [
              47.4424,
              39.42791
            ],
            [
              47.45236,
              39.43502
            ],
            [
              47.45318,
              39.45025
            ],
            [
              47.46314,
              39.45736
            ],
            [
              47.4731,
              39.46448
            ],
            [
              47.48306,
              39.47159
            ],
            [
              47.49302,
              39.4787
            ],
            [
              47.49384,
              39.49393
            ],
            [
              47.5038,
              39.50104
            ],
            [
              47.51376,
              39.50816
            ],
            [
              47.50462,
              39.51627
            ],
            [
              47.49548,
              39.52438
            ],
            [
              47.48634,
              39.53249
            ],
            [
              47.47721,
              39.54061
            ],
            [
              47.47803,
              39.55583
            ],
            [
              47.46889,
              39.56395
            ],
            [
              47.45975,
              39.57206
            ],
            [
              47.46058,
              39.58728
            ],
            [
              47.45144,
              39.5954
            ],
            [
              47.4423,
              39.60351
            ],
            [
              47.43316,
              39.61162
            ],
            [
              47.42403,
              39.61973
            ],
            [
              47.42485,
              39.63496
            ],
            [
              47.43481,
              39.64207
            ],
            [
              47.44477,
              39.64919
            ],
            [
              47.44559,
              39.66441
            ],
            [
              47.44641,
              39.67964
            ],
            [
              47.44723,
              39.69486
            ],
            [
              47.44805,
              39.71009
            ],
            [
              47.45801,
              39.7172
            ],
            [
              47.46797,
              39.72432
            ],
            [
              47.4688,
              39.73954
            ],
            [
              47.46962,
              39.75477
            ],
            [
              47.47044,
              39.77
            ],
            [
              47.47126,
              39.78522
            ],
            [
              47.47208,
              39.80045
            ],
            [
              47.48204,
              39.80756
            ],
            [
              47.492,
              39.81468
            ],
            [
              47.49282,
              39.8299
            ],
            [
              47.49365,
              39.84513
            ],
            [
              47.49447,
              39.86035
            ],
            [
              47.49529,
              39.87558
            ],
            [
              47.50525,
              39.88269
            ],
            [
              47.51521,
              39.88981
            ],
            [
              47.51603,
              39.90503
            ],
            [
              47.51685,
              39.92026
            ],
            [
              47.51767,
              39.93549
            ],
            [
              47.5185,
              39.95071
            ],
            [
              47.52846,
              39.95783
            ],
            [
              47.53841,
              39.96494
            ],
            [
              47.52928,
              39.97305
            ],
            [
              47.51018,
              39.97405
            ],
            [
              47.49108,
              39.97505
            ],
            [
              47.48195,
              39.98316
            ],
            [
              47.47281,
              39.99127
            ],
            [
              47.46367,
              39.99938
            ],
            [
              47.46449,
              40.01461
            ],
            [
              47.46532,
              40.02984
            ],
            [
              47.46614,
              40.04506
            ],
            [
              47.46696,
              40.06029
            ],
            [
              47.46778,
              40.07551
            ],
            [
              47.47774,
              40.08263
            ],
            [
              47.4877,
              40.08974
            ],
            [
              47.48852,
              40.10497
            ],
            [
              47.49848,
              40.11208
            ],
            [
              47.50844,
              40.1192
            ],
            [
              47.5184,
              40.12631
            ],
            [
              47.5375,
              40.12531
            ],
            [
              47.54746,
              40.13243
            ],
            [
              47.55742,
              40.13954
            ],
            [
              47.57651,
              40.13854
            ],
            [
              47.58647,
              40.14565
            ],
            [
              47.58729,
              40.16088
            ],
            [
              47.59725,
              40.16799
            ],
            [
              47.60721,
              40.17511
            ],
            [
              47.60803,
              40.19033
            ],
            [
              47.61799,
              40.19745
            ],
            [
              47.62795,
              40.20456
            ],
            [
              47.62877,
              40.21979
            ],
            [
              47.6296,
              40.23501
            ],
            [
              47.63956,
              40.24213
            ],
            [
              47.64952,
              40.24924
            ],
            [
              47.65034,
              40.26447
            ],
            [
              47.6603,
              40.27158
            ]
          ]
        ]
      }
    },
    {
      "type": "Feature",
      "properties": {
        "id": "syunik",
        "metrics": {
          "areaKm2": 17947,
          "perimeterKm": 667,
          "eastWestKm": 169,
          "northSouthKm": 197,
          "centroid": [
            45.88212,
            39.73095
          ],
          "sharePercent": 5.7
        }
      },
      "geometry": {
        "type": "Polygon",
        "coordinates": [
          [
            [
              45.15021,
              40.60131
            ],
            [
              45.16931,
              40.60031
            ],
            [
              45.17844,
              40.5922
            ],
            [
              45.18758,
              40.58408
            ],
            [
              45.20668,
              40.58309
            ],
            [
              45.22578,
              40.58209
            ],
            [
              45.23491,
              40.57398
            ],
            [
              45.24405,
              40.56586
            ],
            [
              45.26315,
              40.56487
            ],
            [
              45.28224,
              40.56387
            ],
            [
              45.30134,
              40.56287
            ],
            [
              45.32044,
              40.56187
            ],
            [
              45.33953,
              40.56087
            ],
            [
              45.34949,
              40.56799
            ],
            [
              45.35945,
              40.5751
            ],
            [
              45.37855,
              40.5741
            ],
            [
              45.39765,
              40.5731
            ],
            [
              45.40678,
              40.56499
            ],
            [
              45.41592,
              40.55688
            ],
            [
              45.42506,
              40.54877
            ],
            [
              45.4342,
              40.54065
            ],
            [
              45.44333,
              40.53254
            ],
            [
              45.45247,
              40.52443
            ],
            [
              45.47157,
              40.52343
            ],
            [
              45.49066,
              40.52243
            ],
            [
              45.50976,
              40.52143
            ],
            [
              45.52886,
              40.52044
            ],
            [
              45.53882,
              40.52755
            ],
            [
              45.54878,
              40.53466
            ],
            [
              45.56787,
              40.53367
            ],
            [
              45.58697,
              40.53267
            ],
            [
              45.60607,
              40.53167
            ],
            [
              45.62516,
              40.53067
            ],
            [
              45.64426,
              40.52967
            ],
            [
              45.66336,
              40.52867
            ],
            [
              45.68245,
              40.52767
            ],
            [
              45.70155,
              40.52668
            ],
            [
              45.72065,
              40.52568
            ],
            [
              45.73974,
              40.52468
            ],
            [
              45.74888,
              40.51657
            ],
            [
              45.75802,
              40.50846
            ],
            [
              45.76716,
              40.50034
            ],
            [
              45.77629,
              40.49223
            ],
            [
              45.79539,
              40.49123
            ],
            [
              45.80453,
              40.48312
            ],
            [
              45.81366,
              40.47501
            ],
            [
              45.83276,
              40.47401
            ],
            [
              45.85186,
              40.47301
            ],
            [
              45.861,
              40.4649
            ],
            [
              45.87013,
              40.45679
            ],
            [
              45.88923,
              40.45579
            ],
            [
              45.90833,
              40.45479
            ],
            [
              45.92742,
              40.45379
            ],
            [
              45.93656,
              40.44568
            ],
            [
              45.9457,
              40.43757
            ],
            [
              45.96479,
              40.43657
            ],
            [
              45.98389,
              40.43557
            ],
            [
              45.99303,
              40.42746
            ],
            [
              46.00217,
              40.41935
            ],
            [
              46.02126,
              40.41835
            ],
            [
              46.04036,
              40.41735
            ],
            [
              46.05946,
              40.41635
            ],
            [
              46.07855,
              40.41535
            ],
            [
              46.08769,
              40.40724
            ],
            [
              46.09683,
              40.39913
            ],
            [
              46.11593,
              40.39813
            ],
            [
              46.13502,
              40.39713
            ],
            [
              46.14416,
              40.38902
            ],
            [
              46.1533,
              40.38091
            ],
            [
              46.17239,
              40.37991
            ],
            [
              46.18153,
              40.3718
            ],
            [
              46.19067,
              40.36368
            ],
            [
              46.19981,
              40.35557
            ],
            [
              46.20894,
              40.34746
            ],
            [
              46.21808,
              40.33935
            ],
            [
              46.21726,
              40.32412
            ],
            [
              46.21644,
              40.3089
            ],
            [
              46.21561,
              40.29367
            ],
            [
              46.21479,
              40.27844
            ],
            [
              46.22393,
              40.27033
            ],
            [
              46.23307,
              40.26222
            ],
            [
              46.23225,
              40.24699
            ],
            [
              46.23142,
              40.23177
            ],
            [
              46.2306,
              40.21654
            ],
            [
              46.22978,
              40.20131
            ],
            [
              46.21982,
              40.1942
            ],
            [
              46.20986,
              40.18709
            ],
            [
              46.20904,
              40.17186
            ],
            [
              46.20822,
              40.15663
            ],
            [
              46.2074,
              40.14141
            ],
            [
              46.19744,
              40.13429
            ],
            [
              46.18748,
              40.12718
            ],
            [
              46.18665,
              40.11196
            ],
            [
              46.18583,
              40.09673
            ],
            [
              46.17587,
              40.08962
            ],
            [
              46.16591,
              40.0825
            ],
            [
              46.16509,
              40.06728
            ],
            [
              46.15513,
              40.06016
            ],
            [
              46.14517,
              40.05305
            ],
            [
              46.13521,
              40.04593
            ],
            [
              46.12525,
              40.03882
            ],
            [
              46.12443,
              40.02359
            ],
            [
              46.11447,
              40.01648
            ],
            [
              46.10451,
              40.00937
            ],
            [
              46.10369,
              39.99414
            ],
            [
              46.11283,
              39.98603
            ],
            [
              46.12197,
              39.97792
            ],
            [
              46.1311,
              39.9698
            ],
            [
              46.14024,
              39.96169
            ],
            [
              46.14938,
              39.95358
            ],
            [
              46.15852,
              39.94547
            ],
            [
              46.16765,
              39.93735
            ],
            [
              46.18675,
              39.93636
            ],
            [
              46.19589,
              39.92824
            ],
            [
              46.20503,
              39.92013
            ],
            [
              46.22412,
              39.91913
            ],
            [
              46.23326,
              39.91102
            ],
            [
              46.2424,
              39.90291
            ],
            [
              46.26149,
              39.90191
            ],
            [
              46.28059,
              39.90091
            ],
            [
              46.28973,
              39.8928
            ],
            [
              46.29887,
              39.88469
            ],
            [
              46.31796,
              39.88369
            ],
            [
              46.3271,
              39.87558
            ],
            [
              46.33624,
              39.86747
            ],
            [
              46.34537,
              39.85935
            ],
            [
              46.34455,
              39.84413
            ],
            [
              46.35369,
              39.83601
            ],
            [
              46.36283,
              39.8279
            ],
            [
              46.37196,
              39.81979
            ],
            [
              46.3811,
              39.81168
            ],
            [
              46.39024,
              39.80357
            ],
            [
              46.39938,
              39.79545
            ],
            [
              46.40851,
              39.78734
            ],
            [
              46.41765,
              39.77923
            ],
            [
              46.41683,
              39.764
            ],
            [
              46.42597,
              39.75589
            ],
            [
              46.4351,
              39.74778
            ],
            [
              46.44424,
              39.73967
            ],
            [
              46.45338,
              39.73155
            ],
            [
              46.46252,
              39.72344
            ],
            [
              46.47165,
              39.71533
            ],
            [
              46.47083,
              39.7001
            ],
            [
              46.47997,
              39.69199
            ],
            [
              46.49907,
              39.69099
            ],
            [
              46.5082,
              39.68288
            ],
            [
              46.51734,
              39.67477
            ],
            [
              46.52648,
              39.66666
            ],
            [
              46.53562,
              39.65854
            ],
            [
              46.54475,
              39.65043
            ],
            [
              46.55389,
              39.64232
            ],
            [
              46.56303,
              39.63421
            ],
            [
              46.57217,
              39.6261
            ],
            [
              46.5813,
              39.61798
            ],
            [
              46.59044,
              39.60987
            ],
            [
              46.59958,
              39.60176
            ],
            [
              46.60872,
              39.59365
            ],
            [
              46.62781,
              39.59265
            ],
            [
              46.63695,
              39.58454
            ],
            [
              46.64609,
              39.57642
            ],
            [
              46.65522,
              39.56831
            ],
            [
              46.66436,
              39.5602
            ],
            [
              46.6735,
              39.55209
            ],
            [
              46.68264,
              39.54398
            ],
            [
              46.69177,
              39.53586
            ],
            [
              46.70091,
              39.52775
            ],
            [
              46.71005,
              39.51964
            ],
            [
              46.71919,
              39.51153
            ],
            [
              46.72832,
              39.50341
            ],
            [
              46.73746,
              39.4953
            ],
            [
              46.75656,
              39.4943
            ],
            [
              46.7657,
              39.48619
            ],
            [
              46.77483,
              39.47808
            ],
            [
              46.78397,
              39.46997
            ],
            [
              46.78315,
              39.45474
            ],
            [
              46.78233,
              39.43951
            ],
            [
              46.7815,
              39.42429
            ],
            [
              46.78068,
              39.40906
            ],
            [
              46.78982,
              39.40095
            ],
            [
              46.79896,
              39.39284
            ],
            [
              46.79813,
              39.37761
            ],
            [
              46.79731,
              39.36239
            ],
            [
              46.80645,
              39.35427
            ],
            [
              46.81559,
              39.34616
            ],
            [
              46.81477,
              39.33094
            ],
            [
              46.8239,
              39.32282
            ],
            [
              46.83304,
              39.31471
            ],
            [
              46.84218,
              39.3066
            ],
            [
              46.86127,
              39.3056
            ],
            [
              46.87041,
              39.29749
            ],
            [
              46.87955,
              39.28938
            ],
            [
              46.89865,
              39.28838
            ],
            [
              46.90778,
              39.28027
            ],
            [
              46.91692,
              39.27215
            ],
            [
              46.92606,
              39.26404
            ],
            [
              46.9352,
              39.25593
            ],
            [
              46.94433,
              39.24782
            ],
            [
              46.93437,
              39.2407
            ],
            [
              46.92441,
              39.23359
            ],
            [
              46.91446,
              39.22648
            ],
            [
              46.9045,
              39.21936
            ],
            [
              46.89454,
              39.21225
            ],
            [
              46.88458,
              39.20513
            ],
            [
              46.88376,
              39.18991
            ],
            [
              46.8738,
              39.18279
            ],
            [
              46.86384,
              39.17568
            ],
            [
              46.86301,
              39.16045
            ],
            [
              46.86219,
              39.14523
            ],
            [
              46.86137,
              39.13
            ],
            [
              46.86055,
              39.11478
            ],
            [
              46.85973,
              39.09955
            ],
            [
              46.84977,
              39.09244
            ],
            [
              46.83981,
              39.08532
            ],
            [
              46.83899,
              39.0701
            ],
            [
              46.83816,
              39.05487
            ],
            [
              46.83734,
              39.03964
            ],
            [
              46.82738,
              39.03253
            ],
            [
              46.81742,
              39.02542
            ],
            [
              46.8166,
              39.01019
            ],
            [
              46.81578,
              38.99496
            ],
            [
              46.80582,
              38.98785
            ],
            [
              46.79586,
              38.98074
            ],
            [
              46.7859,
              38.97362
            ],
            [
              46.76681,
              38.97462
            ],
            [
              46.75685,
              38.96751
            ],
            [
              46.74689,
              38.96039
            ],
            [
              46.73693,
              38.95328
            ],
            [
              46.73611,
              38.93805
            ],
            [
              46.72615,
              38.93094
            ],
            [
              46.71619,
              38.92383
            ],
            [
              46.71536,
              38.9086
            ],
            [
              46.70541,
              38.90149
            ],
            [
              46.69545,
              38.89437
            ],
            [
              46.68549,
              38.88726
            ],
            [
              46.67553,
              38.88014
            ],
            [
              46.66557,
              38.87303
            ],
            [
              46.65561,
              38.86592
            ],
            [
              46.64565,
              38.8588
            ],
            [
              46.63569,
              38.85169
            ],
            [
              46.62573,
              38.84458
            ],
            [
              46.60663,
              38.84557
            ],
            [
              46.58754,
              38.84657
            ],
            [
              46.5784,
              38.85468
            ],
            [
              46.56926,
              38.8628
            ],
            [
              46.55017,
              38.8638
            ],
            [
              46.53107,
              38.86479
            ],
            [
              46.51197,
              38.86579
            ],
            [
              46.49288,
              38.86679
            ],
            [
              46.47378,
              38.86779
            ],
            [
              46.45468,
              38.86879
            ],
            [
              46.43558,
              38.86979
            ],
            [
              46.41649,
              38.87078
            ],
            [
              46.39739,
              38.87178
            ],
            [
              46.37829,
              38.87278
            ],
            [
              46.36834,
              38.86567
            ],
            [
              46.35838,
              38.85855
            ],
            [
              46.34842,
              38.85144
            ],
            [
              46.33846,
              38.84433
            ],
            [
              46.3285,
              38.83721
            ],
            [
              46.31854,
              38.8301
            ],
            [
              46.29944,
              38.8311
            ],
            [
              46.28034,
              38.83209
            ],
            [
              46.26125,
              38.83309
            ],
            [
              46.25211,
              38.84121
            ],
            [
              46.24297,
              38.84932
            ],
            [
              46.23384,
              38.85743
            ],
            [
              46.23466,
              38.87266
            ],
            [
              46.22552,
              38.88077
            ],
            [
              46.21638,
              38.88888
            ],
            [
              46.2172,
              38.90411
            ],
            [
              46.21803,
              38.91933
            ],
            [
              46.20889,
              38.92744
            ],
            [
              46.19975,
              38.93556
            ],
            [
              46.20057,
              38.95078
            ],
            [
              46.2014,
              38.96601
            ],
            [
              46.19226,
              38.97412
            ],
            [
              46.18312,
              38.98223
            ],
            [
              46.18394,
              38.99746
            ],
            [
              46.18477,
              39.01269
            ],
            [
              46.18559,
              39.02791
            ],
            [
              46.18641,
              39.04314
            ],
            [
              46.18723,
              39.05836
            ],
            [
              46.17809,
              39.06648
            ],
            [
              46.16896,
              39.07459
            ],
            [
              46.16978,
              39.08981
            ],
            [
              46.16064,
              39.09793
            ],
            [
              46.1515,
              39.10604
            ],
            [
              46.15233,
              39.12126
            ],
            [
              46.15315,
              39.13649
            ],
            [
              46.14401,
              39.1446
            ],
            [
              46.12491,
              39.1456
            ],
            [
              46.10582,
              39.1466
            ],
            [
              46.08672,
              39.1476
            ],
            [
              46.07676,
              39.14048
            ],
            [
              46.0668,
              39.13337
            ],
            [
              46.05684,
              39.12626
            ],
            [
              46.04688,
              39.11914
            ],
            [
              46.02779,
              39.12014
            ],
            [
              46.00869,
              39.12114
            ],
            [
              45.99873,
              39.11403
            ],
            [
              45.98877,
              39.10691
            ],
            [
              45.96967,
              39.10791
            ],
            [
              45.95058,
              39.10891
            ],
            [
              45.93148,
              39.10991
            ],
            [
              45.92234,
              39.11802
            ],
            [
              45.9132,
              39.12613
            ],
            [
              45.90407,
              39.13424
            ],
            [
              45.90489,
              39.14947
            ],
            [
              45.89575,
              39.15758
            ],
            [
              45.88661,
              39.16569
            ],
            [
              45.87748,
              39.17381
            ],
            [
              45.86752,
              39.16669
            ],
            [
              45.85756,
              39.15958
            ],
            [
              45.83846,
              39.16058
            ],
            [
              45.8285,
              39.15346
            ],
            [
              45.81854,
              39.14635
            ],
            [
              45.79945,
              39.14735
            ],
            [
              45.78949,
              39.14023
            ],
            [
              45.77953,
              39.13312
            ],
            [
              45.76957,
              39.12601
            ],
            [
              45.75961,
              39.11889
            ],
            [
              45.74051,
              39.11989
            ],
            [
              45.72142,
              39.12089
            ],
            [
              45.70232,
              39.12189
            ],
            [
              45.69318,
              39.13
            ],
            [
              45.68404,
              39.13811
            ],
            [
              45.67491,
              39.14622
            ],
            [
              45.67573,
              39.16145
            ],
            [
              45.67655,
              39.17668
            ],
            [
              45.68651,
              39.18379
            ],
            [
              45.69647,
              39.1909
            ],
            [
              45.69729,
              39.20613
            ],
            [
              45.69811,
              39.22136
            ],
            [
              45.70807,
              39.22847
            ],
            [
              45.71803,
              39.23558
            ],
            [
              45.71885,
              39.25081
            ],
            [
              45.71968,
              39.26604
            ],
            [
              45.7205,
              39.28126
            ],
            [
              45.71136,
              39.28937
            ],
            [
              45.70222,
              39.29749
            ],
            [
              45.69308,
              39.3056
            ],
            [
              45.67399,
              39.3066
            ],
            [
              45.65489,
              39.3076
            ],
            [
              45.63579,
              39.30859
            ],
            [
              45.6167,
              39.30959
            ],
            [
              45.5976,
              39.31059
            ],
            [
              45.5785,
              39.31159
            ],
            [
              45.55941,
              39.31259
            ],
            [
              45.54031,
              39.31359
            ],
            [
              45.52121,
              39.31458
            ],
            [
              45.50212,
              39.31558
            ],
            [
              45.49298,
              39.32369
            ],
            [
              45.48384,
              39.33181
            ],
            [
              45.46475,
              39.33281
            ],
            [
              45.44565,
              39.3338
            ],
            [
              45.42655,
              39.3348
            ],
            [
              45.41741,
              39.34291
            ],
            [
              45.40828,
              39.35103
            ],
            [
              45.38918,
              39.35202
            ],
            [
              45.38004,
              39.36014
            ],
            [
              45.37091,
              39.36825
            ],
            [
              45.36177,
              39.37636
            ],
            [
              45.36259,
              39.39159
            ],
            [
              45.35345,
              39.3997
            ],
            [
              45.34432,
              39.40781
            ],
            [
              45.34514,
              39.42304
            ],
            [
              45.336,
              39.43115
            ],
            [
              45.32686,
              39.43926
            ],
            [
              45.32768,
              39.45449
            ],
            [
              45.31855,
              39.4626
            ],
            [
              45.30941,
              39.47071
            ],
            [
              45.31023,
              39.48594
            ],
            [
              45.30109,
              39.49405
            ],
            [
              45.29196,
              39.50216
            ],
            [
              45.28282,
              39.51028
            ],
            [
              45.26372,
              39.51127
            ],
            [
              45.25459,
              39.51939
            ],
            [
              45.24545,
              39.5275
            ],
            [
              45.22635,
              39.5285
            ],
            [
              45.20725,
              39.52949
            ],
            [
              45.18816,
              39.53049
            ],
            [
              45.16906,
              39.53149
            ],
            [
              45.14996,
              39.53249
            ],
            [
              45.13087,
              39.53349
            ],
            [
              45.11177,
              39.53449
            ],
            [
              45.10263,
              39.5426
            ],
            [
              45.10346,
              39.55783
            ],
            [
              45.10428,
              39.57305
            ],
            [
              45.1051,
              39.58828
            ],
            [
              45.10592,
              39.6035
            ],
            [
              45.10674,
              39.61873
            ],
            [
              45.10756,
              39.63396
            ],
            [
              45.10839,
              39.64918
            ],
            [
              45.11835,
              39.6563
            ],
            [
              45.12831,
              39.66341
            ],
            [
              45.13826,
              39.67052
            ],
            [
              45.14822,
              39.67764
            ],
            [
              45.14905,
              39.69286
            ],
            [
              45.14987,
              39.70809
            ],
            [
              45.14073,
              39.7162
            ],
            [
              45.13159,
              39.72431
            ],
            [
              45.12246,
              39.73243
            ],
            [
              45.11332,
              39.74054
            ],
            [
              45.11414,
              39.75576
            ],
            [
              45.11496,
              39.77099
            ],
            [
              45.11578,
              39.78622
            ],
            [
              45.11661,
              39.80144
            ],
            [
              45.11743,
              39.81667
            ],
            [
              45.11825,
              39.83189
            ],
            [
              45.11907,
              39.84712
            ],
            [
              45.11989,
              39.86235
            ],
            [
              45.12072,
              39.87757
            ],
            [
              45.12154,
              39.8928
            ],
            [
              45.12236,
              39.90802
            ],
            [
              45.12318,
              39.92325
            ],
            [
              45.124,
              39.93848
            ],
            [
              45.12483,
              39.9537
            ],
            [
              45.12565,
              39.96893
            ],
            [
              45.11651,
              39.97704
            ],
            [
              45.10737,
              39.98515
            ],
            [
              45.10819,
              40.00038
            ],
            [
              45.10902,
              40.0156
            ],
            [
              45.09988,
              40.02372
            ],
            [
              45.09074,
              40.03183
            ],
            [
              45.09156,
              40.04706
            ],
            [
              45.09239,
              40.06228
            ],
            [
              45.09321,
              40.07751
            ],
            [
              45.08407,
              40.08562
            ],
            [
              45.07493,
              40.09373
            ],
            [
              45.07575,
              40.10896
            ],
            [
              45.07658,
              40.12418
            ],
            [
              45.0774,
              40.13941
            ],
            [
              45.07822,
              40.15464
            ],
            [
              45.06908,
              40.16275
            ],
            [
              45.05995,
              40.17086
            ],
            [
              45.06077,
              40.18609
            ],
            [
              45.06159,
              40.20131
            ],
            [
              45.05245,
              40.20942
            ],
            [
              45.04332,
              40.21754
            ],
            [
              45.03418,
              40.22565
            ],
            [
              45.02504,
              40.23376
            ],
            [
              45.0159,
              40.24187
            ],
            [
              45.00677,
              40.24999
            ],
            [
              45.00759,
              40.26521
            ],
            [
              45.00841,
              40.28044
            ],
            [
              44.99927,
              40.28855
            ],
            [
              44.99013,
              40.29666
            ],
            [
              44.99096,
              40.31189
            ],
            [
              44.99178,
              40.32711
            ],
            [
              44.9926,
              40.34234
            ],
            [
              44.98346,
              40.35045
            ],
            [
              44.97433,
              40.35856
            ],
            [
              44.97515,
              40.37379
            ],
            [
              44.97597,
              40.38902
            ],
            [
              44.97679,
              40.40424
            ],
            [
              44.97761,
              40.41947
            ],
            [
              44.97844,
              40.43469
            ],
            [
              44.98839,
              40.44181
            ],
            [
              44.99835,
              40.44892
            ],
            [
              45.00831,
              40.45604
            ],
            [
              45.01827,
              40.46315
            ],
            [
              45.02823,
              40.47026
            ],
            [
              45.03819,
              40.47738
            ],
            [
              45.03901,
              40.4926
            ],
            [
              45.03984,
              40.50783
            ],
            [
              45.04979,
              40.51494
            ],
            [
              45.05975,
              40.52206
            ],
            [
              45.06058,
              40.53728
            ],
            [
              45.0614,
              40.55251
            ],
            [
              45.07136,
              40.55962
            ],
            [
              45.08132,
              40.56674
            ],
            [
              45.09128,
              40.57385
            ],
            [
              45.11037,
              40.57285
            ],
            [
              45.12033,
              40.57997
            ],
            [
              45.13029,
              40.58708
            ],
            [
              45.14025,
              40.59419
            ],
            [
              45.15021,
              40.60131
            ]
          ]
        ]
      }
    },
    {
      "type": "Feature",
      "properties": {
        "id": "vaspurakan",
        "metrics": {
          "areaKm2": 47611,
          "perimeterKm": 1471,
          "eastWestKm": 435,
          "northSouthKm": 194,
          "centroid": [
            44.79252,
            38.6646
          ],
          "sharePercent": 15.0
        }
      },
      "geometry": {
        "type": "Polygon",
        "coordinates": [
          [
            [
              45.13087,
              39.53349
            ],
            [
              45.14996,
              39.53249
            ],
            [
              45.16906,
              39.53149
            ],
            [
              45.18816,
              39.53049
            ],
            [
              45.20725,
              39.52949
            ],
            [
              45.22635,
              39.5285
            ],
            [
              45.24545,
              39.5275
            ],
            [
              45.25459,
              39.51939
            ],
            [
              45.26372,
              39.51127
            ],
            [
              45.28282,
              39.51028
            ],
            [
              45.29196,
              39.50216
            ],
            [
              45.30109,
              39.49405
            ],
            [
              45.31023,
              39.48594
            ],
            [
              45.30941,
              39.47071
            ],
            [
              45.31855,
              39.4626
            ],
            [
              45.32768,
              39.45449
            ],
            [
              45.32686,
              39.43926
            ],
            [
              45.336,
              39.43115
            ],
            [
              45.34514,
              39.42304
            ],
            [
              45.34432,
              39.40781
            ],
            [
              45.35345,
              39.3997
            ],
            [
              45.36259,
              39.39159
            ],
            [
              45.36177,
              39.37636
            ],
            [
              45.37091,
              39.36825
            ],
            [
              45.38004,
              39.36014
            ],
            [
              45.38918,
              39.35202
            ],
            [
              45.40828,
              39.35103
            ],
            [
              45.41741,
              39.34291
            ],
            [
              45.42655,
              39.3348
            ],
            [
              45.44565,
              39.3338
            ],
            [
              45.46475,
              39.33281
            ],
            [
              45.48384,
              39.33181
            ],
            [
              45.49298,
              39.32369
            ],
            [
              45.50212,
              39.31558
            ],
            [
              45.52121,
              39.31458
            ],
            [
              45.54031,
              39.31359
            ],
            [
              45.55941,
              39.31259
            ],
            [
              45.5785,
              39.31159
            ],
            [
              45.5976,
              39.31059
            ],
            [
              45.6167,
              39.30959
            ],
            [
              45.63579,
              39.30859
            ],
            [
              45.65489,
              39.3076
            ],
            [
              45.67399,
              39.3066
            ],
            [
              45.69308,
              39.3056
            ],
            [
              45.70222,
              39.29749
            ],
            [
              45.71136,
              39.28937
            ],
            [
              45.7205,
              39.28126
            ],
            [
              45.71968,
              39.26604
            ],
            [
              45.71885,
              39.25081
            ],
            [
              45.71803,
              39.23558
            ],
            [
              45.70807,
              39.22847
            ],
            [
              45.69811,
              39.22136
            ],
            [
              45.69729,
              39.20613
            ],
            [
              45.69647,
              39.1909
            ],
            [
              45.68651,
              39.18379
            ],
            [
              45.67655,
              39.17668
            ],
            [
              45.67573,
              39.16145
            ],
            [
              45.67491,
              39.14622
            ],
            [
              45.68404,
              39.13811
            ],
            [
              45.69318,
              39.13
            ],
            [
              45.70232,
              39.12189
            ],
            [
              45.72142,
              39.12089
            ],
            [
              45.74051,
              39.11989
            ],
            [
              45.75961,
              39.11889
            ],
            [
              45.76957,
              39.12601
            ],
            [
              45.77953,
              39.13312
            ],
            [
              45.78949,
              39.14023
            ],
            [
              45.79945,
              39.14735
            ],
            [
              45.81854,
              39.14635
            ],
            [
              45.8285,
              39.15346
            ],
            [
              45.83846,
              39.16058
            ],
            [
              45.85756,
              39.15958
            ],
            [
              45.86752,
              39.16669
            ],
            [
              45.87748,
              39.17381
            ],
            [
              45.88661,
              39.16569
            ],
            [
              45.89575,
              39.15758
            ],
            [
              45.90489,
              39.14947
            ],
            [
              45.90407,
              39.13424
            ],
            [
              45.9132,
              39.12613
            ],
            [
              45.92234,
              39.11802
            ],
            [
              45.93148,
              39.10991
            ],
            [
              45.95058,
              39.10891
            ],
            [
              45.96967,
              39.10791
            ],
            [
              45.98877,
              39.10691
            ],
            [
              45.99873,
              39.11403
            ],
            [
              46.00869,
              39.12114
            ],
            [
              46.02779,
              39.12014
            ],
            [
              46.04688,
              39.11914
            ],
            [
              46.05684,
              39.12626
            ],
            [
              46.0668,
              39.13337
            ],
            [
              46.07676,
              39.14048
            ],
            [
              46.08672,
              39.1476
            ],
            [
              46.10582,
              39.1466
            ],
            [
              46.12491,
              39.1456
            ],
            [
              46.14401,
              39.1446
            ],
            [
              46.15315,
              39.13649
            ],
            [
              46.15233,
              39.12126
            ],
            [
              46.1515,
              39.10604
            ],
            [
              46.16064,
              39.09793
            ],
            [
              46.16978,
              39.08981
            ],
            [
              46.16896,
              39.07459
            ],
            [
              46.17809,
              39.06648
            ],
            [
              46.18723,
              39.05836
            ],
            [
              46.18641,
              39.04314
            ],
            [
              46.18559,
              39.02791
            ],
            [
              46.18477,
              39.01269
            ],
            [
              46.18394,
              38.99746
            ],
            [
              46.18312,
              38.98223
            ],
            [
              46.19226,
              38.97412
            ],
            [
              46.2014,
              38.96601
            ],
            [
              46.20057,
              38.95078
            ],
            [
              46.19975,
              38.93556
            ],
            [
              46.20889,
              38.92744
            ],
            [
              46.21803,
              38.91933
            ],
            [
              46.2172,
              38.90411
            ],
            [
              46.21638,
              38.88888
            ],
            [
              46.22552,
              38.88077
            ],
            [
              46.23466,
              38.87266
            ],
            [
              46.23384,
              38.85743
            ],
            [
              46.24297,
              38.84932
            ],
            [
              46.25211,
              38.84121
            ],
            [
              46.26125,
              38.83309
            ],
            [
              46.28034,
              38.83209
            ],
            [
              46.29944,
              38.8311
            ],
            [
              46.31854,
              38.8301
            ],
            [
              46.3285,
              38.83721
            ],
            [
              46.33846,
              38.84433
            ],
            [
              46.34842,
              38.85144
            ],
            [
              46.35838,
              38.85855
            ],
            [
              46.36834,
              38.86567
            ],
            [
              46.37829,
              38.87278
            ],
            [
              46.39739,
              38.87178
            ],
            [
              46.41649,
              38.87078
            ],
            [
              46.43558,
              38.86979
            ],
            [
              46.45468,
              38.86879
            ],
            [
              46.47378,
              38.86779
            ],
            [
              46.49288,
              38.86679
            ],
            [
              46.51197,
              38.86579
            ],
            [
              46.53107,
              38.86479
            ],
            [
              46.55017,
              38.8638
            ],
            [
              46.56926,
              38.8628
            ],
            [
              46.5784,
              38.85468
            ],
            [
              46.58754,
              38.84657
            ],
            [
              46.60663,
              38.84557
            ],
            [
              46.62573,
              38.84458
            ],
            [
              46.63569,
              38.85169
            ],
            [
              46.64565,
              38.8588
            ],
            [
              46.65561,
              38.86592
            ],
            [
              46.66557,
              38.87303
            ],
            [
              46.67553,
              38.88014
            ],
            [
              46.68549,
              38.88726
            ],
            [
              46.69545,
              38.89437
            ],
            [
              46.70541,
              38.90149
            ],
            [
              46.71536,
              38.9086
            ],
            [
              46.71619,
              38.92383
            ],
            [
              46.72615,
              38.93094
            ],
            [
              46.73611,
              38.93805
            ],
            [
              46.73693,
              38.95328
            ],
            [
              46.74689,
              38.96039
            ],
            [
              46.75685,
              38.96751
            ],
            [
              46.76681,
              38.97462
            ],
            [
              46.7859,
              38.97362
            ],
            [
              46.79586,
              38.98074
            ],
            [
              46.80582,
              38.98785
            ],
            [
              46.81578,
              38.99496
            ],
            [
              46.8166,
              39.01019
            ],
            [
              46.81742,
              39.02542
            ],
            [
              46.82738,
              39.03253
            ],
            [
              46.83734,
              39.03964
            ],
            [
              46.83816,
              39.05487
            ],
            [
              46.83899,
              39.0701
            ],
            [
              46.83981,
              39.08532
            ],
            [
              46.84977,
              39.09244
            ],
            [
              46.85973,
              39.09955
            ],
            [
              46.86055,
              39.11478
            ],
            [
              46.86137,
              39.13
            ],
            [
              46.86219,
              39.14523
            ],
            [
              46.86301,
              39.16045
            ],
            [
              46.86384,
              39.17568
            ],
            [
              46.8738,
              39.18279
            ],
            [
              46.88376,
              39.18991
            ],
            [
              46.88458,
              39.20513
            ],
            [
              46.89454,
              39.21225
            ],
            [
              46.9045,
              39.21936
            ],
            [
              46.91446,
              39.22648
            ],
            [
              46.92441,
              39.23359
            ],
            [
              46.93437,
              39.2407
            ],
            [
              46.94433,
              39.24782
            ],
            [
              46.95429,
              39.25493
            ],
            [
              46.97339,
              39.25393
            ],
            [
              46.98335,
              39.26105
            ],
            [
              46.99331,
              39.26816
            ],
            [
              47.01241,
              39.26716
            ],
            [
              47.02236,
              39.27428
            ],
            [
              47.03232,
              39.28139
            ],
            [
              47.04228,
              39.2885
            ],
            [
              47.05224,
              39.29562
            ],
            [
              47.07134,
              39.29462
            ],
            [
              47.0813,
              39.30173
            ],
            [
              47.09126,
              39.30885
            ],
            [
              47.11035,
              39.30785
            ],
            [
              47.12031,
              39.31496
            ],
            [
              47.13027,
              39.32208
            ],
            [
              47.14937,
              39.32108
            ],
            [
              47.15933,
              39.32819
            ],
            [
              47.16929,
              39.3353
            ],
            [
              47.18839,
              39.33431
            ],
            [
              47.19752,
              39.32619
            ],
            [
              47.20666,
              39.31808
            ],
            [
              47.2158,
              39.30997
            ],
            [
              47.22494,
              39.30186
            ],
            [
              47.23407,
              39.29374
            ],
            [
              47.24321,
              39.28563
            ],
            [
              47.25235,
              39.27752
            ],
            [
              47.25153,
              39.26229
            ],
            [
              47.26066,
              39.25418
            ],
            [
              47.2698,
              39.24607
            ],
            [
              47.27894,
              39.23796
            ],
            [
              47.29803,
              39.23696
            ],
            [
              47.30717,
              39.22885
            ],
            [
              47.31631,
              39.22074
            ],
            [
              47.33541,
              39.21974
            ],
            [
              47.34454,
              39.21162
            ],
            [
              47.35368,
              39.20351
            ],
            [
              47.36282,
              39.1954
            ],
            [
              47.37196,
              39.18729
            ],
            [
              47.38109,
              39.17918
            ],
            [
              47.38027,
              39.16395
            ],
            [
              47.37945,
              39.14872
            ],
            [
              47.37863,
              39.1335
            ],
            [
              47.37781,
              39.11827
            ],
            [
              47.37698,
              39.10305
            ],
            [
              47.38612,
              39.09493
            ],
            [
              47.39526,
              39.08682
            ],
            [
              47.39444,
              39.07159
            ],
            [
              47.39361,
              39.05637
            ],
            [
              47.40275,
              39.04826
            ],
            [
              47.41189,
              39.04014
            ],
            [
              47.42103,
              39.03203
            ],
            [
              47.43016,
              39.02392
            ],
            [
              47.42934,
              39.00869
            ],
            [
              47.43848,
              39.00058
            ],
            [
              47.44762,
              38.99247
            ],
            [
              47.44679,
              38.97724
            ],
            [
              47.45593,
              38.96913
            ],
            [
              47.46507,
              38.96102
            ],
            [
              47.46425,
              38.94579
            ],
            [
              47.47339,
              38.93768
            ],
            [
              47.48252,
              38.92957
            ],
            [
              47.47256,
              38.92245
            ],
            [
              47.4626,
              38.91534
            ],
            [
              47.45264,
              38.90823
            ],
            [
              47.44269,
              38.90111
            ],
            [
              47.43273,
              38.894
            ],
            [
              47.41363,
              38.895
            ],
            [
              47.40367,
              38.88788
            ],
            [
              47.39371,
              38.88077
            ],
            [
              47.38375,
              38.87366
            ],
            [
              47.38293,
              38.85843
            ],
            [
              47.38211,
              38.8432
            ],
            [
              47.38129,
              38.82798
            ],
            [
              47.37133,
              38.82086
            ],
            [
              47.36137,
              38.81375
            ],
            [
              47.36054,
              38.79852
            ],
            [
              47.35972,
              38.7833
            ],
            [
              47.3589,
              38.76807
            ],
            [
              47.34894,
              38.76096
            ],
            [
              47.33898,
              38.75385
            ],
            [
              47.33816,
              38.73862
            ],
            [
              47.33734,
              38.72339
            ],
            [
              47.33652,
              38.70817
            ],
            [
              47.34565,
              38.70005
            ],
            [
              47.35479,
              38.69194
            ],
            [
              47.35397,
              38.67672
            ],
            [
              47.34401,
              38.6696
            ],
            [
              47.33405,
              38.66249
            ],
            [
              47.32409,
              38.65538
            ],
            [
              47.31413,
              38.64826
            ],
            [
              47.30417,
              38.64115
            ],
            [
              47.29421,
              38.63403
            ],
            [
              47.28425,
              38.62692
            ],
            [
              47.27429,
              38.61981
            ],
            [
              47.26433,
              38.61269
            ],
            [
              47.25438,
              38.60558
            ],
            [
              47.24442,
              38.59846
            ],
            [
              47.23446,
              38.59135
            ],
            [
              47.2245,
              38.58424
            ],
            [
              47.21454,
              38.57712
            ],
            [
              47.20458,
              38.57001
            ],
            [
              47.19462,
              38.5629
            ],
            [
              47.18466,
              38.55578
            ],
            [
              47.1747,
              38.54867
            ],
            [
              47.16474,
              38.54155
            ],
            [
              47.14564,
              38.54255
            ],
            [
              47.12655,
              38.54355
            ],
            [
              47.11741,
              38.55166
            ],
            [
              47.10827,
              38.55978
            ],
            [
              47.08918,
              38.56077
            ],
            [
              47.07008,
              38.56177
            ],
            [
              47.05098,
              38.56277
            ],
            [
              47.03189,
              38.56377
            ],
            [
              47.01279,
              38.56477
            ],
            [
              46.99369,
              38.56577
            ],
            [
              46.9746,
              38.56676
            ],
            [
              46.9555,
              38.56776
            ],
            [
              46.94636,
              38.57587
            ],
            [
              46.93722,
              38.58399
            ],
            [
              46.91813,
              38.58499
            ],
            [
              46.89903,
              38.58598
            ],
            [
              46.87993,
              38.58698
            ],
            [
              46.86997,
              38.57987
            ],
            [
              46.86002,
              38.57275
            ],
            [
              46.85006,
              38.56564
            ],
            [
              46.8401,
              38.55853
            ],
            [
              46.83014,
              38.55141
            ],
            [
              46.82018,
              38.5443
            ],
            [
              46.80108,
              38.5453
            ],
            [
              46.78198,
              38.5463
            ],
            [
              46.76289,
              38.54729
            ],
            [
              46.74379,
              38.54829
            ],
            [
              46.72469,
              38.54929
            ],
            [
              46.7056,
              38.55029
            ],
            [
              46.6865,
              38.55129
            ],
            [
              46.67654,
              38.54417
            ],
            [
              46.66658,
              38.53706
            ],
            [
              46.65662,
              38.52995
            ],
            [
              46.64666,
              38.52283
            ],
            [
              46.6367,
              38.51572
            ],
            [
              46.62674,
              38.5086
            ],
            [
              46.61679,
              38.50149
            ],
            [
              46.60683,
              38.49438
            ],
            [
              46.59687,
              38.48726
            ],
            [
              46.58691,
              38.48015
            ],
            [
              46.57695,
              38.47304
            ],
            [
              46.56699,
              38.46592
            ],
            [
              46.55703,
              38.45881
            ],
            [
              46.54707,
              38.45169
            ],
            [
              46.53711,
              38.44458
            ],
            [
              46.52715,
              38.43747
            ],
            [
              46.51719,
              38.43035
            ],
            [
              46.50723,
              38.42324
            ],
            [
              46.49727,
              38.41613
            ],
            [
              46.48731,
              38.40901
            ],
            [
              46.47735,
              38.4019
            ],
            [
              46.46739,
              38.39478
            ],
            [
              46.45744,
              38.38767
            ],
            [
              46.45661,
              38.37244
            ],
            [
              46.44665,
              38.36533
            ],
            [
              46.43669,
              38.35822
            ],
            [
              46.43587,
              38.34299
            ],
            [
              46.43505,
              38.32776
            ],
            [
              46.42509,
              38.32065
            ],
            [
              46.41513,
              38.31354
            ],
            [
              46.41431,
              38.29831
            ],
            [
              46.41349,
              38.28308
            ],
            [
              46.41267,
              38.26786
            ],
            [
              46.40271,
              38.26074
            ],
            [
              46.39275,
              38.25363
            ],
            [
              46.39193,
              38.2384
            ],
            [
              46.38197,
              38.23129
            ],
            [
              46.37201,
              38.22418
            ],
            [
              46.37119,
              38.20895
            ],
            [
              46.37036,
              38.19372
            ],
            [
              46.36954,
              38.1785
            ],
            [
              46.35958,
              38.17139
            ],
            [
              46.34962,
              38.16427
            ],
            [
              46.33966,
              38.15716
            ],
            [
              46.3297,
              38.15004
            ],
            [
              46.31974,
              38.14293
            ],
            [
              46.30979,
              38.13582
            ],
            [
              46.29983,
              38.1287
            ],
            [
              46.28987,
              38.12159
            ],
            [
              46.27991,
              38.11447
            ],
            [
              46.26995,
              38.10736
            ],
            [
              46.25999,
              38.10025
            ],
            [
              46.25003,
              38.09313
            ],
            [
              46.24007,
              38.08602
            ],
            [
              46.23011,
              38.07891
            ],
            [
              46.22015,
              38.07179
            ],
            [
              46.21019,
              38.06468
            ],
            [
              46.20023,
              38.05756
            ],
            [
              46.19027,
              38.05045
            ],
            [
              46.18031,
              38.04334
            ],
            [
              46.16122,
              38.04433
            ],
            [
              46.15126,
              38.03722
            ],
            [
              46.1413,
              38.03011
            ],
            [
              46.13134,
              38.02299
            ],
            [
              46.12138,
              38.01588
            ],
            [
              46.10228,
              38.01688
            ],
            [
              46.08319,
              38.01788
            ],
            [
              46.07323,
              38.01076
            ],
            [
              46.06327,
              38.00365
            ],
            [
              46.04417,
              38.00465
            ],
            [
              46.03421,
              37.99753
            ],
            [
              46.02425,
              37.99042
            ],
            [
              46.00516,
              37.99142
            ],
            [
              45.9952,
              37.9843
            ],
            [
              45.98524,
              37.97719
            ],
            [
              45.96614,
              37.97819
            ],
            [
              45.95618,
              37.97107
            ],
            [
              45.94622,
              37.96396
            ],
            [
              45.92712,
              37.96496
            ],
            [
              45.91716,
              37.95785
            ],
            [
              45.90721,
              37.95073
            ],
            [
              45.89725,
              37.94362
            ],
            [
              45.88729,
              37.9365
            ],
            [
              45.86819,
              37.9375
            ],
            [
              45.85823,
              37.93039
            ],
            [
              45.84827,
              37.92327
            ],
            [
              45.83831,
              37.91616
            ],
            [
              45.82835,
              37.90905
            ],
            [
              45.80926,
              37.91005
            ],
            [
              45.7993,
              37.90293
            ],
            [
              45.78934,
              37.89582
            ],
            [
              45.77024,
              37.89682
            ],
            [
              45.76028,
              37.8897
            ],
            [
              45.75032,
              37.88259
            ],
            [
              45.73122,
              37.88359
            ],
            [
              45.71213,
              37.88459
            ],
            [
              45.69303,
              37.88558
            ],
            [
              45.67393,
              37.88658
            ],
            [
              45.65484,
              37.88758
            ],
            [
              45.63574,
              37.88858
            ],
            [
              45.61664,
              37.88958
            ],
            [
              45.60751,
              37.89769
            ],
            [
              45.59837,
              37.9058
            ],
            [
              45.58841,
              37.89869
            ],
            [
              45.57845,
              37.89157
            ],
            [
              45.55935,
              37.89257
            ],
            [
              45.55022,
              37.90068
            ],
            [
              45.54108,
              37.9088
            ],
            [
              45.53194,
              37.91691
            ],
            [
              45.5228,
              37.92502
            ],
            [
              45.51367,
              37.93313
            ],
            [
              45.50453,
              37.94125
            ],
            [
              45.49539,
              37.94936
            ],
            [
              45.48625,
              37.95747
            ],
            [
              45.47712,
              37.96558
            ],
            [
              45.46798,
              37.97369
            ],
            [
              45.45884,
              37.98181
            ],
            [
              45.44971,
              37.98992
            ],
            [
              45.44057,
              37.99803
            ],
            [
              45.43143,
              38.00614
            ],
            [
              45.42229,
              38.01426
            ],
            [
              45.41316,
              38.02237
            ],
            [
              45.40402,
              38.03048
            ],
            [
              45.39488,
              38.03859
            ],
            [
              45.38574,
              38.0467
            ],
            [
              45.37661,
              38.05482
            ],
            [
              45.36747,
              38.06293
            ],
            [
              45.35833,
              38.07104
            ],
            [
              45.33923,
              38.07204
            ],
            [
              45.3301,
              38.08015
            ],
            [
              45.33092,
              38.09538
            ],
            [
              45.32178,
              38.10349
            ],
            [
              45.31264,
              38.1116
            ],
            [
              45.30351,
              38.11971
            ],
            [
              45.29437,
              38.12783
            ],
            [
              45.28523,
              38.13594
            ],
            [
              45.27609,
              38.14405
            ],
            [
              45.26696,
              38.15216
            ],
            [
              45.25782,
              38.16028
            ],
            [
              45.24868,
              38.16839
            ],
            [
              45.22959,
              38.16939
            ],
            [
              45.21049,
              38.17038
            ],
            [
              45.19139,
              38.17138
            ],
            [
              45.18225,
              38.17949
            ],
            [
              45.17312,
              38.18761
            ],
            [
              45.15402,
              38.18861
            ],
            [
              45.13492,
              38.1896
            ],
            [
              45.12579,
              38.19772
            ],
            [
              45.12661,
              38.21294
            ],
            [
              45.12743,
              38.22817
            ],
            [
              45.11829,
              38.23628
            ],
            [
              45.10916,
              38.24439
            ],
            [
              45.10998,
              38.25962
            ],
            [
              45.10084,
              38.26773
            ],
            [
              45.0917,
              38.27584
            ],
            [
              45.09252,
              38.29107
            ],
            [
              45.09335,
              38.3063
            ],
            [
              45.09417,
              38.32152
            ],
            [
              45.09499,
              38.33675
            ],
            [
              45.10495,
              38.34386
            ],
            [
              45.12405,
              38.34286
            ],
            [
              45.13401,
              38.34998
            ],
            [
              45.14396,
              38.35709
            ],
            [
              45.16306,
              38.35609
            ],
            [
              45.18216,
              38.35509
            ],
            [
              45.19212,
              38.36221
            ],
            [
              45.20208,
              38.36932
            ],
            [
              45.21204,
              38.37644
            ],
            [
              45.21286,
              38.39166
            ],
            [
              45.21368,
              38.40689
            ],
            [
              45.2145,
              38.42211
            ],
            [
              45.20536,
              38.43023
            ],
            [
              45.19623,
              38.43834
            ],
            [
              45.18709,
              38.44645
            ],
            [
              45.17795,
              38.45456
            ],
            [
              45.16882,
              38.46267
            ],
            [
              45.15968,
              38.47079
            ],
            [
              45.15054,
              38.4789
            ],
            [
              45.1414,
              38.48701
            ],
            [
              45.14223,
              38.50224
            ],
            [
              45.13309,
              38.51035
            ],
            [
              45.12395,
              38.51846
            ],
            [
              45.12477,
              38.53369
            ],
            [
              45.12559,
              38.54891
            ],
            [
              45.12642,
              38.56414
            ],
            [
              45.12724,
              38.57937
            ],
            [
              45.1372,
              38.58648
            ],
            [
              45.14716,
              38.59359
            ],
            [
              45.15712,
              38.60071
            ],
            [
              45.16708,
              38.60782
            ],
            [
              45.17703,
              38.61493
            ],
            [
              45.18699,
              38.62205
            ],
            [
              45.18782,
              38.63727
            ],
            [
              45.19778,
              38.64439
            ],
            [
              45.20773,
              38.6515
            ],
            [
              45.21769,
              38.65862
            ],
            [
              45.22765,
              38.66573
            ],
            [
              45.22848,
              38.68096
            ],
            [
              45.2293,
              38.69618
            ],
            [
              45.23012,
              38.71141
            ],
            [
              45.23094,
              38.72663
            ],
            [
              45.2218,
              38.73475
            ],
            [
              45.21267,
              38.74286
            ],
            [
              45.20353,
              38.75097
            ],
            [
              45.19439,
              38.75908
            ],
            [
              45.18525,
              38.76719
            ],
            [
              45.17612,
              38.77531
            ],
            [
              45.16698,
              38.78342
            ],
            [
              45.14788,
              38.78442
            ],
            [
              45.13875,
              38.79253
            ],
            [
              45.12961,
              38.80064
            ],
            [
              45.11051,
              38.80164
            ],
            [
              45.09141,
              38.80264
            ],
            [
              45.07232,
              38.80364
            ],
            [
              45.05322,
              38.80464
            ],
            [
              45.03412,
              38.80563
            ],
            [
              45.01503,
              38.80663
            ],
            [
              44.99593,
              38.80763
            ],
            [
              44.97683,
              38.80863
            ],
            [
              44.95774,
              38.80963
            ],
            [
              44.93864,
              38.81063
            ],
            [
              44.92868,
              38.80351
            ],
            [
              44.91872,
              38.7964
            ],
            [
              44.89962,
              38.7974
            ],
            [
              44.88967,
              38.79028
            ],
            [
              44.87971,
              38.78317
            ],
            [
              44.86975,
              38.77606
            ],
            [
              44.86892,
              38.76083
            ],
            [
              44.85897,
              38.75372
            ],
            [
              44.84901,
              38.7466
            ],
            [
              44.84818,
              38.73138
            ],
            [
              44.83822,
              38.72426
            ],
            [
              44.82827,
              38.71715
            ],
            [
              44.82744,
              38.70192
            ],
            [
              44.82662,
              38.6867
            ],
            [
              44.8258,
              38.67147
            ],
            [
              44.82498,
              38.65624
            ],
            [
              44.82416,
              38.64102
            ],
            [
              44.82333,
              38.62579
            ],
            [
              44.82251,
              38.61057
            ],
            [
              44.82169,
              38.59534
            ],
            [
              44.82087,
              38.58011
            ],
            [
              44.82005,
              38.56489
            ],
            [
              44.81922,
              38.54966
            ],
            [
              44.80926,
              38.54255
            ],
            [
              44.79931,
              38.53543
            ],
            [
              44.79848,
              38.52021
            ],
            [
              44.79766,
              38.50498
            ],
            [
              44.79684,
              38.48976
            ],
            [
              44.78688,
              38.48264
            ],
            [
              44.77692,
              38.47553
            ],
            [
              44.7761,
              38.4603
            ],
            [
              44.76614,
              38.45319
            ],
            [
              44.75618,
              38.44607
            ],
            [
              44.75536,
              38.43085
            ],
            [
              44.7454,
              38.42373
            ],
            [
              44.73544,
              38.41662
            ],
            [
              44.72548,
              38.40951
            ],
            [
              44.70638,
              38.41051
            ],
            [
              44.68729,
              38.4115
            ],
            [
              44.66819,
              38.4125
            ],
            [
              44.64909,
              38.4135
            ],
            [
              44.63,
              38.4145
            ],
            [
              44.6109,
              38.4155
            ],
            [
              44.5918,
              38.4165
            ],
            [
              44.57271,
              38.41749
            ],
            [
              44.55361,
              38.41849
            ],
            [
              44.54365,
              38.41138
            ],
            [
              44.53369,
              38.40426
            ],
            [
              44.51459,
              38.40526
            ],
            [
              44.50463,
              38.39815
            ],
            [
              44.49468,
              38.39104
            ],
            [
              44.48472,
              38.38392
            ],
            [
              44.47476,
              38.37681
            ],
            [
              44.45566,
              38.37781
            ],
            [
              44.43656,
              38.3788
            ],
            [
              44.4266,
              38.37169
            ],
            [
              44.41664,
              38.36458
            ],
            [
              44.40668,
              38.35746
            ],
            [
              44.39673,
              38.35035
            ],
            [
              44.38677,
              38.34324
            ],
            [
              44.37681,
              38.33612
            ],
            [
              44.36685,
              38.32901
            ],
            [
              44.36603,
              38.31378
            ],
            [
              44.3652,
              38.29856
            ],
            [
              44.36438,
              38.28333
            ],
            [
              44.36356,
              38.2681
            ],
            [
              44.36274,
              38.25288
            ],
            [
              44.36192,
              38.23765
            ],
            [
              44.37105,
              38.22954
            ],
            [
              44.38019,
              38.22143
            ],
            [
              44.38933,
              38.21332
            ],
            [
              44.40842,
              38.21232
            ],
            [
              44.42752,
              38.21132
            ],
            [
              44.44662,
              38.21032
            ],
            [
              44.45576,
              38.20221
            ],
            [
              44.46489,
              38.1941
            ],
            [
              44.47403,
              38.18598
            ],
            [
              44.48317,
              38.17787
            ],
            [
              44.49231,
              38.16976
            ],
            [
              44.50144,
              38.16165
            ],
            [
              44.51058,
              38.15353
            ],
            [
              44.50976,
              38.13831
            ],
            [
              44.5189,
              38.1302
            ],
            [
              44.52803,
              38.12208
            ],
            [
              44.53717,
              38.11397
            ],
            [
              44.54631,
              38.10586
            ],
            [
              44.55545,
              38.09775
            ],
            [
              44.56458,
              38.08964
            ],
            [
              44.56376,
              38.07441
            ],
            [
              44.56294,
              38.05918
            ],
            [
              44.56212,
              38.04396
            ],
            [
              44.5613,
              38.02873
            ],
            [
              44.56047,
              38.01351
            ],
            [
              44.55965,
              37.99828
            ],
            [
              44.55883,
              37.98305
            ],
            [
              44.54887,
              37.97594
            ],
            [
              44.53891,
              37.96883
            ],
            [
              44.52895,
              37.96171
            ],
            [
              44.51899,
              37.9546
            ],
            [
              44.50903,
              37.94748
            ],
            [
              44.48994,
              37.94848
            ],
            [
              44.47998,
              37.94137
            ],
            [
              44.47002,
              37.93425
            ],
            [
              44.46006,
              37.92714
            ],
            [
              44.4501,
              37.92003
            ],
            [
              44.44014,
              37.91291
            ],
            [
              44.43018,
              37.9058
            ],
            [
              44.41108,
              37.9068
            ],
            [
              44.39199,
              37.9078
            ],
            [
              44.38203,
              37.90068
            ],
            [
              44.37207,
              37.89357
            ],
            [
              44.36211,
              37.88645
            ],
            [
              44.35215,
              37.87934
            ],
            [
              44.33305,
              37.88034
            ],
            [
              44.31396,
              37.88134
            ],
            [
              44.29486,
              37.88234
            ],
            [
              44.27576,
              37.88333
            ],
            [
              44.25666,
              37.88433
            ],
            [
              44.23757,
              37.88533
            ],
            [
              44.21847,
              37.88633
            ],
            [
              44.19937,
              37.88733
            ],
            [
              44.18028,
              37.88833
            ],
            [
              44.16118,
              37.88932
            ],
            [
              44.14208,
              37.89032
            ],
            [
              44.12299,
              37.89132
            ],
            [
              44.11303,
              37.88421
            ],
            [
              44.10307,
              37.87709
            ],
            [
              44.08397,
              37.87809
            ],
            [
              44.07401,
              37.87098
            ],
            [
              44.06405,
              37.86386
            ],
            [
              44.04496,
              37.86486
            ],
            [
              44.02586,
              37.86586
            ],
            [
              44.00676,
              37.86686
            ],
            [
              43.9968,
              37.85975
            ],
            [
              43.98684,
              37.85263
            ],
            [
              43.97689,
              37.84552
            ],
            [
              43.96693,
              37.8384
            ],
            [
              43.94783,
              37.8394
            ],
            [
              43.92873,
              37.8404
            ],
            [
              43.90964,
              37.8414
            ],
            [
              43.89968,
              37.83429
            ],
            [
              43.88972,
              37.82717
            ],
            [
              43.88058,
              37.83528
            ],
            [
              43.87144,
              37.8434
            ],
            [
              43.85235,
              37.84439
            ],
            [
              43.83325,
              37.84539
            ],
            [
              43.81415,
              37.84639
            ],
            [
              43.79505,
              37.84739
            ],
            [
              43.77596,
              37.84839
            ],
            [
              43.75686,
              37.84939
            ],
            [
              43.73776,
              37.85039
            ],
            [
              43.72781,
              37.84327
            ],
            [
              43.71785,
              37.83616
            ],
            [
              43.69875,
              37.83716
            ],
            [
              43.67965,
              37.83815
            ],
            [
              43.66969,
              37.83104
            ],
            [
              43.65973,
              37.82393
            ],
            [
              43.64064,
              37.82493
            ],
            [
              43.62154,
              37.82592
            ],
            [
              43.60244,
              37.82692
            ],
            [
              43.58335,
              37.82792
            ],
            [
              43.56425,
              37.82892
            ],
            [
              43.55429,
              37.8218
            ],
            [
              43.54433,
              37.81469
            ],
            [
              43.52523,
              37.81569
            ],
            [
              43.50614,
              37.81669
            ],
            [
              43.48704,
              37.81769
            ],
            [
              43.46794,
              37.81868
            ],
            [
              43.44885,
              37.81968
            ],
            [
              43.42975,
              37.82068
            ],
            [
              43.41065,
              37.82168
            ],
            [
              43.39156,
              37.82268
            ],
            [
              43.37246,
              37.82368
            ],
            [
              43.35336,
              37.82468
            ],
            [
              43.33427,
              37.82567
            ],
            [
              43.32431,
              37.81856
            ],
            [
              43.31435,
              37.81145
            ],
            [
              43.30439,
              37.80433
            ],
            [
              43.29443,
              37.79722
            ],
            [
              43.28447,
              37.7901
            ],
            [
              43.27451,
              37.78299
            ],
            [
              43.25541,
              37.78399
            ],
            [
              43.23632,
              37.78499
            ],
            [
              43.21722,
              37.78599
            ],
            [
              43.19812,
              37.78698
            ],
            [
              43.17903,
              37.78798
            ],
            [
              43.15993,
              37.78898
            ],
            [
              43.15079,
              37.79709
            ],
            [
              43.14166,
              37.80521
            ],
            [
              43.12256,
              37.8062
            ],
            [
              43.10346,
              37.8072
            ],
            [
              43.08437,
              37.8082
            ],
            [
              43.06527,
              37.8092
            ],
            [
              43.05613,
              37.81731
            ],
            [
              43.04699,
              37.82542
            ],
            [
              43.03786,
              37.83354
            ],
            [
              43.03868,
              37.84876
            ],
            [
              43.0395,
              37.86399
            ],
            [
              43.03036,
              37.8721
            ],
            [
              43.02123,
              37.88021
            ],
            [
              43.02205,
              37.89544
            ],
            [
              43.02287,
              37.91066
            ],
            [
              43.02369,
              37.92589
            ],
            [
              43.02451,
              37.94112
            ],
            [
              43.02534,
              37.95634
            ],
            [
              43.02616,
              37.97157
            ],
            [
              43.02698,
              37.98679
            ],
            [
              43.0278,
              38.00202
            ],
            [
              43.01866,
              38.01013
            ],
            [
              42.99957,
              38.01113
            ],
            [
              42.99043,
              38.01924
            ],
            [
              42.98129,
              38.02736
            ],
            [
              42.9622,
              38.02835
            ],
            [
              42.95306,
              38.03647
            ],
            [
              42.94392,
              38.04458
            ],
            [
              42.92482,
              38.04558
            ],
            [
              42.90573,
              38.04657
            ],
            [
              42.89659,
              38.05469
            ],
            [
              42.88745,
              38.0628
            ],
            [
              42.86836,
              38.0638
            ],
            [
              42.85922,
              38.07191
            ],
            [
              42.86004,
              38.08714
            ],
            [
              42.8509,
              38.09525
            ],
            [
              42.84176,
              38.10336
            ],
            [
              42.84259,
              38.11859
            ],
            [
              42.84341,
              38.13381
            ],
            [
              42.84423,
              38.14904
            ],
            [
              42.84505,
              38.16426
            ],
            [
              42.84587,
              38.17949
            ],
            [
              42.83674,
              38.1876
            ],
            [
              42.8276,
              38.19571
            ],
            [
              42.82842,
              38.21094
            ],
            [
              42.81928,
              38.21905
            ],
            [
              42.81015,
              38.22717
            ],
            [
              42.80101,
              38.23528
            ],
            [
              42.79187,
              38.24339
            ],
            [
              42.78273,
              38.2515
            ],
            [
              42.76364,
              38.2525
            ],
            [
              42.7545,
              38.26061
            ],
            [
              42.74536,
              38.26872
            ],
            [
              42.72627,
              38.26972
            ],
            [
              42.70717,
              38.27072
            ],
            [
              42.68807,
              38.27172
            ],
            [
              42.66898,
              38.27272
            ],
            [
              42.65984,
              38.28083
            ],
            [
              42.6507,
              38.28894
            ],
            [
              42.64156,
              38.29706
            ],
            [
              42.63243,
              38.30517
            ],
            [
              42.62329,
              38.31328
            ],
            [
              42.62411,
              38.32851
            ],
            [
              42.61497,
              38.33662
            ],
            [
              42.59588,
              38.33762
            ],
            [
              42.58674,
              38.34573
            ],
            [
              42.5776,
              38.35384
            ],
            [
              42.56846,
              38.36195
            ],
            [
              42.55933,
              38.37006
            ],
            [
              42.55019,
              38.37818
            ],
            [
              42.54105,
              38.38629
            ],
            [
              42.53192,
              38.3944
            ],
            [
              42.52278,
              38.40251
            ],
            [
              42.51364,
              38.41063
            ],
            [
              42.51446,
              38.42585
            ],
            [
              42.51528,
              38.44108
            ],
            [
              42.51611,
              38.4563
            ],
            [
              42.51693,
              38.47153
            ],
            [
              42.51775,
              38.48676
            ],
            [
              42.50861,
              38.49487
            ],
            [
              42.49948,
              38.50298
            ],
            [
              42.5003,
              38.51821
            ],
            [
              42.50112,
              38.53343
            ],
            [
              42.49198,
              38.54154
            ],
            [
              42.48284,
              38.54966
            ],
            [
              42.48367,
              38.56488
            ],
            [
              42.48449,
              38.58011
            ],
            [
              42.48531,
              38.59534
            ],
            [
              42.48613,
              38.61056
            ],
            [
              42.49609,
              38.61768
            ],
            [
              42.50605,
              38.62479
            ],
            [
              42.51601,
              38.6319
            ],
            [
              42.53511,
              38.6309
            ],
            [
              42.54507,
              38.63802
            ],
            [
              42.55503,
              38.64513
            ],
            [
              42.57412,
              38.64413
            ],
            [
              42.58408,
              38.65125
            ],
            [
              42.59404,
              38.65836
            ],
            [
              42.61314,
              38.65736
            ],
            [
              42.63223,
              38.65636
            ],
            [
              42.65133,
              38.65537
            ],
            [
              42.67043,
              38.65437
            ],
            [
              42.68952,
              38.65337
            ],
            [
              42.70862,
              38.65237
            ],
            [
              42.72772,
              38.65137
            ],
            [
              42.74681,
              38.65037
            ],
            [
              42.76591,
              38.64938
            ],
            [
              42.78501,
              38.64838
            ],
            [
              42.79415,
              38.64027
            ],
            [
              42.80328,
              38.63215
            ],
            [
              42.82238,
              38.63115
            ],
            [
              42.84148,
              38.63016
            ],
            [
              42.85144,
              38.63727
            ],
            [
              42.8614,
              38.64438
            ],
            [
              42.87135,
              38.6515
            ],
            [
              42.88131,
              38.65861
            ],
            [
              42.89127,
              38.66573
            ],
            [
              42.90123,
              38.67284
            ],
            [
              42.91119,
              38.67995
            ],
            [
              42.92115,
              38.68707
            ],
            [
              42.93111,
              38.69418
            ],
            [
              42.94107,
              38.70129
            ],
            [
              42.95103,
              38.70841
            ],
            [
              42.96099,
              38.71552
            ],
            [
              42.97095,
              38.72264
            ],
            [
              42.98091,
              38.72975
            ],
            [
              42.99087,
              38.73686
            ],
            [
              43.00083,
              38.74398
            ],
            [
              43.01079,
              38.75109
            ],
            [
              43.02075,
              38.7582
            ],
            [
              43.0307,
              38.76532
            ],
            [
              43.04066,
              38.77243
            ],
            [
              43.05062,
              38.77955
            ],
            [
              43.06058,
              38.78666
            ],
            [
              43.07054,
              38.79377
            ],
            [
              43.0805,
              38.80089
            ],
            [
              43.09046,
              38.808
            ],
            [
              43.10042,
              38.81512
            ],
            [
              43.11038,
              38.82223
            ],
            [
              43.1112,
              38.83746
            ],
            [
              43.12116,
              38.84457
            ],
            [
              43.13112,
              38.85168
            ],
            [
              43.13194,
              38.86691
            ],
            [
              43.1419,
              38.87402
            ],
            [
              43.15186,
              38.88114
            ],
            [
              43.16182,
              38.88825
            ],
            [
              43.17178,
              38.89536
            ],
            [
              43.1726,
              38.91059
            ],
            [
              43.18256,
              38.9177
            ],
            [
              43.20166,
              38.91671
            ],
            [
              43.21162,
              38.92382
            ],
            [
              43.22158,
              38.93093
            ],
            [
              43.24067,
              38.92994
            ],
            [
              43.25977,
              38.92894
            ],
            [
              43.26973,
              38.93605
            ],
            [
              43.27969,
              38.94316
            ],
            [
              43.29878,
              38.94217
            ],
            [
              43.30874,
              38.94928
            ],
            [
              43.3187,
              38.95639
            ],
            [
              43.3378,
              38.9554
            ],
            [
              43.34776,
              38.96251
            ],
            [
              43.35772,
              38.96962
            ],
            [
              43.36768,
              38.97674
            ],
            [
              43.35854,
              38.98485
            ],
            [
              43.3494,
              38.99296
            ],
            [
              43.35023,
              39.00819
            ],
            [
              43.35105,
              39.02341
            ],
            [
              43.34191,
              39.03153
            ],
            [
              43.33277,
              39.03964
            ],
            [
              43.33359,
              39.05486
            ],
            [
              43.33442,
              39.07009
            ],
            [
              43.33524,
              39.08532
            ],
            [
              43.33606,
              39.10054
            ],
            [
              43.33688,
              39.11577
            ],
            [
              43.3377,
              39.13099
            ],
            [
              43.33853,
              39.14622
            ],
            [
              43.33935,
              39.16145
            ],
            [
              43.34931,
              39.16856
            ],
            [
              43.35927,
              39.17567
            ],
            [
              43.36923,
              39.18279
            ],
            [
              43.37919,
              39.1899
            ],
            [
              43.38915,
              39.19701
            ],
            [
              43.40824,
              39.19602
            ],
            [
              43.4182,
              39.20313
            ],
            [
              43.41902,
              39.21836
            ],
            [
              43.42898,
              39.22547
            ],
            [
              43.43894,
              39.23258
            ],
            [
              43.4489,
              39.2397
            ],
            [
              43.45886,
              39.24681
            ],
            [
              43.46882,
              39.25393
            ],
            [
              43.47878,
              39.26104
            ],
            [
              43.48874,
              39.26815
            ],
            [
              43.4987,
              39.27527
            ],
            [
              43.50866,
              39.28238
            ],
            [
              43.51862,
              39.28949
            ],
            [
              43.52858,
              39.29661
            ],
            [
              43.53854,
              39.30372
            ],
            [
              43.53936,
              39.31895
            ],
            [
              43.54932,
              39.32606
            ],
            [
              43.55928,
              39.33318
            ],
            [
              43.5601,
              39.3484
            ],
            [
              43.57006,
              39.35552
            ],
            [
              43.58002,
              39.36263
            ],
            [
              43.58998,
              39.36974
            ],
            [
              43.59994,
              39.37686
            ],
            [
              43.60989,
              39.38397
            ],
            [
              43.61985,
              39.39108
            ],
            [
              43.62068,
              39.40631
            ],
            [
              43.63064,
              39.41342
            ],
            [
              43.64973,
              39.41243
            ],
            [
              43.66883,
              39.41143
            ],
            [
              43.68793,
              39.41043
            ],
            [
              43.70702,
              39.40943
            ],
            [
              43.72612,
              39.40843
            ],
            [
              43.74522,
              39.40743
            ],
            [
              43.76431,
              39.40644
            ],
            [
              43.77345,
              39.39832
            ],
            [
              43.78259,
              39.39021
            ],
            [
              43.80168,
              39.38921
            ],
            [
              43.82078,
              39.38821
            ],
            [
              43.83074,
              39.39533
            ],
            [
              43.8407,
              39.40244
            ],
            [
              43.85066,
              39.40956
            ],
            [
              43.86062,
              39.41667
            ],
            [
              43.87058,
              39.42378
            ],
            [
              43.88054,
              39.4309
            ],
            [
              43.89963,
              39.4299
            ],
            [
              43.90959,
              39.43701
            ],
            [
              43.91955,
              39.44413
            ],
            [
              43.93865,
              39.44313
            ],
            [
              43.95775,
              39.44213
            ],
            [
              43.97684,
              39.44113
            ],
            [
              43.9868,
              39.44825
            ],
            [
              43.99676,
              39.45536
            ],
            [
              44.01586,
              39.45436
            ],
            [
              44.03495,
              39.45336
            ],
            [
              44.05405,
              39.45236
            ],
            [
              44.07315,
              39.45137
            ],
            [
              44.09225,
              39.45037
            ],
            [
              44.11134,
              39.44937
            ],
            [
              44.12048,
              39.44126
            ],
            [
              44.12962,
              39.43314
            ],
            [
              44.14871,
              39.43215
            ],
            [
              44.16781,
              39.43115
            ],
            [
              44.18691,
              39.43015
            ],
            [
              44.206,
              39.42915
            ],
            [
              44.2251,
              39.42815
            ],
            [
              44.2442,
              39.42715
            ],
            [
              44.26329,
              39.42616
            ],
            [
              44.28239,
              39.42516
            ],
            [
              44.30149,
              39.42416
            ],
            [
              44.32058,
              39.42316
            ],
            [
              44.33968,
              39.42216
            ],
            [
              44.35878,
              39.42116
            ],
            [
              44.37787,
              39.42017
            ],
            [
              44.39697,
              39.41917
            ],
            [
              44.41607,
              39.41817
            ],
            [
              44.42603,
              39.42528
            ],
            [
              44.43599,
              39.4324
            ],
            [
              44.44595,
              39.43951
            ],
            [
              44.44677,
              39.45474
            ],
            [
              44.45673,
              39.46185
            ],
            [
              44.46669,
              39.46896
            ],
            [
              44.47665,
              39.47608
            ],
            [
              44.48661,
              39.48319
            ],
            [
              44.49656,
              39.49031
            ],
            [
              44.50652,
              39.49742
            ],
            [
              44.51648,
              39.50453
            ],
            [
              44.53558,
              39.50353
            ],
            [
              44.55468,
              39.50254
            ],
            [
              44.57377,
              39.50154
            ],
            [
              44.59287,
              39.50054
            ],
            [
              44.61197,
              39.49954
            ],
            [
              44.63106,
              39.49854
            ],
            [
              44.65016,
              39.49754
            ],
            [
              44.66926,
              39.49655
            ],
            [
              44.67839,
              39.48843
            ],
            [
              44.68753,
              39.48032
            ],
            [
              44.70663,
              39.47932
            ],
            [
              44.72573,
              39.47832
            ],
            [
              44.74482,
              39.47733
            ],
            [
              44.76392,
              39.47633
            ],
            [
              44.78302,
              39.47533
            ],
            [
              44.80211,
              39.47433
            ],
            [
              44.82121,
              39.47333
            ],
            [
              44.84031,
              39.47233
            ],
            [
              44.8594,
              39.47134
            ],
            [
              44.86936,
              39.47845
            ],
            [
              44.87018,
              39.49368
            ],
            [
              44.88014,
              39.50079
            ],
            [
              44.8901,
              39.5079
            ],
            [
              44.90006,
              39.51502
            ],
            [
              44.91916,
              39.51402
            ],
            [
              44.9283,
              39.50591
            ],
            [
              44.93743,
              39.49779
            ],
            [
              44.94657,
              39.48968
            ],
            [
              44.95571,
              39.48157
            ],
            [
              44.96485,
              39.47346
            ],
            [
              44.96402,
              39.45823
            ],
            [
              44.97316,
              39.45012
            ],
            [
              44.9823,
              39.44201
            ],
            [
              44.99144,
              39.4339
            ],
            [
              45.00057,
              39.42578
            ],
            [
              44.99975,
              39.41056
            ],
            [
              45.00889,
              39.40244
            ],
            [
              45.01803,
              39.39433
            ],
            [
              45.02716,
              39.38622
            ],
            [
              45.0363,
              39.37811
            ],
            [
              45.04544,
              39.37
            ],
            [
              45.0554,
              39.37711
            ],
            [
              45.06536,
              39.38422
            ],
            [
              45.08445,
              39.38323
            ],
            [
              45.09441,
              39.39034
            ],
            [
              45.09524,
              39.40556
            ],
            [
              45.1052,
              39.41268
            ],
            [
              45.11515,
              39.41979
            ],
            [
              45.11598,
              39.43502
            ],
            [
              45.1168,
              39.45024
            ],
            [
              45.11762,
              39.46547
            ],
            [
              45.11844,
              39.4807
            ],
            [
              45.11926,
              39.49592
            ],
            [
              45.12009,
              39.51115
            ],
            [
              45.12091,
              39.52637
            ],
            [
              45.13087,
              39.53349
            ]
          ]
        ]
      }
    },
    {
      "type": "Feature",
      "properties": {
        "id": "turuberan",
        "metrics": {
          "areaKm2": 28246,
          "perimeterKm": 802,
          "eastWestKm": 260,
          "northSouthKm": 175,
          "centroid": [
            41.95987,
            39.24329
          ],
          "sharePercent": 8.9
        }
      },
      "geometry": {
        "type": "Polygon",
        "coordinates": [
          [
            [
              41.28976,
              40.03968
            ],
            [
              41.2989,
              40.03157
            ],
            [
              41.30804,
              40.02346
            ],
            [
              41.32713,
              40.02246
            ],
            [
              41.34623,
              40.02146
            ],
            [
              41.35537,
              40.01335
            ],
            [
              41.3645,
              40.00524
            ],
            [
              41.3836,
              40.00424
            ],
            [
              41.4027,
              40.00324
            ],
            [
              41.41184,
              39.99513
            ],
            [
              41.42097,
              39.98702
            ],
            [
              41.44007,
              39.98602
            ],
            [
              41.45917,
              39.98502
            ],
            [
              41.4683,
              39.97691
            ],
            [
              41.47744,
              39.9688
            ],
            [
              41.49654,
              39.9678
            ],
            [
              41.51563,
              39.9668
            ],
            [
              41.52559,
              39.97391
            ],
            [
              41.53555,
              39.98103
            ],
            [
              41.55465,
              39.98003
            ],
            [
              41.57375,
              39.97903
            ],
            [
              41.59284,
              39.97803
            ],
            [
              41.61194,
              39.97703
            ],
            [
              41.63104,
              39.97604
            ],
            [
              41.65013,
              39.97504
            ],
            [
              41.66923,
              39.97404
            ],
            [
              41.68833,
              39.97304
            ],
            [
              41.70742,
              39.97204
            ],
            [
              41.72652,
              39.97104
            ],
            [
              41.73566,
              39.96293
            ],
            [
              41.7448,
              39.95482
            ],
            [
              41.76389,
              39.95382
            ],
            [
              41.78299,
              39.95282
            ],
            [
              41.80209,
              39.95182
            ],
            [
              41.82118,
              39.95083
            ],
            [
              41.84028,
              39.94983
            ],
            [
              41.84942,
              39.94171
            ],
            [
              41.85855,
              39.9336
            ],
            [
              41.87765,
              39.9326
            ],
            [
              41.89675,
              39.93161
            ],
            [
              41.91584,
              39.93061
            ],
            [
              41.92498,
              39.9225
            ],
            [
              41.93412,
              39.91438
            ],
            [
              41.95322,
              39.91338
            ],
            [
              41.97231,
              39.91239
            ],
            [
              41.99141,
              39.91139
            ],
            [
              42.00137,
              39.9185
            ],
            [
              42.01133,
              39.92562
            ],
            [
              42.03043,
              39.92462
            ],
            [
              42.04952,
              39.92362
            ],
            [
              42.06862,
              39.92262
            ],
            [
              42.08772,
              39.92162
            ],
            [
              42.10681,
              39.92062
            ],
            [
              42.12591,
              39.91962
            ],
            [
              42.13505,
              39.91151
            ],
            [
              42.14418,
              39.9034
            ],
            [
              42.16328,
              39.9024
            ],
            [
              42.18238,
              39.9014
            ],
            [
              42.20147,
              39.90041
            ],
            [
              42.22057,
              39.89941
            ],
            [
              42.23967,
              39.89841
            ],
            [
              42.25876,
              39.89741
            ],
            [
              42.27786,
              39.89641
            ],
            [
              42.29696,
              39.89541
            ],
            [
              42.31605,
              39.89442
            ],
            [
              42.33515,
              39.89342
            ],
            [
              42.35425,
              39.89242
            ],
            [
              42.37334,
              39.89142
            ],
            [
              42.39244,
              39.89042
            ],
            [
              42.40158,
              39.88231
            ],
            [
              42.41072,
              39.8742
            ],
            [
              42.41985,
              39.86608
            ],
            [
              42.42899,
              39.85797
            ],
            [
              42.43813,
              39.84986
            ],
            [
              42.43731,
              39.83463
            ],
            [
              42.44644,
              39.82652
            ],
            [
              42.45558,
              39.81841
            ],
            [
              42.46472,
              39.8103
            ],
            [
              42.48382,
              39.8093
            ],
            [
              42.49295,
              39.80119
            ],
            [
              42.50209,
              39.79307
            ],
            [
              42.52119,
              39.79208
            ],
            [
              42.54028,
              39.79108
            ],
            [
              42.55938,
              39.79008
            ],
            [
              42.56852,
              39.78197
            ],
            [
              42.57766,
              39.77386
            ],
            [
              42.59675,
              39.77286
            ],
            [
              42.61585,
              39.77186
            ],
            [
              42.63495,
              39.77086
            ],
            [
              42.65404,
              39.76986
            ],
            [
              42.67314,
              39.76886
            ],
            [
              42.69224,
              39.76786
            ],
            [
              42.71133,
              39.76687
            ],
            [
              42.73043,
              39.76587
            ],
            [
              42.74953,
              39.76487
            ],
            [
              42.76862,
              39.76387
            ],
            [
              42.78772,
              39.76287
            ],
            [
              42.80682,
              39.76187
            ],
            [
              42.81595,
              39.75376
            ],
            [
              42.81513,
              39.73854
            ],
            [
              42.81431,
              39.72331
            ],
            [
              42.81349,
              39.70808
            ],
            [
              42.80353,
              39.70097
            ],
            [
              42.79357,
              39.69386
            ],
            [
              42.78361,
              39.68674
            ],
            [
              42.77365,
              39.67963
            ],
            [
              42.77283,
              39.6644
            ],
            [
              42.77201,
              39.64918
            ],
            [
              42.77119,
              39.63395
            ],
            [
              42.77036,
              39.61872
            ],
            [
              42.76954,
              39.6035
            ],
            [
              42.77868,
              39.59539
            ],
            [
              42.78782,
              39.58727
            ],
            [
              42.79695,
              39.57916
            ],
            [
              42.80609,
              39.57105
            ],
            [
              42.81523,
              39.56294
            ],
            [
              42.82437,
              39.55483
            ],
            [
              42.82354,
              39.5396
            ],
            [
              42.82272,
              39.52437
            ],
            [
              42.83186,
              39.51626
            ],
            [
              42.841,
              39.50815
            ],
            [
              42.84017,
              39.49292
            ],
            [
              42.83935,
              39.4777
            ],
            [
              42.83853,
              39.46247
            ],
            [
              42.84767,
              39.45436
            ],
            [
              42.85681,
              39.44625
            ],
            [
              42.86594,
              39.43813
            ],
            [
              42.88504,
              39.43714
            ],
            [
              42.89418,
              39.42902
            ],
            [
              42.90331,
              39.42091
            ],
            [
              42.91245,
              39.4128
            ],
            [
              42.92159,
              39.40469
            ],
            [
              42.93073,
              39.39657
            ],
            [
              42.93986,
              39.38846
            ],
            [
              42.95896,
              39.38746
            ],
            [
              42.97806,
              39.38647
            ],
            [
              42.99715,
              39.38547
            ],
            [
              43.00711,
              39.39258
            ],
            [
              43.01707,
              39.3997
            ],
            [
              43.02703,
              39.40681
            ],
            [
              43.03699,
              39.41392
            ],
            [
              43.04695,
              39.42104
            ],
            [
              43.05691,
              39.42815
            ],
            [
              43.06687,
              39.43526
            ],
            [
              43.07683,
              39.44238
            ],
            [
              43.09593,
              39.44138
            ],
            [
              43.11502,
              39.44038
            ],
            [
              43.12498,
              39.4475
            ],
            [
              43.13494,
              39.45461
            ],
            [
              43.15404,
              39.45361
            ],
            [
              43.17313,
              39.45261
            ],
            [
              43.18309,
              39.45973
            ],
            [
              43.19305,
              39.46684
            ],
            [
              43.21215,
              39.46584
            ],
            [
              43.23125,
              39.46484
            ],
            [
              43.24121,
              39.47196
            ],
            [
              43.25117,
              39.47907
            ],
            [
              43.27026,
              39.47807
            ],
            [
              43.28936,
              39.47707
            ],
            [
              43.30846,
              39.47608
            ],
            [
              43.32755,
              39.47508
            ],
            [
              43.33669,
              39.46696
            ],
            [
              43.34583,
              39.45885
            ],
            [
              43.36492,
              39.45785
            ],
            [
              43.37406,
              39.44974
            ],
            [
              43.3832,
              39.44163
            ],
            [
              43.39234,
              39.43352
            ],
            [
              43.40147,
              39.42541
            ],
            [
              43.41061,
              39.41729
            ],
            [
              43.41975,
              39.40918
            ],
            [
              43.43885,
              39.40818
            ],
            [
              43.44798,
              39.40007
            ],
            [
              43.45712,
              39.39196
            ],
            [
              43.47622,
              39.39096
            ],
            [
              43.49531,
              39.38996
            ],
            [
              43.50445,
              39.38185
            ],
            [
              43.51359,
              39.37374
            ],
            [
              43.52273,
              39.36562
            ],
            [
              43.53186,
              39.35751
            ],
            [
              43.541,
              39.3494
            ],
            [
              43.55014,
              39.34129
            ],
            [
              43.55928,
              39.33318
            ],
            [
              43.54932,
              39.32606
            ],
            [
              43.53936,
              39.31895
            ],
            [
              43.53854,
              39.30372
            ],
            [
              43.52858,
              39.29661
            ],
            [
              43.51862,
              39.28949
            ],
            [
              43.50866,
              39.28238
            ],
            [
              43.4987,
              39.27527
            ],
            [
              43.48874,
              39.26815
            ],
            [
              43.47878,
              39.26104
            ],
            [
              43.46882,
              39.25393
            ],
            [
              43.45886,
              39.24681
            ],
            [
              43.4489,
              39.2397
            ],
            [
              43.43894,
              39.23258
            ],
            [
              43.42898,
              39.22547
            ],
            [
              43.41902,
              39.21836
            ],
            [
              43.4182,
              39.20313
            ],
            [
              43.40824,
              39.19602
            ],
            [
              43.38915,
              39.19701
            ],
            [
              43.37919,
              39.1899
            ],
            [
              43.36923,
              39.18279
            ],
            [
              43.35927,
              39.17567
            ],
            [
              43.34931,
              39.16856
            ],
            [
              43.33935,
              39.16145
            ],
            [
              43.33853,
              39.14622
            ],
            [
              43.3377,
              39.13099
            ],
            [
              43.33688,
              39.11577
            ],
            [
              43.33606,
              39.10054
            ],
            [
              43.33524,
              39.08532
            ],
            [
              43.33442,
              39.07009
            ],
            [
              43.33359,
              39.05486
            ],
            [
              43.33277,
              39.03964
            ],
            [
              43.34191,
              39.03153
            ],
            [
              43.35105,
              39.02341
            ],
            [
              43.35023,
              39.00819
            ],
            [
              43.3494,
              38.99296
            ],
            [
              43.35854,
              38.98485
            ],
            [
              43.36768,
              38.97674
            ],
            [
              43.35772,
              38.96962
            ],
            [
              43.34776,
              38.96251
            ],
            [
              43.3378,
              38.9554
            ],
            [
              43.3187,
              38.95639
            ],
            [
              43.30874,
              38.94928
            ],
            [
              43.29878,
              38.94217
            ],
            [
              43.27969,
              38.94316
            ],
            [
              43.26973,
              38.93605
            ],
            [
              43.25977,
              38.92894
            ],
            [
              43.24067,
              38.92994
            ],
            [
              43.22158,
              38.93093
            ],
            [
              43.21162,
              38.92382
            ],
            [
              43.20166,
              38.91671
            ],
            [
              43.18256,
              38.9177
            ],
            [
              43.1726,
              38.91059
            ],
            [
              43.17178,
              38.89536
            ],
            [
              43.16182,
              38.88825
            ],
            [
              43.15186,
              38.88114
            ],
            [
              43.1419,
              38.87402
            ],
            [
              43.13194,
              38.86691
            ],
            [
              43.13112,
              38.85168
            ],
            [
              43.12116,
              38.84457
            ],
            [
              43.1112,
              38.83746
            ],
            [
              43.11038,
              38.82223
            ],
            [
              43.10042,
              38.81512
            ],
            [
              43.09046,
              38.808
            ],
            [
              43.0805,
              38.80089
            ],
            [
              43.07054,
              38.79377
            ],
            [
              43.06058,
              38.78666
            ],
            [
              43.05062,
              38.77955
            ],
            [
              43.04066,
              38.77243
            ],
            [
              43.0307,
              38.76532
            ],
            [
              43.02075,
              38.7582
            ],
            [
              43.01079,
              38.75109
            ],
            [
              43.00083,
              38.74398
            ],
            [
              42.99087,
              38.73686
            ],
            [
              42.98091,
              38.72975
            ],
            [
              42.97095,
              38.72264
            ],
            [
              42.96099,
              38.71552
            ],
            [
              42.95103,
              38.70841
            ],
            [
              42.94107,
              38.70129
            ],
            [
              42.93111,
              38.69418
            ],
            [
              42.92115,
              38.68707
            ],
            [
              42.91119,
              38.67995
            ],
            [
              42.90123,
              38.67284
            ],
            [
              42.89127,
              38.66573
            ],
            [
              42.88131,
              38.65861
            ],
            [
              42.87135,
              38.6515
            ],
            [
              42.8614,
              38.64438
            ],
            [
              42.85144,
              38.63727
            ],
            [
              42.84148,
              38.63016
            ],
            [
              42.82238,
              38.63115
            ],
            [
              42.80328,
              38.63215
            ],
            [
              42.79415,
              38.64027
            ],
            [
              42.78501,
              38.64838
            ],
            [
              42.76591,
              38.64938
            ],
            [
              42.74681,
              38.65037
            ],
            [
              42.72772,
              38.65137
            ],
            [
              42.70862,
              38.65237
            ],
            [
              42.68952,
              38.65337
            ],
            [
              42.67043,
              38.65437
            ],
            [
              42.65133,
              38.65537
            ],
            [
              42.63223,
              38.65636
            ],
            [
              42.61314,
              38.65736
            ],
            [
              42.59404,
              38.65836
            ],
            [
              42.58408,
              38.65125
            ],
            [
              42.57412,
              38.64413
            ],
            [
              42.55503,
              38.64513
            ],
            [
              42.54507,
              38.63802
            ],
            [
              42.53511,
              38.6309
            ],
            [
              42.51601,
              38.6319
            ],
            [
              42.50605,
              38.62479
            ],
            [
              42.49609,
              38.61768
            ],
            [
              42.48613,
              38.61056
            ],
            [
              42.48531,
              38.59534
            ],
            [
              42.47535,
              38.58822
            ],
            [
              42.45625,
              38.58922
            ],
            [
              42.43716,
              38.59022
            ],
            [
              42.41806,
              38.59122
            ],
            [
              42.4081,
              38.5841
            ],
            [
              42.39814,
              38.57699
            ],
            [
              42.37904,
              38.57799
            ],
            [
              42.35995,
              38.57899
            ],
            [
              42.34999,
              38.57187
            ],
            [
              42.34003,
              38.56476
            ],
            [
              42.32093,
              38.56576
            ],
            [
              42.30184,
              38.56675
            ],
            [
              42.29188,
              38.55964
            ],
            [
              42.28192,
              38.55253
            ],
            [
              42.26282,
              38.55353
            ],
            [
              42.25286,
              38.54641
            ],
            [
              42.2429,
              38.5393
            ],
            [
              42.22381,
              38.5403
            ],
            [
              42.20471,
              38.54129
            ],
            [
              42.18561,
              38.54229
            ],
            [
              42.16651,
              38.54329
            ],
            [
              42.14742,
              38.54429
            ],
            [
              42.13746,
              38.53718
            ],
            [
              42.1275,
              38.53006
            ],
            [
              42.1084,
              38.53106
            ],
            [
              42.09844,
              38.52395
            ],
            [
              42.08848,
              38.51683
            ],
            [
              42.07852,
              38.50972
            ],
            [
              42.0777,
              38.49449
            ],
            [
              42.06774,
              38.48738
            ],
            [
              42.05778,
              38.48027
            ],
            [
              42.04782,
              38.47315
            ],
            [
              42.03787,
              38.46604
            ],
            [
              42.02791,
              38.45892
            ],
            [
              42.00881,
              38.45992
            ],
            [
              41.98971,
              38.46092
            ],
            [
              41.97062,
              38.46192
            ],
            [
              41.96148,
              38.47003
            ],
            [
              41.95234,
              38.47814
            ],
            [
              41.93324,
              38.47914
            ],
            [
              41.91415,
              38.48014
            ],
            [
              41.90501,
              38.48825
            ],
            [
              41.89587,
              38.49636
            ],
            [
              41.88674,
              38.50448
            ],
            [
              41.88756,
              38.5197
            ],
            [
              41.88838,
              38.53493
            ],
            [
              41.8892,
              38.55016
            ],
            [
              41.89002,
              38.56538
            ],
            [
              41.89084,
              38.58061
            ],
            [
              41.89167,
              38.59583
            ],
            [
              41.88253,
              38.60395
            ],
            [
              41.87339,
              38.61206
            ],
            [
              41.87421,
              38.62728
            ],
            [
              41.86508,
              38.6354
            ],
            [
              41.84598,
              38.63639
            ],
            [
              41.82688,
              38.63739
            ],
            [
              41.80779,
              38.63839
            ],
            [
              41.79783,
              38.63128
            ],
            [
              41.78787,
              38.62416
            ],
            [
              41.76877,
              38.62516
            ],
            [
              41.75881,
              38.61805
            ],
            [
              41.74885,
              38.61093
            ],
            [
              41.73889,
              38.60382
            ],
            [
              41.72893,
              38.59671
            ],
            [
              41.71897,
              38.58959
            ],
            [
              41.70901,
              38.58248
            ],
            [
              41.68992,
              38.58348
            ],
            [
              41.67082,
              38.58448
            ],
            [
              41.66086,
              38.57736
            ],
            [
              41.6509,
              38.57025
            ],
            [
              41.63181,
              38.57125
            ],
            [
              41.62267,
              38.57936
            ],
            [
              41.61353,
              38.58747
            ],
            [
              41.59443,
              38.58847
            ],
            [
              41.5853,
              38.59658
            ],
            [
              41.57616,
              38.60469
            ],
            [
              41.56702,
              38.61281
            ],
            [
              41.55788,
              38.62092
            ],
            [
              41.54875,
              38.62903
            ],
            [
              41.53961,
              38.63714
            ],
            [
              41.52051,
              38.63814
            ],
            [
              41.51138,
              38.64625
            ],
            [
              41.50224,
              38.65437
            ],
            [
              41.4931,
              38.66248
            ],
            [
              41.48396,
              38.67059
            ],
            [
              41.46487,
              38.67159
            ],
            [
              41.45573,
              38.6797
            ],
            [
              41.44659,
              38.68781
            ],
            [
              41.43745,
              38.69592
            ],
            [
              41.42832,
              38.70404
            ],
            [
              41.41918,
              38.71215
            ],
            [
              41.41004,
              38.72026
            ],
            [
              41.39095,
              38.72126
            ],
            [
              41.37185,
              38.72226
            ],
            [
              41.35275,
              38.72326
            ],
            [
              41.34279,
              38.71614
            ],
            [
              41.33283,
              38.70903
            ],
            [
              41.32287,
              38.70192
            ],
            [
              41.31291,
              38.6948
            ],
            [
              41.30295,
              38.68769
            ],
            [
              41.30213,
              38.67246
            ],
            [
              41.30131,
              38.65724
            ],
            [
              41.30049,
              38.64201
            ],
            [
              41.29967,
              38.62678
            ],
            [
              41.28971,
              38.61967
            ],
            [
              41.27975,
              38.61256
            ],
            [
              41.26979,
              38.60544
            ],
            [
              41.25983,
              38.59833
            ],
            [
              41.24987,
              38.59121
            ],
            [
              41.23991,
              38.5841
            ],
            [
              41.22995,
              38.57699
            ],
            [
              41.21085,
              38.57799
            ],
            [
              41.19176,
              38.57898
            ],
            [
              41.17266,
              38.57998
            ],
            [
              41.15356,
              38.58098
            ],
            [
              41.14443,
              38.58909
            ],
            [
              41.13529,
              38.5972
            ],
            [
              41.12615,
              38.60532
            ],
            [
              41.11702,
              38.61343
            ],
            [
              41.10788,
              38.62154
            ],
            [
              41.1087,
              38.63677
            ],
            [
              41.10952,
              38.65199
            ],
            [
              41.11034,
              38.66722
            ],
            [
              41.1203,
              38.67433
            ],
            [
              41.13026,
              38.68145
            ],
            [
              41.13108,
              38.69667
            ],
            [
              41.14104,
              38.70379
            ],
            [
              41.151,
              38.7109
            ],
            [
              41.15182,
              38.72613
            ],
            [
              41.15265,
              38.74135
            ],
            [
              41.15347,
              38.75658
            ],
            [
              41.14433,
              38.76469
            ],
            [
              41.13519,
              38.7728
            ],
            [
              41.12606,
              38.78092
            ],
            [
              41.11692,
              38.78903
            ],
            [
              41.10778,
              38.79714
            ],
            [
              41.08868,
              38.79814
            ],
            [
              41.06959,
              38.79914
            ],
            [
              41.05049,
              38.80014
            ],
            [
              41.03139,
              38.80113
            ],
            [
              41.02226,
              38.80925
            ],
            [
              41.01312,
              38.81736
            ],
            [
              41.00398,
              38.82547
            ],
            [
              40.99484,
              38.83358
            ],
            [
              40.98571,
              38.84169
            ],
            [
              40.97657,
              38.84981
            ],
            [
              40.96743,
              38.85792
            ],
            [
              40.9583,
              38.86603
            ],
            [
              40.94916,
              38.87414
            ],
            [
              40.94002,
              38.88226
            ],
            [
              40.92092,
              38.88325
            ],
            [
              40.91179,
              38.89137
            ],
            [
              40.90265,
              38.89948
            ],
            [
              40.88355,
              38.90048
            ],
            [
              40.86446,
              38.90148
            ],
            [
              40.84536,
              38.90247
            ],
            [
              40.82626,
              38.90347
            ],
            [
              40.81712,
              38.91158
            ],
            [
              40.80799,
              38.9197
            ],
            [
              40.78889,
              38.92069
            ],
            [
              40.77975,
              38.92881
            ],
            [
              40.77062,
              38.93692
            ],
            [
              40.76148,
              38.94503
            ],
            [
              40.7623,
              38.96026
            ],
            [
              40.76312,
              38.97548
            ],
            [
              40.76394,
              38.99071
            ],
            [
              40.76477,
              39.00594
            ],
            [
              40.75563,
              39.01405
            ],
            [
              40.74649,
              39.02216
            ],
            [
              40.74731,
              39.03739
            ],
            [
              40.74813,
              39.05261
            ],
            [
              40.739,
              39.06072
            ],
            [
              40.72986,
              39.06884
            ],
            [
              40.73068,
              39.08406
            ],
            [
              40.7315,
              39.09929
            ],
            [
              40.73233,
              39.11451
            ],
            [
              40.72319,
              39.12263
            ],
            [
              40.71405,
              39.13074
            ],
            [
              40.71487,
              39.14597
            ],
            [
              40.7157,
              39.16119
            ],
            [
              40.71652,
              39.17642
            ],
            [
              40.70738,
              39.18453
            ],
            [
              40.69824,
              39.19264
            ],
            [
              40.6891,
              39.20075
            ],
            [
              40.67997,
              39.20887
            ],
            [
              40.68079,
              39.22409
            ],
            [
              40.67165,
              39.2322
            ],
            [
              40.66251,
              39.24032
            ],
            [
              40.65338,
              39.24843
            ],
            [
              40.63428,
              39.24943
            ],
            [
              40.61518,
              39.25043
            ],
            [
              40.59609,
              39.25142
            ],
            [
              40.58695,
              39.25954
            ],
            [
              40.57781,
              39.26765
            ],
            [
              40.56867,
              39.27576
            ],
            [
              40.5695,
              39.29099
            ],
            [
              40.57032,
              39.30621
            ],
            [
              40.57114,
              39.32144
            ],
            [
              40.562,
              39.32955
            ],
            [
              40.55287,
              39.33766
            ],
            [
              40.55369,
              39.35289
            ],
            [
              40.55451,
              39.36812
            ],
            [
              40.55533,
              39.38334
            ],
            [
              40.56529,
              39.39045
            ],
            [
              40.57525,
              39.39757
            ],
            [
              40.57607,
              39.41279
            ],
            [
              40.58603,
              39.41991
            ],
            [
              40.59599,
              39.42702
            ],
            [
              40.59681,
              39.44225
            ],
            [
              40.59763,
              39.45747
            ],
            [
              40.59846,
              39.4727
            ],
            [
              40.60842,
              39.47981
            ],
            [
              40.61838,
              39.48693
            ],
            [
              40.62833,
              39.49404
            ],
            [
              40.63829,
              39.50116
            ],
            [
              40.64825,
              39.50827
            ],
            [
              40.65821,
              39.51538
            ],
            [
              40.66817,
              39.5225
            ],
            [
              40.67813,
              39.52961
            ],
            [
              40.68809,
              39.53672
            ],
            [
              40.69805,
              39.54384
            ],
            [
              40.70801,
              39.55095
            ],
            [
              40.72711,
              39.54995
            ],
            [
              40.73707,
              39.55707
            ],
            [
              40.74702,
              39.56418
            ],
            [
              40.75698,
              39.5713
            ],
            [
              40.76694,
              39.57841
            ],
            [
              40.7769,
              39.58552
            ],
            [
              40.78686,
              39.59264
            ],
            [
              40.79682,
              39.59975
            ],
            [
              40.79764,
              39.61498
            ],
            [
              40.79847,
              39.6302
            ],
            [
              40.79929,
              39.64543
            ],
            [
              40.80925,
              39.65254
            ],
            [
              40.81921,
              39.65966
            ],
            [
              40.82003,
              39.67488
            ],
            [
              40.82085,
              39.69011
            ],
            [
              40.83081,
              39.69722
            ],
            [
              40.84991,
              39.69622
            ],
            [
              40.869,
              39.69523
            ],
            [
              40.8881,
              39.69423
            ],
            [
              40.9072,
              39.69323
            ],
            [
              40.92629,
              39.69223
            ],
            [
              40.94539,
              39.69123
            ],
            [
              40.96449,
              39.69023
            ],
            [
              40.98358,
              39.68924
            ],
            [
              40.99354,
              39.69635
            ],
            [
              40.99436,
              39.71158
            ],
            [
              41.00432,
              39.71869
            ],
            [
              41.01428,
              39.7258
            ],
            [
              41.01511,
              39.74103
            ],
            [
              41.02506,
              39.74814
            ],
            [
              41.03502,
              39.75526
            ],
            [
              41.03585,
              39.77048
            ],
            [
              41.04581,
              39.7776
            ],
            [
              41.05576,
              39.78471
            ],
            [
              41.06572,
              39.79182
            ],
            [
              41.07568,
              39.79894
            ],
            [
              41.08564,
              39.80605
            ],
            [
              41.0956,
              39.81317
            ],
            [
              41.10556,
              39.82028
            ],
            [
              41.11552,
              39.82739
            ],
            [
              41.11634,
              39.84262
            ],
            [
              41.1263,
              39.84973
            ],
            [
              41.13626,
              39.85685
            ],
            [
              41.14622,
              39.86396
            ],
            [
              41.15618,
              39.87107
            ],
            [
              41.16614,
              39.87819
            ],
            [
              41.1761,
              39.8853
            ],
            [
              41.18606,
              39.89242
            ],
            [
              41.19602,
              39.89953
            ],
            [
              41.19684,
              39.91476
            ],
            [
              41.19766,
              39.92998
            ],
            [
              41.19848,
              39.94521
            ],
            [
              41.19931,
              39.96043
            ],
            [
              41.20926,
              39.96755
            ],
            [
              41.21922,
              39.97466
            ],
            [
              41.22918,
              39.98178
            ],
            [
              41.23914,
              39.98889
            ],
            [
              41.23996,
              40.00412
            ],
            [
              41.24992,
              40.01123
            ],
            [
              41.25988,
              40.01834
            ],
            [
              41.26984,
              40.02546
            ],
            [
              41.2798,
              40.03257
            ],
            [
              41.28976,
              40.03968
            ]
          ]
        ]
      }
    },
    {
      "type": "Feature",
      "properties": {
        "id": "tsopk",
        "metrics": {
          "areaKm2": 21327,
          "perimeterKm": 821,
          "eastWestKm": 238,
          "northSouthKm": 142,
          "centroid": [
            39.48909,
            39.19599
          ],
          "sharePercent": 6.7
        }
      },
      "geometry": {
        "type": "Polygon",
        "coordinates": [
          [
            [
              40.10924,
              39.81129
            ],
            [
              40.12834,
              39.81029
            ],
            [
              40.14744,
              39.80929
            ],
            [
              40.16653,
              39.8083
            ],
            [
              40.18563,
              39.8073
            ],
            [
              40.19477,
              39.79919
            ],
            [
              40.2039,
              39.79107
            ],
            [
              40.223,
              39.79008
            ],
            [
              40.2421,
              39.78908
            ],
            [
              40.26119,
              39.78808
            ],
            [
              40.28029,
              39.78708
            ],
            [
              40.29939,
              39.78608
            ],
            [
              40.31848,
              39.78508
            ],
            [
              40.33758,
              39.78408
            ],
            [
              40.35668,
              39.78309
            ],
            [
              40.37578,
              39.78209
            ],
            [
              40.39487,
              39.78109
            ],
            [
              40.41397,
              39.78009
            ],
            [
              40.43307,
              39.77909
            ],
            [
              40.45216,
              39.77809
            ],
            [
              40.47126,
              39.7771
            ],
            [
              40.49036,
              39.7761
            ],
            [
              40.50945,
              39.7751
            ],
            [
              40.52855,
              39.7741
            ],
            [
              40.54765,
              39.7731
            ],
            [
              40.56674,
              39.7721
            ],
            [
              40.58584,
              39.77111
            ],
            [
              40.60494,
              39.77011
            ],
            [
              40.62403,
              39.76911
            ],
            [
              40.64313,
              39.76811
            ],
            [
              40.66223,
              39.76711
            ],
            [
              40.68132,
              39.76611
            ],
            [
              40.70042,
              39.76512
            ],
            [
              40.71952,
              39.76412
            ],
            [
              40.72865,
              39.756
            ],
            [
              40.73779,
              39.74789
            ],
            [
              40.75689,
              39.74689
            ],
            [
              40.77598,
              39.7459
            ],
            [
              40.79508,
              39.7449
            ],
            [
              40.80422,
              39.73679
            ],
            [
              40.8034,
              39.72156
            ],
            [
              40.81253,
              39.71345
            ],
            [
              40.82167,
              39.70533
            ],
            [
              40.82085,
              39.69011
            ],
            [
              40.82003,
              39.67488
            ],
            [
              40.81921,
              39.65966
            ],
            [
              40.80925,
              39.65254
            ],
            [
              40.79929,
              39.64543
            ],
            [
              40.79847,
              39.6302
            ],
            [
              40.79764,
              39.61498
            ],
            [
              40.79682,
              39.59975
            ],
            [
              40.78686,
              39.59264
            ],
            [
              40.7769,
              39.58552
            ],
            [
              40.76694,
              39.57841
            ],
            [
              40.75698,
              39.5713
            ],
            [
              40.74702,
              39.56418
            ],
            [
              40.73707,
              39.55707
            ],
            [
              40.72711,
              39.54995
            ],
            [
              40.70801,
              39.55095
            ],
            [
              40.69805,
              39.54384
            ],
            [
              40.68809,
              39.53672
            ],
            [
              40.67813,
              39.52961
            ],
            [
              40.66817,
              39.5225
            ],
            [
              40.65821,
              39.51538
            ],
            [
              40.64825,
              39.50827
            ],
            [
              40.63829,
              39.50116
            ],
            [
              40.62833,
              39.49404
            ],
            [
              40.61838,
              39.48693
            ],
            [
              40.60842,
              39.47981
            ],
            [
              40.59846,
              39.4727
            ],
            [
              40.59763,
              39.45747
            ],
            [
              40.59681,
              39.44225
            ],
            [
              40.59599,
              39.42702
            ],
            [
              40.58603,
              39.41991
            ],
            [
              40.57607,
              39.41279
            ],
            [
              40.57525,
              39.39757
            ],
            [
              40.56529,
              39.39045
            ],
            [
              40.55533,
              39.38334
            ],
            [
              40.55451,
              39.36812
            ],
            [
              40.55369,
              39.35289
            ],
            [
              40.55287,
              39.33766
            ],
            [
              40.562,
              39.32955
            ],
            [
              40.57114,
              39.32144
            ],
            [
              40.57032,
              39.30621
            ],
            [
              40.5695,
              39.29099
            ],
            [
              40.56867,
              39.27576
            ],
            [
              40.57781,
              39.26765
            ],
            [
              40.58695,
              39.25954
            ],
            [
              40.59609,
              39.25142
            ],
            [
              40.61518,
              39.25043
            ],
            [
              40.63428,
              39.24943
            ],
            [
              40.65338,
              39.24843
            ],
            [
              40.66251,
              39.24032
            ],
            [
              40.67165,
              39.2322
            ],
            [
              40.68079,
              39.22409
            ],
            [
              40.67997,
              39.20887
            ],
            [
              40.6891,
              39.20075
            ],
            [
              40.69824,
              39.19264
            ],
            [
              40.70738,
              39.18453
            ],
            [
              40.71652,
              39.17642
            ],
            [
              40.7157,
              39.16119
            ],
            [
              40.71487,
              39.14597
            ],
            [
              40.71405,
              39.13074
            ],
            [
              40.72319,
              39.12263
            ],
            [
              40.73233,
              39.11451
            ],
            [
              40.7315,
              39.09929
            ],
            [
              40.73068,
              39.08406
            ],
            [
              40.72986,
              39.06884
            ],
            [
              40.739,
              39.06072
            ],
            [
              40.74813,
              39.05261
            ],
            [
              40.74731,
              39.03739
            ],
            [
              40.74649,
              39.02216
            ],
            [
              40.75563,
              39.01405
            ],
            [
              40.76477,
              39.00594
            ],
            [
              40.76394,
              38.99071
            ],
            [
              40.76312,
              38.97548
            ],
            [
              40.7623,
              38.96026
            ],
            [
              40.76148,
              38.94503
            ],
            [
              40.77062,
              38.93692
            ],
            [
              40.77975,
              38.92881
            ],
            [
              40.76979,
              38.92169
            ],
            [
              40.75983,
              38.91458
            ],
            [
              40.74987,
              38.90747
            ],
            [
              40.73078,
              38.90846
            ],
            [
              40.72164,
              38.91658
            ],
            [
              40.7125,
              38.92469
            ],
            [
              40.69341,
              38.92569
            ],
            [
              40.67431,
              38.92669
            ],
            [
              40.65521,
              38.92768
            ],
            [
              40.64608,
              38.9358
            ],
            [
              40.63694,
              38.94391
            ],
            [
              40.61784,
              38.94491
            ],
            [
              40.59874,
              38.9459
            ],
            [
              40.57965,
              38.9469
            ],
            [
              40.56969,
              38.93979
            ],
            [
              40.55973,
              38.93268
            ],
            [
              40.54977,
              38.92556
            ],
            [
              40.54895,
              38.91034
            ],
            [
              40.54813,
              38.89511
            ],
            [
              40.5473,
              38.87988
            ],
            [
              40.54648,
              38.86466
            ],
            [
              40.55562,
              38.85655
            ],
            [
              40.56476,
              38.84843
            ],
            [
              40.57389,
              38.84032
            ],
            [
              40.58303,
              38.83221
            ],
            [
              40.58221,
              38.81698
            ],
            [
              40.59135,
              38.80887
            ],
            [
              40.60048,
              38.80076
            ],
            [
              40.59966,
              38.78553
            ],
            [
              40.5897,
              38.77842
            ],
            [
              40.57974,
              38.7713
            ],
            [
              40.57892,
              38.75608
            ],
            [
              40.56896,
              38.74896
            ],
            [
              40.54987,
              38.74996
            ],
            [
              40.53077,
              38.75096
            ],
            [
              40.51167,
              38.75196
            ],
            [
              40.49258,
              38.75296
            ],
            [
              40.47348,
              38.75396
            ],
            [
              40.46352,
              38.74684
            ],
            [
              40.45356,
              38.73973
            ],
            [
              40.43446,
              38.74073
            ],
            [
              40.41537,
              38.74173
            ],
            [
              40.40541,
              38.73461
            ],
            [
              40.39545,
              38.7275
            ],
            [
              40.37635,
              38.7285
            ],
            [
              40.35725,
              38.72949
            ],
            [
              40.33816,
              38.73049
            ],
            [
              40.31906,
              38.73149
            ],
            [
              40.3091,
              38.72438
            ],
            [
              40.29914,
              38.71726
            ],
            [
              40.28005,
              38.71826
            ],
            [
              40.27009,
              38.71115
            ],
            [
              40.26013,
              38.70403
            ],
            [
              40.24103,
              38.70503
            ],
            [
              40.22193,
              38.70603
            ],
            [
              40.20284,
              38.70703
            ],
            [
              40.18374,
              38.70803
            ],
            [
              40.16464,
              38.70903
            ],
            [
              40.14555,
              38.71003
            ],
            [
              40.12645,
              38.71102
            ],
            [
              40.10735,
              38.71202
            ],
            [
              40.08826,
              38.71302
            ],
            [
              40.06916,
              38.71402
            ],
            [
              40.05006,
              38.71502
            ],
            [
              40.03097,
              38.71602
            ],
            [
              40.01187,
              38.71701
            ],
            [
              39.99277,
              38.71801
            ],
            [
              39.97368,
              38.71901
            ],
            [
              39.95458,
              38.72001
            ],
            [
              39.93548,
              38.72101
            ],
            [
              39.91639,
              38.72201
            ],
            [
              39.90725,
              38.73012
            ],
            [
              39.89811,
              38.73823
            ],
            [
              39.88897,
              38.74634
            ],
            [
              39.88979,
              38.76157
            ],
            [
              39.89062,
              38.77679
            ],
            [
              39.89144,
              38.79202
            ],
            [
              39.89226,
              38.80725
            ],
            [
              39.89308,
              38.82247
            ],
            [
              39.8939,
              38.8377
            ],
            [
              39.89473,
              38.85292
            ],
            [
              39.88559,
              38.86104
            ],
            [
              39.87645,
              38.86915
            ],
            [
              39.87727,
              38.88438
            ],
            [
              39.8781,
              38.8996
            ],
            [
              39.86896,
              38.90771
            ],
            [
              39.85982,
              38.91583
            ],
            [
              39.86064,
              38.93105
            ],
            [
              39.85151,
              38.93916
            ],
            [
              39.83241,
              38.94016
            ],
            [
              39.81331,
              38.94116
            ],
            [
              39.79422,
              38.94216
            ],
            [
              39.78426,
              38.93505
            ],
            [
              39.7743,
              38.92793
            ],
            [
              39.76434,
              38.92082
            ],
            [
              39.76352,
              38.90559
            ],
            [
              39.76269,
              38.89037
            ],
            [
              39.75273,
              38.88325
            ],
            [
              39.74277,
              38.87614
            ],
            [
              39.74195,
              38.86091
            ],
            [
              39.73199,
              38.8538
            ],
            [
              39.72203,
              38.84668
            ],
            [
              39.71207,
              38.83957
            ],
            [
              39.69298,
              38.84057
            ],
            [
              39.67388,
              38.84157
            ],
            [
              39.66392,
              38.83445
            ],
            [
              39.65396,
              38.82734
            ],
            [
              39.63487,
              38.82834
            ],
            [
              39.61577,
              38.82934
            ],
            [
              39.59667,
              38.83033
            ],
            [
              39.57758,
              38.83133
            ],
            [
              39.55848,
              38.83233
            ],
            [
              39.53938,
              38.83333
            ],
            [
              39.52028,
              38.83433
            ],
            [
              39.50119,
              38.83533
            ],
            [
              39.48209,
              38.83633
            ],
            [
              39.46299,
              38.83732
            ],
            [
              39.45304,
              38.83021
            ],
            [
              39.44308,
              38.8231
            ],
            [
              39.42398,
              38.82409
            ],
            [
              39.40488,
              38.82509
            ],
            [
              39.39492,
              38.81798
            ],
            [
              39.38496,
              38.81087
            ],
            [
              39.375,
              38.80375
            ],
            [
              39.36505,
              38.79664
            ],
            [
              39.35509,
              38.78952
            ],
            [
              39.34513,
              38.78241
            ],
            [
              39.33517,
              38.7753
            ],
            [
              39.32521,
              38.76818
            ],
            [
              39.31525,
              38.76107
            ],
            [
              39.30529,
              38.75395
            ],
            [
              39.29533,
              38.74684
            ],
            [
              39.28537,
              38.73973
            ],
            [
              39.27541,
              38.73261
            ],
            [
              39.27459,
              38.71739
            ],
            [
              39.26463,
              38.71027
            ],
            [
              39.25467,
              38.70316
            ],
            [
              39.25385,
              38.68793
            ],
            [
              39.24389,
              38.68082
            ],
            [
              39.23393,
              38.67371
            ],
            [
              39.23311,
              38.65848
            ],
            [
              39.23229,
              38.64325
            ],
            [
              39.23146,
              38.62803
            ],
            [
              39.2215,
              38.62091
            ],
            [
              39.21155,
              38.6138
            ],
            [
              39.21072,
              38.59857
            ],
            [
              39.2099,
              38.58335
            ],
            [
              39.19994,
              38.57623
            ],
            [
              39.1908,
              38.58435
            ],
            [
              39.18167,
              38.59246
            ],
            [
              39.17253,
              38.60057
            ],
            [
              39.16339,
              38.60868
            ],
            [
              39.1443,
              38.60968
            ],
            [
              39.13434,
              38.60257
            ],
            [
              39.12438,
              38.59545
            ],
            [
              39.10528,
              38.59645
            ],
            [
              39.09532,
              38.58934
            ],
            [
              39.08536,
              38.58222
            ],
            [
              39.06626,
              38.58322
            ],
            [
              39.04717,
              38.58422
            ],
            [
              39.03721,
              38.57711
            ],
            [
              39.02725,
              38.56999
            ],
            [
              39.00815,
              38.57099
            ],
            [
              38.98906,
              38.57199
            ],
            [
              38.96996,
              38.57299
            ],
            [
              38.96,
              38.56587
            ],
            [
              38.95004,
              38.55876
            ],
            [
              38.94008,
              38.55165
            ],
            [
              38.93012,
              38.54453
            ],
            [
              38.92016,
              38.53742
            ],
            [
              38.9102,
              38.53031
            ],
            [
              38.90107,
              38.53842
            ],
            [
              38.89193,
              38.54653
            ],
            [
              38.88279,
              38.55464
            ],
            [
              38.87365,
              38.56275
            ],
            [
              38.86452,
              38.57087
            ],
            [
              38.85538,
              38.57898
            ],
            [
              38.84624,
              38.58709
            ],
            [
              38.8371,
              38.5952
            ],
            [
              38.82797,
              38.60332
            ],
            [
              38.81883,
              38.61143
            ],
            [
              38.80969,
              38.61954
            ],
            [
              38.80055,
              38.62765
            ],
            [
              38.79142,
              38.63576
            ],
            [
              38.78228,
              38.64388
            ],
            [
              38.76318,
              38.64488
            ],
            [
              38.74409,
              38.64587
            ],
            [
              38.72499,
              38.64687
            ],
            [
              38.70589,
              38.64787
            ],
            [
              38.6868,
              38.64887
            ],
            [
              38.67766,
              38.65698
            ],
            [
              38.66852,
              38.66509
            ],
            [
              38.65938,
              38.67321
            ],
            [
              38.65025,
              38.68132
            ],
            [
              38.64111,
              38.68943
            ],
            [
              38.63197,
              38.69754
            ],
            [
              38.62283,
              38.70565
            ],
            [
              38.6137,
              38.71377
            ],
            [
              38.60456,
              38.72188
            ],
            [
              38.59542,
              38.72999
            ],
            [
              38.58628,
              38.7381
            ],
            [
              38.57715,
              38.74622
            ],
            [
              38.56801,
              38.75433
            ],
            [
              38.55887,
              38.76244
            ],
            [
              38.54973,
              38.77055
            ],
            [
              38.5406,
              38.77866
            ],
            [
              38.5215,
              38.77966
            ],
            [
              38.5024,
              38.78066
            ],
            [
              38.48331,
              38.78166
            ],
            [
              38.46421,
              38.78266
            ],
            [
              38.44511,
              38.78366
            ],
            [
              38.42602,
              38.78465
            ],
            [
              38.40692,
              38.78565
            ],
            [
              38.39778,
              38.79377
            ],
            [
              38.38864,
              38.80188
            ],
            [
              38.36955,
              38.80288
            ],
            [
              38.35045,
              38.80387
            ],
            [
              38.34131,
              38.81199
            ],
            [
              38.33218,
              38.8201
            ],
            [
              38.31308,
              38.8211
            ],
            [
              38.30394,
              38.82921
            ],
            [
              38.2948,
              38.83732
            ],
            [
              38.27571,
              38.83832
            ],
            [
              38.26657,
              38.84643
            ],
            [
              38.25743,
              38.85454
            ],
            [
              38.23834,
              38.85554
            ],
            [
              38.21924,
              38.85654
            ],
            [
              38.2101,
              38.86465
            ],
            [
              38.20096,
              38.87277
            ],
            [
              38.19183,
              38.88088
            ],
            [
              38.18269,
              38.88899
            ],
            [
              38.17355,
              38.8971
            ],
            [
              38.16442,
              38.90521
            ],
            [
              38.15528,
              38.91333
            ],
            [
              38.14614,
              38.92144
            ],
            [
              38.137,
              38.92955
            ],
            [
              38.12787,
              38.93766
            ],
            [
              38.11873,
              38.94578
            ],
            [
              38.10959,
              38.95389
            ],
            [
              38.10045,
              38.962
            ],
            [
              38.09132,
              38.97011
            ],
            [
              38.08218,
              38.97822
            ],
            [
              38.07304,
              38.98634
            ],
            [
              38.0639,
              38.99445
            ],
            [
              38.06473,
              39.00967
            ],
            [
              38.06555,
              39.0249
            ],
            [
              38.06637,
              39.04013
            ],
            [
              38.06719,
              39.05535
            ],
            [
              38.06801,
              39.07058
            ],
            [
              38.07797,
              39.07769
            ],
            [
              38.08793,
              39.08481
            ],
            [
              38.09789,
              39.09192
            ],
            [
              38.10785,
              39.09903
            ],
            [
              38.11781,
              39.10615
            ],
            [
              38.12777,
              39.11326
            ],
            [
              38.12859,
              39.12849
            ],
            [
              38.12941,
              39.14371
            ],
            [
              38.13937,
              39.15083
            ],
            [
              38.14933,
              39.15794
            ],
            [
              38.15929,
              39.16506
            ],
            [
              38.16925,
              39.17217
            ],
            [
              38.17921,
              39.17928
            ],
            [
              38.18917,
              39.1864
            ],
            [
              38.19913,
              39.19351
            ],
            [
              38.20909,
              39.20062
            ],
            [
              38.21905,
              39.20774
            ],
            [
              38.22901,
              39.21485
            ],
            [
              38.23897,
              39.22197
            ],
            [
              38.24893,
              39.22908
            ],
            [
              38.25889,
              39.23619
            ],
            [
              38.26884,
              39.24331
            ],
            [
              38.2788,
              39.25042
            ],
            [
              38.2979,
              39.24942
            ],
            [
              38.317,
              39.24842
            ],
            [
              38.32696,
              39.25554
            ],
            [
              38.33692,
              39.26265
            ],
            [
              38.34688,
              39.26977
            ],
            [
              38.35683,
              39.27688
            ],
            [
              38.36679,
              39.28399
            ],
            [
              38.37675,
              39.29111
            ],
            [
              38.38671,
              39.29822
            ],
            [
              38.39667,
              39.30533
            ],
            [
              38.40663,
              39.31245
            ],
            [
              38.41659,
              39.31956
            ],
            [
              38.42655,
              39.32668
            ],
            [
              38.43651,
              39.33379
            ],
            [
              38.44647,
              39.3409
            ],
            [
              38.45643,
              39.34802
            ],
            [
              38.46639,
              39.35513
            ],
            [
              38.47635,
              39.36225
            ],
            [
              38.48631,
              39.36936
            ],
            [
              38.49627,
              39.37647
            ],
            [
              38.50622,
              39.38359
            ],
            [
              38.51618,
              39.3907
            ],
            [
              38.52614,
              39.39781
            ],
            [
              38.52697,
              39.41304
            ],
            [
              38.52779,
              39.42827
            ],
            [
              38.51865,
              39.43638
            ],
            [
              38.50951,
              39.44449
            ],
            [
              38.51033,
              39.45972
            ],
            [
              38.51116,
              39.47494
            ],
            [
              38.51198,
              39.49017
            ],
            [
              38.5128,
              39.5054
            ],
            [
              38.50366,
              39.51351
            ],
            [
              38.49453,
              39.52162
            ],
            [
              38.49535,
              39.53685
            ],
            [
              38.48621,
              39.54496
            ],
            [
              38.47707,
              39.55307
            ],
            [
              38.46794,
              39.56118
            ],
            [
              38.4588,
              39.56929
            ],
            [
              38.44966,
              39.57741
            ],
            [
              38.44052,
              39.58552
            ],
            [
              38.43139,
              39.59363
            ],
            [
              38.42225,
              39.60174
            ],
            [
              38.41311,
              39.60986
            ],
            [
              38.40397,
              39.61797
            ],
            [
              38.39484,
              39.62608
            ],
            [
              38.3857,
              39.63419
            ],
            [
              38.37656,
              39.6423
            ],
            [
              38.36742,
              39.65042
            ],
            [
              38.35829,
              39.65853
            ],
            [
              38.34915,
              39.66664
            ],
            [
              38.34997,
              39.68187
            ],
            [
              38.35993,
              39.68898
            ],
            [
              38.36989,
              39.69609
            ],
            [
              38.37985,
              39.70321
            ],
            [
              38.38981,
              39.71032
            ],
            [
              38.39063,
              39.72555
            ],
            [
              38.40059,
              39.73266
            ],
            [
              38.41055,
              39.73978
            ],
            [
              38.42051,
              39.74689
            ],
            [
              38.43047,
              39.754
            ],
            [
              38.44043,
              39.76112
            ],
            [
              38.45952,
              39.76012
            ],
            [
              38.47862,
              39.75912
            ],
            [
              38.49772,
              39.75812
            ],
            [
              38.50685,
              39.75001
            ],
            [
              38.51599,
              39.7419
            ],
            [
              38.53509,
              39.7409
            ],
            [
              38.55419,
              39.7399
            ],
            [
              38.57328,
              39.7389
            ],
            [
              38.58242,
              39.73079
            ],
            [
              38.59156,
              39.72268
            ],
            [
              38.61065,
              39.72168
            ],
            [
              38.61979,
              39.71357
            ],
            [
              38.62893,
              39.70546
            ],
            [
              38.64803,
              39.70446
            ],
            [
              38.66712,
              39.70346
            ],
            [
              38.67708,
              39.71057
            ],
            [
              38.68704,
              39.71769
            ],
            [
              38.70614,
              39.71669
            ],
            [
              38.72523,
              39.71569
            ],
            [
              38.73437,
              39.70758
            ],
            [
              38.74351,
              39.69947
            ],
            [
              38.76261,
              39.69847
            ],
            [
              38.7817,
              39.69747
            ],
            [
              38.79084,
              39.68936
            ],
            [
              38.79998,
              39.68124
            ],
            [
              38.81907,
              39.68025
            ],
            [
              38.82821,
              39.67213
            ],
            [
              38.83735,
              39.66402
            ],
            [
              38.85645,
              39.66302
            ],
            [
              38.87554,
              39.66202
            ],
            [
              38.89464,
              39.66103
            ],
            [
              38.90378,
              39.65291
            ],
            [
              38.91291,
              39.6448
            ],
            [
              38.93201,
              39.6438
            ],
            [
              38.95111,
              39.6428
            ],
            [
              38.9702,
              39.64181
            ],
            [
              38.9893,
              39.64081
            ],
            [
              38.99926,
              39.64792
            ],
            [
              39.00922,
              39.65504
            ],
            [
              39.01918,
              39.66215
            ],
            [
              39.02914,
              39.66926
            ],
            [
              39.0391,
              39.67638
            ],
            [
              39.04906,
              39.68349
            ],
            [
              39.06815,
              39.68249
            ],
            [
              39.08725,
              39.68149
            ],
            [
              39.10635,
              39.6805
            ],
            [
              39.11549,
              39.67238
            ],
            [
              39.12462,
              39.66427
            ],
            [
              39.13376,
              39.65616
            ],
            [
              39.13294,
              39.64093
            ],
            [
              39.13212,
              39.62571
            ],
            [
              39.14125,
              39.61759
            ],
            [
              39.15039,
              39.60948
            ],
            [
              39.15953,
              39.60137
            ],
            [
              39.16867,
              39.59326
            ],
            [
              39.1778,
              39.58515
            ],
            [
              39.1969,
              39.58415
            ],
            [
              39.216,
              39.58315
            ],
            [
              39.22513,
              39.57504
            ],
            [
              39.23427,
              39.56692
            ],
            [
              39.24341,
              39.55881
            ],
            [
              39.25255,
              39.5507
            ],
            [
              39.26168,
              39.54259
            ],
            [
              39.26086,
              39.52736
            ],
            [
              39.27,
              39.51925
            ],
            [
              39.27914,
              39.51114
            ],
            [
              39.27831,
              39.49591
            ],
            [
              39.28745,
              39.4878
            ],
            [
              39.29659,
              39.47969
            ],
            [
              39.30573,
              39.47157
            ],
            [
              39.32482,
              39.47058
            ],
            [
              39.33396,
              39.46246
            ],
            [
              39.3431,
              39.45435
            ],
            [
              39.35224,
              39.44624
            ],
            [
              39.36137,
              39.43813
            ],
            [
              39.38047,
              39.43713
            ],
            [
              39.39957,
              39.43613
            ],
            [
              39.41866,
              39.43513
            ],
            [
              39.43776,
              39.43413
            ],
            [
              39.44772,
              39.44125
            ],
            [
              39.45768,
              39.44836
            ],
            [
              39.47678,
              39.44736
            ],
            [
              39.49587,
              39.44636
            ],
            [
              39.50583,
              39.45348
            ],
            [
              39.51579,
              39.46059
            ],
            [
              39.53489,
              39.45959
            ],
            [
              39.55398,
              39.4586
            ],
            [
              39.56394,
              39.46571
            ],
            [
              39.5739,
              39.47282
            ],
            [
              39.593,
              39.47183
            ],
            [
              39.60296,
              39.47894
            ],
            [
              39.61292,
              39.48605
            ],
            [
              39.62288,
              39.49317
            ],
            [
              39.63284,
              39.50028
            ],
            [
              39.6428,
              39.50739
            ],
            [
              39.65276,
              39.51451
            ],
            [
              39.67185,
              39.51351
            ],
            [
              39.69095,
              39.51251
            ],
            [
              39.71005,
              39.51151
            ],
            [
              39.72001,
              39.51863
            ],
            [
              39.72997,
              39.52574
            ],
            [
              39.74906,
              39.52474
            ],
            [
              39.75902,
              39.53186
            ],
            [
              39.76898,
              39.53897
            ],
            [
              39.77894,
              39.54608
            ],
            [
              39.77976,
              39.56131
            ],
            [
              39.78058,
              39.57654
            ],
            [
              39.79054,
              39.58365
            ],
            [
              39.8005,
              39.59076
            ],
            [
              39.80132,
              39.60599
            ],
            [
              39.80215,
              39.62122
            ],
            [
              39.80297,
              39.63644
            ],
            [
              39.80379,
              39.65167
            ],
            [
              39.81375,
              39.65878
            ],
            [
              39.82371,
              39.66589
            ],
            [
              39.82453,
              39.68112
            ],
            [
              39.82535,
              39.69635
            ],
            [
              39.83531,
              39.70346
            ],
            [
              39.84527,
              39.71057
            ],
            [
              39.85523,
              39.71769
            ],
            [
              39.86519,
              39.7248
            ],
            [
              39.87515,
              39.73192
            ],
            [
              39.89425,
              39.73092
            ],
            [
              39.90421,
              39.73803
            ],
            [
              39.91417,
              39.74515
            ],
            [
              39.93326,
              39.74415
            ],
            [
              39.95236,
              39.74315
            ],
            [
              39.96232,
              39.75026
            ],
            [
              39.97228,
              39.75738
            ],
            [
              39.98224,
              39.76449
            ],
            [
              39.9922,
              39.7716
            ],
            [
              40.01129,
              39.77061
            ],
            [
              40.02125,
              39.77772
            ],
            [
              40.03121,
              39.78483
            ],
            [
              40.05031,
              39.78383
            ],
            [
              40.0694,
              39.78284
            ],
            [
              40.07936,
              39.78995
            ],
            [
              40.08932,
              39.79706
            ],
            [
              40.09928,
              39.80418
            ],
            [
              40.10924,
              39.81129
            ]
          ]
        ]
      }
    },
    {
      "type": "Feature",
      "properties": {
        "id": "aghdznik",
        "metrics": {
          "areaKm2": 20872,
          "perimeterKm": 820,
          "eastWestKm": 269,
          "northSouthKm": 136,
          "centroid": [
            40.78122,
            38.35556
          ],
          "sharePercent": 6.6
        }
      },
      "geometry": {
        "type": "Polygon",
        "coordinates": [
          [
            [
              40.57965,
              38.9469
            ],
            [
              40.59874,
              38.9459
            ],
            [
              40.61784,
              38.94491
            ],
            [
              40.63694,
              38.94391
            ],
            [
              40.64608,
              38.9358
            ],
            [
              40.65521,
              38.92768
            ],
            [
              40.67431,
              38.92669
            ],
            [
              40.69341,
              38.92569
            ],
            [
              40.7125,
              38.92469
            ],
            [
              40.72164,
              38.91658
            ],
            [
              40.73078,
              38.90846
            ],
            [
              40.74987,
              38.90747
            ],
            [
              40.75983,
              38.91458
            ],
            [
              40.76979,
              38.92169
            ],
            [
              40.78889,
              38.92069
            ],
            [
              40.80799,
              38.9197
            ],
            [
              40.81712,
              38.91158
            ],
            [
              40.82626,
              38.90347
            ],
            [
              40.84536,
              38.90247
            ],
            [
              40.86446,
              38.90148
            ],
            [
              40.88355,
              38.90048
            ],
            [
              40.90265,
              38.89948
            ],
            [
              40.91179,
              38.89137
            ],
            [
              40.92092,
              38.88325
            ],
            [
              40.94002,
              38.88226
            ],
            [
              40.94916,
              38.87414
            ],
            [
              40.9583,
              38.86603
            ],
            [
              40.96743,
              38.85792
            ],
            [
              40.97657,
              38.84981
            ],
            [
              40.98571,
              38.84169
            ],
            [
              40.99484,
              38.83358
            ],
            [
              41.00398,
              38.82547
            ],
            [
              41.01312,
              38.81736
            ],
            [
              41.02226,
              38.80925
            ],
            [
              41.03139,
              38.80113
            ],
            [
              41.05049,
              38.80014
            ],
            [
              41.06959,
              38.79914
            ],
            [
              41.08868,
              38.79814
            ],
            [
              41.10778,
              38.79714
            ],
            [
              41.11692,
              38.78903
            ],
            [
              41.12606,
              38.78092
            ],
            [
              41.13519,
              38.7728
            ],
            [
              41.14433,
              38.76469
            ],
            [
              41.15347,
              38.75658
            ],
            [
              41.15265,
              38.74135
            ],
            [
              41.15182,
              38.72613
            ],
            [
              41.151,
              38.7109
            ],
            [
              41.14104,
              38.70379
            ],
            [
              41.13108,
              38.69667
            ],
            [
              41.13026,
              38.68145
            ],
            [
              41.1203,
              38.67433
            ],
            [
              41.11034,
              38.66722
            ],
            [
              41.10952,
              38.65199
            ],
            [
              41.1087,
              38.63677
            ],
            [
              41.10788,
              38.62154
            ],
            [
              41.11702,
              38.61343
            ],
            [
              41.12615,
              38.60532
            ],
            [
              41.13529,
              38.5972
            ],
            [
              41.14443,
              38.58909
            ],
            [
              41.15356,
              38.58098
            ],
            [
              41.17266,
              38.57998
            ],
            [
              41.19176,
              38.57898
            ],
            [
              41.21085,
              38.57799
            ],
            [
              41.22995,
              38.57699
            ],
            [
              41.23991,
              38.5841
            ],
            [
              41.24987,
              38.59121
            ],
            [
              41.25983,
              38.59833
            ],
            [
              41.26979,
              38.60544
            ],
            [
              41.27975,
              38.61256
            ],
            [
              41.28971,
              38.61967
            ],
            [
              41.29967,
              38.62678
            ],
            [
              41.30049,
              38.64201
            ],
            [
              41.30131,
              38.65724
            ],
            [
              41.30213,
              38.67246
            ],
            [
              41.30295,
              38.68769
            ],
            [
              41.31291,
              38.6948
            ],
            [
              41.32287,
              38.70192
            ],
            [
              41.33283,
              38.70903
            ],
            [
              41.34279,
              38.71614
            ],
            [
              41.35275,
              38.72326
            ],
            [
              41.37185,
              38.72226
            ],
            [
              41.39095,
              38.72126
            ],
            [
              41.41004,
              38.72026
            ],
            [
              41.41918,
              38.71215
            ],
            [
              41.42832,
              38.70404
            ],
            [
              41.43745,
              38.69592
            ],
            [
              41.44659,
              38.68781
            ],
            [
              41.45573,
              38.6797
            ],
            [
              41.46487,
              38.67159
            ],
            [
              41.48396,
              38.67059
            ],
            [
              41.4931,
              38.66248
            ],
            [
              41.50224,
              38.65437
            ],
            [
              41.51138,
              38.64625
            ],
            [
              41.52051,
              38.63814
            ],
            [
              41.53961,
              38.63714
            ],
            [
              41.54875,
              38.62903
            ],
            [
              41.55788,
              38.62092
            ],
            [
              41.56702,
              38.61281
            ],
            [
              41.57616,
              38.60469
            ],
            [
              41.5853,
              38.59658
            ],
            [
              41.59443,
              38.58847
            ],
            [
              41.61353,
              38.58747
            ],
            [
              41.62267,
              38.57936
            ],
            [
              41.63181,
              38.57125
            ],
            [
              41.6509,
              38.57025
            ],
            [
              41.66086,
              38.57736
            ],
            [
              41.67082,
              38.58448
            ],
            [
              41.68992,
              38.58348
            ],
            [
              41.70901,
              38.58248
            ],
            [
              41.71897,
              38.58959
            ],
            [
              41.72893,
              38.59671
            ],
            [
              41.73889,
              38.60382
            ],
            [
              41.74885,
              38.61093
            ],
            [
              41.75881,
              38.61805
            ],
            [
              41.76877,
              38.62516
            ],
            [
              41.78787,
              38.62416
            ],
            [
              41.79783,
              38.63128
            ],
            [
              41.80779,
              38.63839
            ],
            [
              41.82688,
              38.63739
            ],
            [
              41.84598,
              38.63639
            ],
            [
              41.86508,
              38.6354
            ],
            [
              41.87421,
              38.62728
            ],
            [
              41.87339,
              38.61206
            ],
            [
              41.88253,
              38.60395
            ],
            [
              41.89167,
              38.59583
            ],
            [
              41.89084,
              38.58061
            ],
            [
              41.89002,
              38.56538
            ],
            [
              41.8892,
              38.55016
            ],
            [
              41.88838,
              38.53493
            ],
            [
              41.88756,
              38.5197
            ],
            [
              41.88674,
              38.50448
            ],
            [
              41.89587,
              38.49636
            ],
            [
              41.90501,
              38.48825
            ],
            [
              41.91415,
              38.48014
            ],
            [
              41.93324,
              38.47914
            ],
            [
              41.95234,
              38.47814
            ],
            [
              41.96148,
              38.47003
            ],
            [
              41.97062,
              38.46192
            ],
            [
              41.98971,
              38.46092
            ],
            [
              42.00881,
              38.45992
            ],
            [
              42.02791,
              38.45892
            ],
            [
              42.03787,
              38.46604
            ],
            [
              42.04782,
              38.47315
            ],
            [
              42.05778,
              38.48027
            ],
            [
              42.06774,
              38.48738
            ],
            [
              42.0777,
              38.49449
            ],
            [
              42.07852,
              38.50972
            ],
            [
              42.08848,
              38.51683
            ],
            [
              42.09844,
              38.52395
            ],
            [
              42.1084,
              38.53106
            ],
            [
              42.1275,
              38.53006
            ],
            [
              42.13746,
              38.53718
            ],
            [
              42.14742,
              38.54429
            ],
            [
              42.16651,
              38.54329
            ],
            [
              42.18561,
              38.54229
            ],
            [
              42.20471,
              38.54129
            ],
            [
              42.22381,
              38.5403
            ],
            [
              42.2429,
              38.5393
            ],
            [
              42.25286,
              38.54641
            ],
            [
              42.26282,
              38.55353
            ],
            [
              42.28192,
              38.55253
            ],
            [
              42.29105,
              38.54442
            ],
            [
              42.2811,
              38.5373
            ],
            [
              42.27114,
              38.53019
            ],
            [
              42.27031,
              38.51496
            ],
            [
              42.26035,
              38.50785
            ],
            [
              42.2504,
              38.50073
            ],
            [
              42.24957,
              38.48551
            ],
            [
              42.23961,
              38.47839
            ],
            [
              42.22965,
              38.47128
            ],
            [
              42.2197,
              38.46417
            ],
            [
              42.20974,
              38.45705
            ],
            [
              42.20891,
              38.44183
            ],
            [
              42.20809,
              38.4266
            ],
            [
              42.20727,
              38.41137
            ],
            [
              42.20645,
              38.39615
            ],
            [
              42.20563,
              38.38092
            ],
            [
              42.2048,
              38.3657
            ],
            [
              42.19484,
              38.35858
            ],
            [
              42.18489,
              38.35147
            ],
            [
              42.18406,
              38.33624
            ],
            [
              42.18324,
              38.32102
            ],
            [
              42.17328,
              38.3139
            ],
            [
              42.16332,
              38.30679
            ],
            [
              42.1625,
              38.29156
            ],
            [
              42.16168,
              38.27634
            ],
            [
              42.16086,
              38.26111
            ],
            [
              42.16004,
              38.24588
            ],
            [
              42.16917,
              38.23777
            ],
            [
              42.17831,
              38.22966
            ],
            [
              42.18745,
              38.22155
            ],
            [
              42.19658,
              38.21344
            ],
            [
              42.20572,
              38.20532
            ],
            [
              42.22482,
              38.20433
            ],
            [
              42.23396,
              38.19621
            ],
            [
              42.24309,
              38.1881
            ],
            [
              42.26219,
              38.1871
            ],
            [
              42.28129,
              38.1861
            ],
            [
              42.29042,
              38.17799
            ],
            [
              42.2896,
              38.16277
            ],
            [
              42.28878,
              38.14754
            ],
            [
              42.28796,
              38.13231
            ],
            [
              42.278,
              38.1252
            ],
            [
              42.26804,
              38.11809
            ],
            [
              42.25808,
              38.11097
            ],
            [
              42.24812,
              38.10386
            ],
            [
              42.2473,
              38.08863
            ],
            [
              42.24648,
              38.07341
            ],
            [
              42.24566,
              38.05818
            ],
            [
              42.24483,
              38.04295
            ],
            [
              42.23487,
              38.03584
            ],
            [
              42.22492,
              38.02873
            ],
            [
              42.21496,
              38.02161
            ],
            [
              42.19586,
              38.02261
            ],
            [
              42.17676,
              38.02361
            ],
            [
              42.1668,
              38.0165
            ],
            [
              42.15684,
              38.00938
            ],
            [
              42.13775,
              38.01038
            ],
            [
              42.12861,
              38.01849
            ],
            [
              42.11947,
              38.0266
            ],
            [
              42.10038,
              38.0276
            ],
            [
              42.09124,
              38.03572
            ],
            [
              42.0821,
              38.04383
            ],
            [
              42.063,
              38.04483
            ],
            [
              42.04391,
              38.04582
            ],
            [
              42.02481,
              38.04682
            ],
            [
              42.00571,
              38.04782
            ],
            [
              41.98662,
              38.04882
            ],
            [
              41.96752,
              38.04982
            ],
            [
              41.95756,
              38.0427
            ],
            [
              41.9476,
              38.03559
            ],
            [
              41.9285,
              38.03659
            ],
            [
              41.90941,
              38.03759
            ],
            [
              41.89945,
              38.03047
            ],
            [
              41.88949,
              38.02336
            ],
            [
              41.87039,
              38.02436
            ],
            [
              41.86043,
              38.01724
            ],
            [
              41.85047,
              38.01013
            ],
            [
              41.83138,
              38.01113
            ],
            [
              41.82142,
              38.00401
            ],
            [
              41.81146,
              37.9969
            ],
            [
              41.79236,
              37.9979
            ],
            [
              41.7824,
              37.99079
            ],
            [
              41.77244,
              37.98367
            ],
            [
              41.76248,
              37.97656
            ],
            [
              41.75252,
              37.96944
            ],
            [
              41.74256,
              37.96233
            ],
            [
              41.73261,
              37.95522
            ],
            [
              41.72265,
              37.9481
            ],
            [
              41.71269,
              37.94099
            ],
            [
              41.70273,
              37.93387
            ],
            [
              41.69277,
              37.92676
            ],
            [
              41.67367,
              37.92776
            ],
            [
              41.66371,
              37.92065
            ],
            [
              41.65375,
              37.91353
            ],
            [
              41.64379,
              37.90642
            ],
            [
              41.64297,
              37.89119
            ],
            [
              41.64215,
              37.87597
            ],
            [
              41.63219,
              37.86885
            ],
            [
              41.62223,
              37.86174
            ],
            [
              41.62141,
              37.84651
            ],
            [
              41.61145,
              37.8394
            ],
            [
              41.60149,
              37.83228
            ],
            [
              41.60067,
              37.81706
            ],
            [
              41.59071,
              37.80994
            ],
            [
              41.58075,
              37.80283
            ],
            [
              41.57079,
              37.79572
            ],
            [
              41.56083,
              37.7886
            ],
            [
              41.56001,
              37.77338
            ],
            [
              41.55005,
              37.76626
            ],
            [
              41.54009,
              37.75915
            ],
            [
              41.53013,
              37.75204
            ],
            [
              41.52017,
              37.74492
            ],
            [
              41.51935,
              37.7297
            ],
            [
              41.50939,
              37.72258
            ],
            [
              41.49029,
              37.72358
            ],
            [
              41.48116,
              37.73169
            ],
            [
              41.47202,
              37.73981
            ],
            [
              41.46288,
              37.74792
            ],
            [
              41.45374,
              37.75603
            ],
            [
              41.44461,
              37.76414
            ],
            [
              41.43547,
              37.77225
            ],
            [
              41.42633,
              37.78037
            ],
            [
              41.41719,
              37.78848
            ],
            [
              41.40806,
              37.79659
            ],
            [
              41.39892,
              37.8047
            ],
            [
              41.38896,
              37.79759
            ],
            [
              41.379,
              37.79048
            ],
            [
              41.3599,
              37.79147
            ],
            [
              41.34081,
              37.79247
            ],
            [
              41.32171,
              37.79347
            ],
            [
              41.30261,
              37.79447
            ],
            [
              41.28352,
              37.79547
            ],
            [
              41.26442,
              37.79647
            ],
            [
              41.24532,
              37.79746
            ],
            [
              41.22623,
              37.79846
            ],
            [
              41.20713,
              37.79946
            ],
            [
              41.18803,
              37.80046
            ],
            [
              41.16894,
              37.80146
            ],
            [
              41.14984,
              37.80246
            ],
            [
              41.13074,
              37.80345
            ],
            [
              41.11165,
              37.80445
            ],
            [
              41.09255,
              37.80545
            ],
            [
              41.07345,
              37.80645
            ],
            [
              41.05436,
              37.80745
            ],
            [
              41.03526,
              37.80845
            ],
            [
              41.02612,
              37.81656
            ],
            [
              41.01698,
              37.82467
            ],
            [
              40.99789,
              37.82567
            ],
            [
              40.97879,
              37.82667
            ],
            [
              40.95969,
              37.82767
            ],
            [
              40.9406,
              37.82866
            ],
            [
              40.93146,
              37.83678
            ],
            [
              40.92232,
              37.84489
            ],
            [
              40.91318,
              37.853
            ],
            [
              40.90405,
              37.86111
            ],
            [
              40.88495,
              37.86211
            ],
            [
              40.86585,
              37.86311
            ],
            [
              40.84676,
              37.86411
            ],
            [
              40.82766,
              37.86511
            ],
            [
              40.80856,
              37.8661
            ],
            [
              40.79943,
              37.87422
            ],
            [
              40.79029,
              37.88233
            ],
            [
              40.78115,
              37.89044
            ],
            [
              40.77201,
              37.89855
            ],
            [
              40.76288,
              37.90667
            ],
            [
              40.75374,
              37.91478
            ],
            [
              40.73464,
              37.91578
            ],
            [
              40.7255,
              37.92389
            ],
            [
              40.71637,
              37.932
            ],
            [
              40.69727,
              37.933
            ],
            [
              40.67817,
              37.934
            ],
            [
              40.65908,
              37.935
            ],
            [
              40.63998,
              37.93599
            ],
            [
              40.62088,
              37.93699
            ],
            [
              40.60179,
              37.93799
            ],
            [
              40.58269,
              37.93899
            ],
            [
              40.56359,
              37.93999
            ],
            [
              40.5445,
              37.94099
            ],
            [
              40.5254,
              37.94198
            ],
            [
              40.5063,
              37.94298
            ],
            [
              40.48721,
              37.94398
            ],
            [
              40.47807,
              37.95209
            ],
            [
              40.46893,
              37.96021
            ],
            [
              40.44983,
              37.9612
            ],
            [
              40.4407,
              37.96932
            ],
            [
              40.43156,
              37.97743
            ],
            [
              40.41246,
              37.97843
            ],
            [
              40.39337,
              37.97943
            ],
            [
              40.37427,
              37.98042
            ],
            [
              40.35517,
              37.98142
            ],
            [
              40.33608,
              37.98242
            ],
            [
              40.31698,
              37.98342
            ],
            [
              40.29788,
              37.98442
            ],
            [
              40.27879,
              37.98542
            ],
            [
              40.25969,
              37.98641
            ],
            [
              40.24059,
              37.98741
            ],
            [
              40.23063,
              37.9803
            ],
            [
              40.22067,
              37.97319
            ],
            [
              40.21154,
              37.9813
            ],
            [
              40.2024,
              37.98941
            ],
            [
              40.19244,
              37.9823
            ],
            [
              40.18248,
              37.97518
            ],
            [
              40.16338,
              37.97618
            ],
            [
              40.14429,
              37.97718
            ],
            [
              40.12519,
              37.97818
            ],
            [
              40.10609,
              37.97918
            ],
            [
              40.087,
              37.98017
            ],
            [
              40.0679,
              37.98117
            ],
            [
              40.05876,
              37.98928
            ],
            [
              40.04962,
              37.9974
            ],
            [
              40.03053,
              37.9984
            ],
            [
              40.01143,
              37.99939
            ],
            [
              40.00229,
              38.00751
            ],
            [
              39.99316,
              38.01562
            ],
            [
              39.98402,
              38.02373
            ],
            [
              39.97488,
              38.03184
            ],
            [
              39.96574,
              38.03995
            ],
            [
              39.95661,
              38.04807
            ],
            [
              39.94747,
              38.05618
            ],
            [
              39.93833,
              38.06429
            ],
            [
              39.92919,
              38.0724
            ],
            [
              39.92006,
              38.08052
            ],
            [
              39.91092,
              38.08863
            ],
            [
              39.90178,
              38.09674
            ],
            [
              39.89264,
              38.10485
            ],
            [
              39.88351,
              38.11296
            ],
            [
              39.87437,
              38.12108
            ],
            [
              39.86523,
              38.12919
            ],
            [
              39.8561,
              38.1373
            ],
            [
              39.84696,
              38.14541
            ],
            [
              39.83782,
              38.15353
            ],
            [
              39.82868,
              38.16164
            ],
            [
              39.81955,
              38.16975
            ],
            [
              39.81041,
              38.17786
            ],
            [
              39.80127,
              38.18597
            ],
            [
              39.79213,
              38.19409
            ],
            [
              39.783,
              38.2022
            ],
            [
              39.77386,
              38.21031
            ],
            [
              39.76472,
              38.21842
            ],
            [
              39.75558,
              38.22654
            ],
            [
              39.74645,
              38.23465
            ],
            [
              39.73731,
              38.24276
            ],
            [
              39.72817,
              38.25087
            ],
            [
              39.71903,
              38.25898
            ],
            [
              39.7099,
              38.2671
            ],
            [
              39.70076,
              38.27521
            ],
            [
              39.69162,
              38.28332
            ],
            [
              39.68248,
              38.29143
            ],
            [
              39.66339,
              38.29243
            ],
            [
              39.64429,
              38.29343
            ],
            [
              39.62519,
              38.29443
            ],
            [
              39.6061,
              38.29543
            ],
            [
              39.59696,
              38.30354
            ],
            [
              39.58782,
              38.31165
            ],
            [
              39.57869,
              38.31976
            ],
            [
              39.56955,
              38.32788
            ],
            [
              39.55045,
              38.32887
            ],
            [
              39.54131,
              38.33699
            ],
            [
              39.53218,
              38.3451
            ],
            [
              39.51308,
              38.3461
            ],
            [
              39.49398,
              38.3471
            ],
            [
              39.48485,
              38.35521
            ],
            [
              39.47571,
              38.36332
            ],
            [
              39.45661,
              38.36432
            ],
            [
              39.44747,
              38.37243
            ],
            [
              39.43834,
              38.38054
            ],
            [
              39.41924,
              38.38154
            ],
            [
              39.4101,
              38.38965
            ],
            [
              39.40096,
              38.39777
            ],
            [
              39.39183,
              38.40588
            ],
            [
              39.38269,
              38.41399
            ],
            [
              39.37355,
              38.4221
            ],
            [
              39.36442,
              38.43021
            ],
            [
              39.35528,
              38.43833
            ],
            [
              39.34614,
              38.44644
            ],
            [
              39.337,
              38.45455
            ],
            [
              39.32787,
              38.46266
            ],
            [
              39.31873,
              38.47078
            ],
            [
              39.30959,
              38.47889
            ],
            [
              39.30045,
              38.487
            ],
            [
              39.29132,
              38.49511
            ],
            [
              39.28218,
              38.50322
            ],
            [
              39.27304,
              38.51134
            ],
            [
              39.2639,
              38.51945
            ],
            [
              39.25477,
              38.52756
            ],
            [
              39.24563,
              38.53567
            ],
            [
              39.23649,
              38.54379
            ],
            [
              39.22735,
              38.5519
            ],
            [
              39.21822,
              38.56001
            ],
            [
              39.20908,
              38.56812
            ],
            [
              39.2099,
              38.58335
            ],
            [
              39.21072,
              38.59857
            ],
            [
              39.21155,
              38.6138
            ],
            [
              39.2215,
              38.62091
            ],
            [
              39.23146,
              38.62803
            ],
            [
              39.23229,
              38.64325
            ],
            [
              39.23311,
              38.65848
            ],
            [
              39.23393,
              38.67371
            ],
            [
              39.24389,
              38.68082
            ],
            [
              39.25385,
              38.68793
            ],
            [
              39.25467,
              38.70316
            ],
            [
              39.26463,
              38.71027
            ],
            [
              39.27459,
              38.71739
            ],
            [
              39.27541,
              38.73261
            ],
            [
              39.28537,
              38.73973
            ],
            [
              39.29533,
              38.74684
            ],
            [
              39.30529,
              38.75395
            ],
            [
              39.31525,
              38.76107
            ],
            [
              39.32521,
              38.76818
            ],
            [
              39.33517,
              38.7753
            ],
            [
              39.34513,
              38.78241
            ],
            [
              39.35509,
              38.78952
            ],
            [
              39.36505,
              38.79664
            ],
            [
              39.375,
              38.80375
            ],
            [
              39.38496,
              38.81087
            ],
            [
              39.39492,
              38.81798
            ],
            [
              39.40488,
              38.82509
            ],
            [
              39.42398,
              38.82409
            ],
            [
              39.44308,
              38.8231
            ],
            [
              39.45304,
              38.83021
            ],
            [
              39.46299,
              38.83732
            ],
            [
              39.48209,
              38.83633
            ],
            [
              39.50119,
              38.83533
            ],
            [
              39.52028,
              38.83433
            ],
            [
              39.53938,
              38.83333
            ],
            [
              39.55848,
              38.83233
            ],
            [
              39.57758,
              38.83133
            ],
            [
              39.59667,
              38.83033
            ],
            [
              39.61577,
              38.82934
            ],
            [
              39.63487,
              38.82834
            ],
            [
              39.65396,
              38.82734
            ],
            [
              39.66392,
              38.83445
            ],
            [
              39.67388,
              38.84157
            ],
            [
              39.69298,
              38.84057
            ],
            [
              39.71207,
              38.83957
            ],
            [
              39.72203,
              38.84668
            ],
            [
              39.73199,
              38.8538
            ],
            [
              39.74195,
              38.86091
            ],
            [
              39.74277,
              38.87614
            ],
            [
              39.75273,
              38.88325
            ],
            [
              39.76269,
              38.89037
            ],
            [
              39.76352,
              38.90559
            ],
            [
              39.76434,
              38.92082
            ],
            [
              39.7743,
              38.92793
            ],
            [
              39.78426,
              38.93505
            ],
            [
              39.79422,
              38.94216
            ],
            [
              39.81331,
              38.94116
            ],
            [
              39.83241,
              38.94016
            ],
            [
              39.85151,
              38.93916
            ],
            [
              39.86064,
              38.93105
            ],
            [
              39.85982,
              38.91583
            ],
            [
              39.86896,
              38.90771
            ],
            [
              39.8781,
              38.8996
            ],
            [
              39.87727,
              38.88438
            ],
            [
              39.87645,
              38.86915
            ],
            [
              39.88559,
              38.86104
            ],
            [
              39.89473,
              38.85292
            ],
            [
              39.8939,
              38.8377
            ],
            [
              39.89308,
              38.82247
            ],
            [
              39.89226,
              38.80725
            ],
            [
              39.89144,
              38.79202
            ],
            [
              39.89062,
              38.77679
            ],
            [
              39.88979,
              38.76157
            ],
            [
              39.88897,
              38.74634
            ],
            [
              39.89811,
              38.73823
            ],
            [
              39.90725,
              38.73012
            ],
            [
              39.91639,
              38.72201
            ],
            [
              39.93548,
              38.72101
            ],
            [
              39.95458,
              38.72001
            ],
            [
              39.97368,
              38.71901
            ],
            [
              39.99277,
              38.71801
            ],
            [
              40.01187,
              38.71701
            ],
            [
              40.03097,
              38.71602
            ],
            [
              40.05006,
              38.71502
            ],
            [
              40.06916,
              38.71402
            ],
            [
              40.08826,
              38.71302
            ],
            [
              40.10735,
              38.71202
            ],
            [
              40.12645,
              38.71102
            ],
            [
              40.14555,
              38.71003
            ],
            [
              40.16464,
              38.70903
            ],
            [
              40.18374,
              38.70803
            ],
            [
              40.20284,
              38.70703
            ],
            [
              40.22193,
              38.70603
            ],
            [
              40.24103,
              38.70503
            ],
            [
              40.26013,
              38.70403
            ],
            [
              40.27009,
              38.71115
            ],
            [
              40.28005,
              38.71826
            ],
            [
              40.29914,
              38.71726
            ],
            [
              40.3091,
              38.72438
            ],
            [
              40.31906,
              38.73149
            ],
            [
              40.33816,
              38.73049
            ],
            [
              40.35725,
              38.72949
            ],
            [
              40.37635,
              38.7285
            ],
            [
              40.39545,
              38.7275
            ],
            [
              40.40541,
              38.73461
            ],
            [
              40.41537,
              38.74173
            ],
            [
              40.43446,
              38.74073
            ],
            [
              40.45356,
              38.73973
            ],
            [
              40.46352,
              38.74684
            ],
            [
              40.47348,
              38.75396
            ],
            [
              40.49258,
              38.75296
            ],
            [
              40.51167,
              38.75196
            ],
            [
              40.53077,
              38.75096
            ],
            [
              40.54987,
              38.74996
            ],
            [
              40.56896,
              38.74896
            ],
            [
              40.57892,
              38.75608
            ],
            [
              40.57974,
              38.7713
            ],
            [
              40.5897,
              38.77842
            ],
            [
              40.59966,
              38.78553
            ],
            [
              40.60048,
              38.80076
            ],
            [
              40.59135,
              38.80887
            ],
            [
              40.58221,
              38.81698
            ],
            [
              40.58303,
              38.83221
            ],
            [
              40.57389,
              38.84032
            ],
            [
              40.56476,
              38.84843
            ],
            [
              40.55562,
              38.85655
            ],
            [
              40.54648,
              38.86466
            ],
            [
              40.5473,
              38.87988
            ],
            [
              40.54813,
              38.89511
            ],
            [
              40.54895,
              38.91034
            ],
            [
              40.54977,
              38.92556
            ],
            [
              40.55973,
              38.93268
            ],
            [
              40.56969,
              38.93979
            ],
            [
              40.57965,
              38.9469
            ]
          ]
        ]
      }
    },
    {
      "type": "Feature",
      "properties": {
        "id": "moks",
        "metrics": {
          "areaKm2": 3901,
          "perimeterKm": 322,
          "eastWestKm": 80,
          "northSouthKm": 101,
          "centroid": [
            42.56311,
            38.1223
          ],
          "sharePercent": 1.2
        }
      },
      "geometry": {
        "type": "Polygon",
        "coordinates": [
          [
            [
              42.41806,
              38.59122
            ],
            [
              42.43716,
              38.59022
            ],
            [
              42.45625,
              38.58922
            ],
            [
              42.47535,
              38.58822
            ],
            [
              42.48449,
              38.58011
            ],
            [
              42.48367,
              38.56488
            ],
            [
              42.48284,
              38.54966
            ],
            [
              42.49198,
              38.54154
            ],
            [
              42.50112,
              38.53343
            ],
            [
              42.5003,
              38.51821
            ],
            [
              42.49948,
              38.50298
            ],
            [
              42.50861,
              38.49487
            ],
            [
              42.51775,
              38.48676
            ],
            [
              42.51693,
              38.47153
            ],
            [
              42.51611,
              38.4563
            ],
            [
              42.51528,
              38.44108
            ],
            [
              42.51446,
              38.42585
            ],
            [
              42.51364,
              38.41063
            ],
            [
              42.52278,
              38.40251
            ],
            [
              42.53192,
              38.3944
            ],
            [
              42.54105,
              38.38629
            ],
            [
              42.55019,
              38.37818
            ],
            [
              42.55933,
              38.37006
            ],
            [
              42.56846,
              38.36195
            ],
            [
              42.5776,
              38.35384
            ],
            [
              42.58674,
              38.34573
            ],
            [
              42.59588,
              38.33762
            ],
            [
              42.61497,
              38.33662
            ],
            [
              42.62411,
              38.32851
            ],
            [
              42.62329,
              38.31328
            ],
            [
              42.63243,
              38.30517
            ],
            [
              42.64156,
              38.29706
            ],
            [
              42.6507,
              38.28894
            ],
            [
              42.65984,
              38.28083
            ],
            [
              42.66898,
              38.27272
            ],
            [
              42.68807,
              38.27172
            ],
            [
              42.70717,
              38.27072
            ],
            [
              42.72627,
              38.26972
            ],
            [
              42.74536,
              38.26872
            ],
            [
              42.7545,
              38.26061
            ],
            [
              42.76364,
              38.2525
            ],
            [
              42.78273,
              38.2515
            ],
            [
              42.79187,
              38.24339
            ],
            [
              42.80101,
              38.23528
            ],
            [
              42.81015,
              38.22717
            ],
            [
              42.81928,
              38.21905
            ],
            [
              42.82842,
              38.21094
            ],
            [
              42.8276,
              38.19571
            ],
            [
              42.83674,
              38.1876
            ],
            [
              42.84587,
              38.17949
            ],
            [
              42.84505,
              38.16426
            ],
            [
              42.84423,
              38.14904
            ],
            [
              42.84341,
              38.13381
            ],
            [
              42.84259,
              38.11859
            ],
            [
              42.84176,
              38.10336
            ],
            [
              42.8509,
              38.09525
            ],
            [
              42.86004,
              38.08714
            ],
            [
              42.85922,
              38.07191
            ],
            [
              42.86836,
              38.0638
            ],
            [
              42.88745,
              38.0628
            ],
            [
              42.89659,
              38.05469
            ],
            [
              42.90573,
              38.04657
            ],
            [
              42.92482,
              38.04558
            ],
            [
              42.94392,
              38.04458
            ],
            [
              42.95306,
              38.03647
            ],
            [
              42.9622,
              38.02835
            ],
            [
              42.98129,
              38.02736
            ],
            [
              42.99043,
              38.01924
            ],
            [
              42.99957,
              38.01113
            ],
            [
              43.01866,
              38.01013
            ],
            [
              43.0278,
              38.00202
            ],
            [
              43.02698,
              37.98679
            ],
            [
              43.02616,
              37.97157
            ],
            [
              43.02534,
              37.95634
            ],
            [
              43.02451,
              37.94112
            ],
            [
              43.02369,
              37.92589
            ],
            [
              43.02287,
              37.91066
            ],
            [
              43.02205,
              37.89544
            ],
            [
              43.02123,
              37.88021
            ],
            [
              43.03036,
              37.8721
            ],
            [
              43.0395,
              37.86399
            ],
            [
              43.03868,
              37.84876
            ],
            [
              43.03786,
              37.83354
            ],
            [
              43.04699,
              37.82542
            ],
            [
              43.05613,
              37.81731
            ],
            [
              43.04617,
              37.8102
            ],
            [
              43.03621,
              37.80308
            ],
            [
              43.02625,
              37.79597
            ],
            [
              43.01629,
              37.78886
            ],
            [
              43.00633,
              37.78174
            ],
            [
              42.99637,
              37.77463
            ],
            [
              42.98642,
              37.76751
            ],
            [
              42.97646,
              37.7604
            ],
            [
              42.97563,
              37.74517
            ],
            [
              42.96567,
              37.73806
            ],
            [
              42.95572,
              37.73095
            ],
            [
              42.95489,
              37.71572
            ],
            [
              42.94493,
              37.70861
            ],
            [
              42.93497,
              37.70149
            ],
            [
              42.92502,
              37.69438
            ],
            [
              42.90592,
              37.69538
            ],
            [
              42.89596,
              37.68826
            ],
            [
              42.886,
              37.68115
            ],
            [
              42.87686,
              37.68926
            ],
            [
              42.86773,
              37.69737
            ],
            [
              42.84863,
              37.69837
            ],
            [
              42.83949,
              37.70649
            ],
            [
              42.83035,
              37.7146
            ],
            [
              42.82122,
              37.72271
            ],
            [
              42.82204,
              37.73794
            ],
            [
              42.8129,
              37.74605
            ],
            [
              42.80376,
              37.75416
            ],
            [
              42.79463,
              37.76227
            ],
            [
              42.78549,
              37.77038
            ],
            [
              42.77635,
              37.7785
            ],
            [
              42.76721,
              37.78661
            ],
            [
              42.75808,
              37.79472
            ],
            [
              42.74894,
              37.80283
            ],
            [
              42.74976,
              37.81806
            ],
            [
              42.75058,
              37.83329
            ],
            [
              42.74145,
              37.8414
            ],
            [
              42.73231,
              37.84951
            ],
            [
              42.72317,
              37.85762
            ],
            [
              42.71403,
              37.86573
            ],
            [
              42.7049,
              37.87385
            ],
            [
              42.69576,
              37.88196
            ],
            [
              42.68662,
              37.89007
            ],
            [
              42.66752,
              37.89107
            ],
            [
              42.64843,
              37.89207
            ],
            [
              42.62933,
              37.89307
            ],
            [
              42.61023,
              37.89406
            ],
            [
              42.59114,
              37.89506
            ],
            [
              42.57204,
              37.89606
            ],
            [
              42.55294,
              37.89706
            ],
            [
              42.53385,
              37.89806
            ],
            [
              42.51475,
              37.89906
            ],
            [
              42.49565,
              37.90005
            ],
            [
              42.47656,
              37.90105
            ],
            [
              42.45746,
              37.90205
            ],
            [
              42.43836,
              37.90305
            ],
            [
              42.4284,
              37.89594
            ],
            [
              42.41844,
              37.88882
            ],
            [
              42.39935,
              37.88982
            ],
            [
              42.38025,
              37.89082
            ],
            [
              42.36115,
              37.89182
            ],
            [
              42.34206,
              37.89282
            ],
            [
              42.33292,
              37.90093
            ],
            [
              42.32378,
              37.90904
            ],
            [
              42.30469,
              37.91004
            ],
            [
              42.29555,
              37.91815
            ],
            [
              42.28641,
              37.92626
            ],
            [
              42.26731,
              37.92726
            ],
            [
              42.25818,
              37.93537
            ],
            [
              42.24904,
              37.94349
            ],
            [
              42.22994,
              37.94448
            ],
            [
              42.21085,
              37.94548
            ],
            [
              42.20171,
              37.95359
            ],
            [
              42.19257,
              37.96171
            ],
            [
              42.18343,
              37.96982
            ],
            [
              42.1743,
              37.97793
            ],
            [
              42.16516,
              37.98604
            ],
            [
              42.15602,
              37.99416
            ],
            [
              42.14688,
              38.00227
            ],
            [
              42.15684,
              38.00938
            ],
            [
              42.1668,
              38.0165
            ],
            [
              42.17676,
              38.02361
            ],
            [
              42.19586,
              38.02261
            ],
            [
              42.21496,
              38.02161
            ],
            [
              42.22492,
              38.02873
            ],
            [
              42.23487,
              38.03584
            ],
            [
              42.24483,
              38.04295
            ],
            [
              42.24566,
              38.05818
            ],
            [
              42.24648,
              38.07341
            ],
            [
              42.2473,
              38.08863
            ],
            [
              42.24812,
              38.10386
            ],
            [
              42.25808,
              38.11097
            ],
            [
              42.26804,
              38.11809
            ],
            [
              42.278,
              38.1252
            ],
            [
              42.28796,
              38.13231
            ],
            [
              42.28878,
              38.14754
            ],
            [
              42.2896,
              38.16277
            ],
            [
              42.29042,
              38.17799
            ],
            [
              42.28129,
              38.1861
            ],
            [
              42.26219,
              38.1871
            ],
            [
              42.24309,
              38.1881
            ],
            [
              42.23396,
              38.19621
            ],
            [
              42.22482,
              38.20433
            ],
            [
              42.20572,
              38.20532
            ],
            [
              42.19658,
              38.21344
            ],
            [
              42.18745,
              38.22155
            ],
            [
              42.17831,
              38.22966
            ],
            [
              42.16917,
              38.23777
            ],
            [
              42.16004,
              38.24588
            ],
            [
              42.16086,
              38.26111
            ],
            [
              42.16168,
              38.27634
            ],
            [
              42.1625,
              38.29156
            ],
            [
              42.16332,
              38.30679
            ],
            [
              42.17328,
              38.3139
            ],
            [
              42.18324,
              38.32102
            ],
            [
              42.18406,
              38.33624
            ],
            [
              42.18489,
              38.35147
            ],
            [
              42.19484,
              38.35858
            ],
            [
              42.2048,
              38.3657
            ],
            [
              42.20563,
              38.38092
            ],
            [
              42.20645,
              38.39615
            ],
            [
              42.20727,
              38.41137
            ],
            [
              42.20809,
              38.4266
            ],
            [
              42.20891,
              38.44183
            ],
            [
              42.20974,
              38.45705
            ],
            [
              42.2197,
              38.46417
            ],
            [
              42.22965,
              38.47128
            ],
            [
              42.23961,
              38.47839
            ],
            [
              42.24957,
              38.48551
            ],
            [
              42.2504,
              38.50073
            ],
            [
              42.26035,
              38.50785
            ],
            [
              42.27031,
              38.51496
            ],
            [
              42.27114,
              38.53019
            ],
            [
              42.2811,
              38.5373
            ],
            [
              42.29105,
              38.54442
            ],
            [
              42.29188,
              38.55964
            ],
            [
              42.30184,
              38.56675
            ],
            [
              42.32093,
              38.56576
            ],
            [
              42.34003,
              38.56476
            ],
            [
              42.34999,
              38.57187
            ],
            [
              42.35995,
              38.57899
            ],
            [
              42.37904,
              38.57799
            ],
            [
              42.39814,
              38.57699
            ],
            [
              42.4081,
              38.5841
            ],
            [
              42.41806,
              38.59122
            ]
          ]
        ]
      }
    },
    {
      "type": "Feature",
      "properties": {
        "id": "korchayk",
        "metrics": {
          "areaKm2": 19575,
          "perimeterKm": 763,
          "eastWestKm": 286,
          "northSouthKm": 120,
          "centroid": [
            43.02928,
            37.51204
          ],
          "sharePercent": 6.2
        }
      },
      "geometry": {
        "type": "Polygon",
        "coordinates": [
          [
            [
              41.96752,
              38.04982
            ],
            [
              41.98662,
              38.04882
            ],
            [
              42.00571,
              38.04782
            ],
            [
              42.02481,
              38.04682
            ],
            [
              42.04391,
              38.04582
            ],
            [
              42.063,
              38.04483
            ],
            [
              42.0821,
              38.04383
            ],
            [
              42.09124,
              38.03572
            ],
            [
              42.10038,
              38.0276
            ],
            [
              42.11947,
              38.0266
            ],
            [
              42.12861,
              38.01849
            ],
            [
              42.13775,
              38.01038
            ],
            [
              42.14688,
              38.00227
            ],
            [
              42.15602,
              37.99416
            ],
            [
              42.16516,
              37.98604
            ],
            [
              42.1743,
              37.97793
            ],
            [
              42.18343,
              37.96982
            ],
            [
              42.19257,
              37.96171
            ],
            [
              42.20171,
              37.95359
            ],
            [
              42.21085,
              37.94548
            ],
            [
              42.22994,
              37.94448
            ],
            [
              42.24904,
              37.94349
            ],
            [
              42.25818,
              37.93537
            ],
            [
              42.26731,
              37.92726
            ],
            [
              42.28641,
              37.92626
            ],
            [
              42.29555,
              37.91815
            ],
            [
              42.30469,
              37.91004
            ],
            [
              42.32378,
              37.90904
            ],
            [
              42.33292,
              37.90093
            ],
            [
              42.34206,
              37.89282
            ],
            [
              42.36115,
              37.89182
            ],
            [
              42.38025,
              37.89082
            ],
            [
              42.39935,
              37.88982
            ],
            [
              42.41844,
              37.88882
            ],
            [
              42.4284,
              37.89594
            ],
            [
              42.43836,
              37.90305
            ],
            [
              42.45746,
              37.90205
            ],
            [
              42.47656,
              37.90105
            ],
            [
              42.49565,
              37.90005
            ],
            [
              42.51475,
              37.89906
            ],
            [
              42.53385,
              37.89806
            ],
            [
              42.55294,
              37.89706
            ],
            [
              42.57204,
              37.89606
            ],
            [
              42.59114,
              37.89506
            ],
            [
              42.61023,
              37.89406
            ],
            [
              42.62933,
              37.89307
            ],
            [
              42.64843,
              37.89207
            ],
            [
              42.66752,
              37.89107
            ],
            [
              42.68662,
              37.89007
            ],
            [
              42.69576,
              37.88196
            ],
            [
              42.7049,
              37.87385
            ],
            [
              42.71403,
              37.86573
            ],
            [
              42.72317,
              37.85762
            ],
            [
              42.73231,
              37.84951
            ],
            [
              42.74145,
              37.8414
            ],
            [
              42.75058,
              37.83329
            ],
            [
              42.74976,
              37.81806
            ],
            [
              42.74894,
              37.80283
            ],
            [
              42.75808,
              37.79472
            ],
            [
              42.76721,
              37.78661
            ],
            [
              42.77635,
              37.7785
            ],
            [
              42.78549,
              37.77038
            ],
            [
              42.79463,
              37.76227
            ],
            [
              42.80376,
              37.75416
            ],
            [
              42.8129,
              37.74605
            ],
            [
              42.82204,
              37.73794
            ],
            [
              42.82122,
              37.72271
            ],
            [
              42.83035,
              37.7146
            ],
            [
              42.83949,
              37.70649
            ],
            [
              42.84863,
              37.69837
            ],
            [
              42.86773,
              37.69737
            ],
            [
              42.87686,
              37.68926
            ],
            [
              42.886,
              37.68115
            ],
            [
              42.89596,
              37.68826
            ],
            [
              42.90592,
              37.69538
            ],
            [
              42.92502,
              37.69438
            ],
            [
              42.93497,
              37.70149
            ],
            [
              42.94493,
              37.70861
            ],
            [
              42.95489,
              37.71572
            ],
            [
              42.95572,
              37.73095
            ],
            [
              42.96567,
              37.73806
            ],
            [
              42.97563,
              37.74517
            ],
            [
              42.97646,
              37.7604
            ],
            [
              42.98642,
              37.76751
            ],
            [
              42.99637,
              37.77463
            ],
            [
              43.00633,
              37.78174
            ],
            [
              43.01629,
              37.78886
            ],
            [
              43.02625,
              37.79597
            ],
            [
              43.03621,
              37.80308
            ],
            [
              43.04617,
              37.8102
            ],
            [
              43.06527,
              37.8092
            ],
            [
              43.08437,
              37.8082
            ],
            [
              43.10346,
              37.8072
            ],
            [
              43.12256,
              37.8062
            ],
            [
              43.14166,
              37.80521
            ],
            [
              43.15079,
              37.79709
            ],
            [
              43.15993,
              37.78898
            ],
            [
              43.17903,
              37.78798
            ],
            [
              43.19812,
              37.78698
            ],
            [
              43.21722,
              37.78599
            ],
            [
              43.23632,
              37.78499
            ],
            [
              43.25541,
              37.78399
            ],
            [
              43.27451,
              37.78299
            ],
            [
              43.28447,
              37.7901
            ],
            [
              43.29443,
              37.79722
            ],
            [
              43.30439,
              37.80433
            ],
            [
              43.31435,
              37.81145
            ],
            [
              43.32431,
              37.81856
            ],
            [
              43.33427,
              37.82567
            ],
            [
              43.35336,
              37.82468
            ],
            [
              43.37246,
              37.82368
            ],
            [
              43.39156,
              37.82268
            ],
            [
              43.41065,
              37.82168
            ],
            [
              43.42975,
              37.82068
            ],
            [
              43.44885,
              37.81968
            ],
            [
              43.46794,
              37.81868
            ],
            [
              43.48704,
              37.81769
            ],
            [
              43.50614,
              37.81669
            ],
            [
              43.52523,
              37.81569
            ],
            [
              43.54433,
              37.81469
            ],
            [
              43.55429,
              37.8218
            ],
            [
              43.56425,
              37.82892
            ],
            [
              43.58335,
              37.82792
            ],
            [
              43.60244,
              37.82692
            ],
            [
              43.62154,
              37.82592
            ],
            [
              43.64064,
              37.82493
            ],
            [
              43.65973,
              37.82393
            ],
            [
              43.66969,
              37.83104
            ],
            [
              43.67965,
              37.83815
            ],
            [
              43.69875,
              37.83716
            ],
            [
              43.71785,
              37.83616
            ],
            [
              43.72781,
              37.84327
            ],
            [
              43.73776,
              37.85039
            ],
            [
              43.75686,
              37.84939
            ],
            [
              43.77596,
              37.84839
            ],
            [
              43.79505,
              37.84739
            ],
            [
              43.81415,
              37.84639
            ],
            [
              43.83325,
              37.84539
            ],
            [
              43.85235,
              37.84439
            ],
            [
              43.87144,
              37.8434
            ],
            [
              43.88058,
              37.83528
            ],
            [
              43.88972,
              37.82717
            ],
            [
              43.89968,
              37.83429
            ],
            [
              43.90964,
              37.8414
            ],
            [
              43.92873,
              37.8404
            ],
            [
              43.94783,
              37.8394
            ],
            [
              43.96693,
              37.8384
            ],
            [
              43.97689,
              37.84552
            ],
            [
              43.98684,
              37.85263
            ],
            [
              43.9968,
              37.85975
            ],
            [
              44.00676,
              37.86686
            ],
            [
              44.02586,
              37.86586
            ],
            [
              44.04496,
              37.86486
            ],
            [
              44.06405,
              37.86386
            ],
            [
              44.07401,
              37.87098
            ],
            [
              44.08397,
              37.87809
            ],
            [
              44.10307,
              37.87709
            ],
            [
              44.11303,
              37.88421
            ],
            [
              44.12299,
              37.89132
            ],
            [
              44.14208,
              37.89032
            ],
            [
              44.16118,
              37.88932
            ],
            [
              44.18028,
              37.88833
            ],
            [
              44.19937,
              37.88733
            ],
            [
              44.21847,
              37.88633
            ],
            [
              44.23757,
              37.88533
            ],
            [
              44.25666,
              37.88433
            ],
            [
              44.27576,
              37.88333
            ],
            [
              44.29486,
              37.88234
            ],
            [
              44.31396,
              37.88134
            ],
            [
              44.33305,
              37.88034
            ],
            [
              44.34219,
              37.87223
            ],
            [
              44.34137,
              37.857
            ],
            [
              44.34055,
              37.84177
            ],
            [
              44.34968,
              37.83366
            ],
            [
              44.35882,
              37.82555
            ],
            [
              44.358,
              37.81032
            ],
            [
              44.35718,
              37.7951
            ],
            [
              44.35635,
              37.77987
            ],
            [
              44.3464,
              37.77276
            ],
            [
              44.3273,
              37.77376
            ],
            [
              44.3082,
              37.77476
            ],
            [
              44.29824,
              37.76764
            ],
            [
              44.28828,
              37.76053
            ],
            [
              44.27832,
              37.75341
            ],
            [
              44.2775,
              37.73819
            ],
            [
              44.28664,
              37.73008
            ],
            [
              44.29578,
              37.72196
            ],
            [
              44.30491,
              37.71385
            ],
            [
              44.31405,
              37.70574
            ],
            [
              44.32319,
              37.69763
            ],
            [
              44.34229,
              37.69663
            ],
            [
              44.36138,
              37.69563
            ],
            [
              44.37052,
              37.68752
            ],
            [
              44.37966,
              37.67941
            ],
            [
              44.39875,
              37.67841
            ],
            [
              44.41785,
              37.67741
            ],
            [
              44.42699,
              37.6693
            ],
            [
              44.42617,
              37.65407
            ],
            [
              44.42534,
              37.63884
            ],
            [
              44.42452,
              37.62362
            ],
            [
              44.4237,
              37.60839
            ],
            [
              44.42288,
              37.59317
            ],
            [
              44.42206,
              37.57794
            ],
            [
              44.42123,
              37.56271
            ],
            [
              44.42041,
              37.54749
            ],
            [
              44.41959,
              37.53226
            ],
            [
              44.42873,
              37.52415
            ],
            [
              44.43787,
              37.51604
            ],
            [
              44.447,
              37.50793
            ],
            [
              44.45614,
              37.49981
            ],
            [
              44.45532,
              37.48459
            ],
            [
              44.46446,
              37.47648
            ],
            [
              44.48355,
              37.47548
            ],
            [
              44.49269,
              37.46736
            ],
            [
              44.50183,
              37.45925
            ],
            [
              44.51096,
              37.45114
            ],
            [
              44.5201,
              37.44303
            ],
            [
              44.52924,
              37.43492
            ],
            [
              44.53838,
              37.4268
            ],
            [
              44.54751,
              37.41869
            ],
            [
              44.55665,
              37.41058
            ],
            [
              44.57575,
              37.40958
            ],
            [
              44.58489,
              37.40147
            ],
            [
              44.59402,
              37.39336
            ],
            [
              44.61312,
              37.39236
            ],
            [
              44.63222,
              37.39136
            ],
            [
              44.64135,
              37.38325
            ],
            [
              44.65049,
              37.37514
            ],
            [
              44.66959,
              37.37414
            ],
            [
              44.67873,
              37.36602
            ],
            [
              44.68786,
              37.35791
            ],
            [
              44.70696,
              37.35691
            ],
            [
              44.7161,
              37.3488
            ],
            [
              44.71528,
              37.33358
            ],
            [
              44.72441,
              37.32546
            ],
            [
              44.73355,
              37.31735
            ],
            [
              44.73273,
              37.30213
            ],
            [
              44.73191,
              37.2869
            ],
            [
              44.73108,
              37.27167
            ],
            [
              44.73026,
              37.25645
            ],
            [
              44.72944,
              37.24122
            ],
            [
              44.72862,
              37.226
            ],
            [
              44.7278,
              37.21077
            ],
            [
              44.71784,
              37.20366
            ],
            [
              44.70788,
              37.19654
            ],
            [
              44.69792,
              37.18943
            ],
            [
              44.68796,
              37.18231
            ],
            [
              44.68714,
              37.16709
            ],
            [
              44.67718,
              37.15997
            ],
            [
              44.66722,
              37.15286
            ],
            [
              44.65726,
              37.14575
            ],
            [
              44.64812,
              37.15386
            ],
            [
              44.63898,
              37.16197
            ],
            [
              44.62985,
              37.17008
            ],
            [
              44.62071,
              37.1782
            ],
            [
              44.60161,
              37.17919
            ],
            [
              44.58252,
              37.18019
            ],
            [
              44.56342,
              37.18119
            ],
            [
              44.54432,
              37.18219
            ],
            [
              44.52523,
              37.18319
            ],
            [
              44.50613,
              37.18419
            ],
            [
              44.48703,
              37.18518
            ],
            [
              44.46794,
              37.18618
            ],
            [
              44.44884,
              37.18718
            ],
            [
              44.42974,
              37.18818
            ],
            [
              44.41065,
              37.18918
            ],
            [
              44.39155,
              37.19018
            ],
            [
              44.38241,
              37.19829
            ],
            [
              44.37327,
              37.2064
            ],
            [
              44.35418,
              37.2074
            ],
            [
              44.34504,
              37.21551
            ],
            [
              44.3359,
              37.22362
            ],
            [
              44.31681,
              37.22462
            ],
            [
              44.29771,
              37.22562
            ],
            [
              44.28857,
              37.23373
            ],
            [
              44.27943,
              37.24184
            ],
            [
              44.26034,
              37.24284
            ],
            [
              44.24124,
              37.24384
            ],
            [
              44.23128,
              37.23673
            ],
            [
              44.22132,
              37.22961
            ],
            [
              44.20222,
              37.23061
            ],
            [
              44.18313,
              37.23161
            ],
            [
              44.16403,
              37.23261
            ],
            [
              44.14493,
              37.23361
            ],
            [
              44.12584,
              37.23461
            ],
            [
              44.10674,
              37.2356
            ],
            [
              44.08764,
              37.2366
            ],
            [
              44.06855,
              37.2376
            ],
            [
              44.04945,
              37.2386
            ],
            [
              44.03035,
              37.2396
            ],
            [
              44.01126,
              37.2406
            ],
            [
              44.00212,
              37.24871
            ],
            [
              43.99298,
              37.25682
            ],
            [
              43.97389,
              37.25782
            ],
            [
              43.95479,
              37.25882
            ],
            [
              43.93569,
              37.25982
            ],
            [
              43.92655,
              37.26793
            ],
            [
              43.91742,
              37.27604
            ],
            [
              43.89832,
              37.27704
            ],
            [
              43.88918,
              37.28515
            ],
            [
              43.88005,
              37.29326
            ],
            [
              43.86095,
              37.29426
            ],
            [
              43.84185,
              37.29526
            ],
            [
              43.82276,
              37.29626
            ],
            [
              43.80366,
              37.29726
            ],
            [
              43.78456,
              37.29825
            ],
            [
              43.76547,
              37.29925
            ],
            [
              43.74637,
              37.30025
            ],
            [
              43.72727,
              37.30125
            ],
            [
              43.70817,
              37.30225
            ],
            [
              43.68908,
              37.30325
            ],
            [
              43.67912,
              37.29613
            ],
            [
              43.66916,
              37.28902
            ],
            [
              43.6592,
              37.2819
            ],
            [
              43.64924,
              37.27479
            ],
            [
              43.63928,
              37.26768
            ],
            [
              43.62932,
              37.26056
            ],
            [
              43.61936,
              37.25345
            ],
            [
              43.6094,
              37.24634
            ],
            [
              43.59944,
              37.23922
            ],
            [
              43.58948,
              37.23211
            ],
            [
              43.57039,
              37.23311
            ],
            [
              43.55129,
              37.23411
            ],
            [
              43.53219,
              37.2351
            ],
            [
              43.52223,
              37.22799
            ],
            [
              43.51228,
              37.22088
            ],
            [
              43.50232,
              37.21376
            ],
            [
              43.49236,
              37.20665
            ],
            [
              43.4824,
              37.19953
            ],
            [
              43.47244,
              37.19242
            ],
            [
              43.46248,
              37.18531
            ],
            [
              43.45252,
              37.17819
            ],
            [
              43.44256,
              37.17108
            ],
            [
              43.4326,
              37.16397
            ],
            [
              43.42264,
              37.15685
            ],
            [
              43.41268,
              37.14974
            ],
            [
              43.40272,
              37.14262
            ],
            [
              43.39276,
              37.13551
            ],
            [
              43.3828,
              37.1284
            ],
            [
              43.37284,
              37.12128
            ],
            [
              43.36289,
              37.11417
            ],
            [
              43.35293,
              37.10705
            ],
            [
              43.33383,
              37.10805
            ],
            [
              43.32387,
              37.10094
            ],
            [
              43.31391,
              37.09383
            ],
            [
              43.30395,
              37.08671
            ],
            [
              43.29399,
              37.0796
            ],
            [
              43.28403,
              37.07248
            ],
            [
              43.27407,
              37.06537
            ],
            [
              43.26411,
              37.05826
            ],
            [
              43.25415,
              37.05114
            ],
            [
              43.2442,
              37.04403
            ],
            [
              43.23424,
              37.03691
            ],
            [
              43.22428,
              37.0298
            ],
            [
              43.21432,
              37.02269
            ],
            [
              43.20436,
              37.01557
            ],
            [
              43.1944,
              37.00846
            ],
            [
              43.18444,
              37.00135
            ],
            [
              43.17448,
              36.99423
            ],
            [
              43.16452,
              36.98712
            ],
            [
              43.15456,
              36.98
            ],
            [
              43.1446,
              36.97289
            ],
            [
              43.13464,
              36.96578
            ],
            [
              43.11555,
              36.96677
            ],
            [
              43.09645,
              36.96777
            ],
            [
              43.07735,
              36.96877
            ],
            [
              43.05826,
              36.96977
            ],
            [
              43.03916,
              36.97077
            ],
            [
              43.02006,
              36.97177
            ],
            [
              43.00096,
              36.97277
            ],
            [
              42.99183,
              36.98088
            ],
            [
              42.98269,
              36.98899
            ],
            [
              42.96359,
              36.98999
            ],
            [
              42.95446,
              36.9981
            ],
            [
              42.94532,
              37.00621
            ],
            [
              42.92622,
              37.00721
            ],
            [
              42.90712,
              37.00821
            ],
            [
              42.89799,
              37.01632
            ],
            [
              42.88885,
              37.02443
            ],
            [
              42.86975,
              37.02543
            ],
            [
              42.85066,
              37.02643
            ],
            [
              42.83156,
              37.02743
            ],
            [
              42.81246,
              37.02843
            ],
            [
              42.79337,
              37.02943
            ],
            [
              42.77427,
              37.03042
            ],
            [
              42.75517,
              37.03142
            ],
            [
              42.73608,
              37.03242
            ],
            [
              42.71698,
              37.03342
            ],
            [
              42.69788,
              37.03442
            ],
            [
              42.67879,
              37.03542
            ],
            [
              42.65969,
              37.03641
            ],
            [
              42.64059,
              37.03741
            ],
            [
              42.63145,
              37.04553
            ],
            [
              42.62232,
              37.05364
            ],
            [
              42.61318,
              37.06175
            ],
            [
              42.60404,
              37.06986
            ],
            [
              42.59491,
              37.07797
            ],
            [
              42.58577,
              37.08609
            ],
            [
              42.56667,
              37.08708
            ],
            [
              42.54757,
              37.08808
            ],
            [
              42.53844,
              37.0962
            ],
            [
              42.5293,
              37.10431
            ],
            [
              42.51934,
              37.09719
            ],
            [
              42.50938,
              37.09008
            ],
            [
              42.49028,
              37.09108
            ],
            [
              42.48115,
              37.09919
            ],
            [
              42.47201,
              37.1073
            ],
            [
              42.45291,
              37.1083
            ],
            [
              42.43382,
              37.1093
            ],
            [
              42.41472,
              37.1103
            ],
            [
              42.39562,
              37.1113
            ],
            [
              42.37653,
              37.11229
            ],
            [
              42.35743,
              37.11329
            ],
            [
              42.33833,
              37.11429
            ],
            [
              42.31924,
              37.11529
            ],
            [
              42.30014,
              37.11629
            ],
            [
              42.28104,
              37.11729
            ],
            [
              42.26194,
              37.11828
            ],
            [
              42.24285,
              37.11928
            ],
            [
              42.22375,
              37.12028
            ],
            [
              42.20465,
              37.12128
            ],
            [
              42.19552,
              37.12939
            ],
            [
              42.18638,
              37.1375
            ],
            [
              42.17724,
              37.14562
            ],
            [
              42.16811,
              37.15373
            ],
            [
              42.15897,
              37.16184
            ],
            [
              42.14983,
              37.16995
            ],
            [
              42.14069,
              37.17807
            ],
            [
              42.13156,
              37.18618
            ],
            [
              42.12242,
              37.19429
            ],
            [
              42.11328,
              37.2024
            ],
            [
              42.10414,
              37.21051
            ],
            [
              42.09501,
              37.21863
            ],
            [
              42.08587,
              37.22674
            ],
            [
              42.07673,
              37.23485
            ],
            [
              42.06759,
              37.24296
            ],
            [
              42.05846,
              37.25108
            ],
            [
              42.04932,
              37.25919
            ],
            [
              42.04018,
              37.2673
            ],
            [
              42.03104,
              37.27541
            ],
            [
              42.02191,
              37.28352
            ],
            [
              42.01277,
              37.29164
            ],
            [
              42.00363,
              37.29975
            ],
            [
              41.99449,
              37.30786
            ],
            [
              41.98536,
              37.31597
            ],
            [
              41.97622,
              37.32409
            ],
            [
              41.96708,
              37.3322
            ],
            [
              41.95794,
              37.34031
            ],
            [
              41.94881,
              37.34842
            ],
            [
              41.93967,
              37.35653
            ],
            [
              41.93053,
              37.36465
            ],
            [
              41.9214,
              37.37276
            ],
            [
              41.91226,
              37.38087
            ],
            [
              41.90312,
              37.38898
            ],
            [
              41.89398,
              37.3971
            ],
            [
              41.88485,
              37.40521
            ],
            [
              41.87571,
              37.41332
            ],
            [
              41.85661,
              37.41432
            ],
            [
              41.84747,
              37.42243
            ],
            [
              41.83834,
              37.43054
            ],
            [
              41.81924,
              37.43154
            ],
            [
              41.8101,
              37.43965
            ],
            [
              41.80096,
              37.44777
            ],
            [
              41.78187,
              37.44876
            ],
            [
              41.76277,
              37.44976
            ],
            [
              41.75363,
              37.45787
            ],
            [
              41.7445,
              37.46599
            ],
            [
              41.73536,
              37.4741
            ],
            [
              41.72622,
              37.48221
            ],
            [
              41.71708,
              37.49032
            ],
            [
              41.70795,
              37.49844
            ],
            [
              41.69881,
              37.50655
            ],
            [
              41.68967,
              37.51466
            ],
            [
              41.68053,
              37.52277
            ],
            [
              41.6714,
              37.53088
            ],
            [
              41.66226,
              37.539
            ],
            [
              41.65312,
              37.54711
            ],
            [
              41.64399,
              37.55522
            ],
            [
              41.63485,
              37.56333
            ],
            [
              41.62571,
              37.57145
            ],
            [
              41.61657,
              37.57956
            ],
            [
              41.60744,
              37.58767
            ],
            [
              41.5983,
              37.59578
            ],
            [
              41.58916,
              37.60389
            ],
            [
              41.58998,
              37.61912
            ],
            [
              41.5908,
              37.63435
            ],
            [
              41.58167,
              37.64246
            ],
            [
              41.57253,
              37.65057
            ],
            [
              41.56339,
              37.65868
            ],
            [
              41.55425,
              37.6668
            ],
            [
              41.54512,
              37.67491
            ],
            [
              41.53598,
              37.68302
            ],
            [
              41.52684,
              37.69113
            ],
            [
              41.51771,
              37.69924
            ],
            [
              41.50857,
              37.70736
            ],
            [
              41.49943,
              37.71547
            ],
            [
              41.50939,
              37.72258
            ],
            [
              41.51935,
              37.7297
            ],
            [
              41.52017,
              37.74492
            ],
            [
              41.53013,
              37.75204
            ],
            [
              41.54009,
              37.75915
            ],
            [
              41.55005,
              37.76626
            ],
            [
              41.56001,
              37.77338
            ],
            [
              41.56083,
              37.7886
            ],
            [
              41.57079,
              37.79572
            ],
            [
              41.58075,
              37.80283
            ],
            [
              41.59071,
              37.80994
            ],
            [
              41.60067,
              37.81706
            ],
            [
              41.60149,
              37.83228
            ],
            [
              41.61145,
              37.8394
            ],
            [
              41.62141,
              37.84651
            ],
            [
              41.62223,
              37.86174
            ],
            [
              41.63219,
              37.86885
            ],
            [
              41.64215,
              37.87597
            ],
            [
              41.64297,
              37.89119
            ],
            [
              41.64379,
              37.90642
            ],
            [
              41.65375,
              37.91353
            ],
            [
              41.66371,
              37.92065
            ],
            [
              41.67367,
              37.92776
            ],
            [
              41.69277,
              37.92676
            ],
            [
              41.70273,
              37.93387
            ],
            [
              41.71269,
              37.94099
            ],
            [
              41.72265,
              37.9481
            ],
            [
              41.73261,
              37.95522
            ],
            [
              41.74256,
              37.96233
            ],
            [
              41.75252,
              37.96944
            ],
            [
              41.76248,
              37.97656
            ],
            [
              41.77244,
              37.98367
            ],
            [
              41.7824,
              37.99079
            ],
            [
              41.79236,
              37.9979
            ],
            [
              41.81146,
              37.9969
            ],
            [
              41.82142,
              38.00401
            ],
            [
              41.83138,
              38.01113
            ],
            [
              41.85047,
              38.01013
            ],
            [
              41.86043,
              38.01724
            ],
            [
              41.87039,
              38.02436
            ],
            [
              41.88949,
              38.02336
            ],
            [
              41.89945,
              38.03047
            ],
            [
              41.90941,
              38.03759
            ],
            [
              41.9285,
              38.03659
            ],
            [
              41.9476,
              38.03559
            ],
            [
              41.95756,
              38.0427
            ],
            [
              41.96752,
              38.04982
            ]
          ]
        ]
      }
    },
    {
      "type": "Feature",
      "properties": {
        "id": "parskahayk",
        "metrics": {
          "areaKm2": 13904,
          "perimeterKm": 683,
          "eastWestKm": 134,
          "northSouthKm": 220,
          "centroid": [
            44.97072,
            37.71039
          ],
          "sharePercent": 4.4
        }
      },
      "geometry": {
        "type": "Polygon",
        "coordinates": [
          [
            [
              44.93864,
              38.81063
            ],
            [
              44.95774,
              38.80963
            ],
            [
              44.97683,
              38.80863
            ],
            [
              44.99593,
              38.80763
            ],
            [
              45.01503,
              38.80663
            ],
            [
              45.03412,
              38.80563
            ],
            [
              45.05322,
              38.80464
            ],
            [
              45.07232,
              38.80364
            ],
            [
              45.09141,
              38.80264
            ],
            [
              45.11051,
              38.80164
            ],
            [
              45.12961,
              38.80064
            ],
            [
              45.13875,
              38.79253
            ],
            [
              45.14788,
              38.78442
            ],
            [
              45.16698,
              38.78342
            ],
            [
              45.17612,
              38.77531
            ],
            [
              45.18525,
              38.76719
            ],
            [
              45.19439,
              38.75908
            ],
            [
              45.20353,
              38.75097
            ],
            [
              45.21267,
              38.74286
            ],
            [
              45.2218,
              38.73475
            ],
            [
              45.23094,
              38.72663
            ],
            [
              45.23012,
              38.71141
            ],
            [
              45.2293,
              38.69618
            ],
            [
              45.22848,
              38.68096
            ],
            [
              45.22765,
              38.66573
            ],
            [
              45.21769,
              38.65862
            ],
            [
              45.20773,
              38.6515
            ],
            [
              45.19778,
              38.64439
            ],
            [
              45.18782,
              38.63727
            ],
            [
              45.18699,
              38.62205
            ],
            [
              45.17703,
              38.61493
            ],
            [
              45.16708,
              38.60782
            ],
            [
              45.15712,
              38.60071
            ],
            [
              45.14716,
              38.59359
            ],
            [
              45.1372,
              38.58648
            ],
            [
              45.12724,
              38.57937
            ],
            [
              45.12642,
              38.56414
            ],
            [
              45.12559,
              38.54891
            ],
            [
              45.12477,
              38.53369
            ],
            [
              45.12395,
              38.51846
            ],
            [
              45.13309,
              38.51035
            ],
            [
              45.14223,
              38.50224
            ],
            [
              45.1414,
              38.48701
            ],
            [
              45.15054,
              38.4789
            ],
            [
              45.15968,
              38.47079
            ],
            [
              45.16882,
              38.46267
            ],
            [
              45.17795,
              38.45456
            ],
            [
              45.18709,
              38.44645
            ],
            [
              45.19623,
              38.43834
            ],
            [
              45.20536,
              38.43023
            ],
            [
              45.2145,
              38.42211
            ],
            [
              45.21368,
              38.40689
            ],
            [
              45.21286,
              38.39166
            ],
            [
              45.21204,
              38.37644
            ],
            [
              45.20208,
              38.36932
            ],
            [
              45.19212,
              38.36221
            ],
            [
              45.18216,
              38.35509
            ],
            [
              45.16306,
              38.35609
            ],
            [
              45.14396,
              38.35709
            ],
            [
              45.13401,
              38.34998
            ],
            [
              45.12405,
              38.34286
            ],
            [
              45.10495,
              38.34386
            ],
            [
              45.09499,
              38.33675
            ],
            [
              45.09417,
              38.32152
            ],
            [
              45.09335,
              38.3063
            ],
            [
              45.09252,
              38.29107
            ],
            [
              45.0917,
              38.27584
            ],
            [
              45.10084,
              38.26773
            ],
            [
              45.10998,
              38.25962
            ],
            [
              45.10916,
              38.24439
            ],
            [
              45.11829,
              38.23628
            ],
            [
              45.12743,
              38.22817
            ],
            [
              45.12661,
              38.21294
            ],
            [
              45.12579,
              38.19772
            ],
            [
              45.13492,
              38.1896
            ],
            [
              45.15402,
              38.18861
            ],
            [
              45.17312,
              38.18761
            ],
            [
              45.18225,
              38.17949
            ],
            [
              45.19139,
              38.17138
            ],
            [
              45.21049,
              38.17038
            ],
            [
              45.22959,
              38.16939
            ],
            [
              45.24868,
              38.16839
            ],
            [
              45.25782,
              38.16028
            ],
            [
              45.26696,
              38.15216
            ],
            [
              45.27609,
              38.14405
            ],
            [
              45.28523,
              38.13594
            ],
            [
              45.29437,
              38.12783
            ],
            [
              45.30351,
              38.11971
            ],
            [
              45.31264,
              38.1116
            ],
            [
              45.32178,
              38.10349
            ],
            [
              45.33092,
              38.09538
            ],
            [
              45.3301,
              38.08015
            ],
            [
              45.33923,
              38.07204
            ],
            [
              45.34837,
              38.06393
            ],
            [
              45.33841,
              38.05681
            ],
            [
              45.32845,
              38.0497
            ],
            [
              45.31849,
              38.04259
            ],
            [
              45.30853,
              38.03547
            ],
            [
              45.29858,
              38.02836
            ],
            [
              45.28862,
              38.02124
            ],
            [
              45.27866,
              38.01413
            ],
            [
              45.2687,
              38.00702
            ],
            [
              45.25874,
              37.9999
            ],
            [
              45.24878,
              37.99279
            ],
            [
              45.23882,
              37.98568
            ],
            [
              45.22886,
              37.97856
            ],
            [
              45.2189,
              37.97145
            ],
            [
              45.20894,
              37.96433
            ],
            [
              45.19898,
              37.95722
            ],
            [
              45.18902,
              37.95011
            ],
            [
              45.17906,
              37.94299
            ],
            [
              45.1691,
              37.93588
            ],
            [
              45.15914,
              37.92876
            ],
            [
              45.14918,
              37.92165
            ],
            [
              45.14836,
              37.90642
            ],
            [
              45.1575,
              37.89831
            ],
            [
              45.16664,
              37.8902
            ],
            [
              45.17578,
              37.88209
            ],
            [
              45.18491,
              37.87398
            ],
            [
              45.19405,
              37.86586
            ],
            [
              45.20319,
              37.85775
            ],
            [
              45.21232,
              37.84964
            ],
            [
              45.22146,
              37.84153
            ],
            [
              45.2306,
              37.83341
            ],
            [
              45.23974,
              37.8253
            ],
            [
              45.24887,
              37.81719
            ],
            [
              45.25801,
              37.80908
            ],
            [
              45.26715,
              37.80097
            ],
            [
              45.27629,
              37.79285
            ],
            [
              45.28542,
              37.78474
            ],
            [
              45.29456,
              37.77663
            ],
            [
              45.3037,
              37.76852
            ],
            [
              45.31284,
              37.7604
            ],
            [
              45.32197,
              37.75229
            ],
            [
              45.33111,
              37.74418
            ],
            [
              45.34025,
              37.73607
            ],
            [
              45.34939,
              37.72796
            ],
            [
              45.34856,
              37.71273
            ],
            [
              45.34774,
              37.6975
            ],
            [
              45.34692,
              37.68228
            ],
            [
              45.3461,
              37.66705
            ],
            [
              45.34528,
              37.65183
            ],
            [
              45.34445,
              37.6366
            ],
            [
              45.34363,
              37.62137
            ],
            [
              45.34281,
              37.60615
            ],
            [
              45.34199,
              37.59092
            ],
            [
              45.34117,
              37.5757
            ],
            [
              45.3503,
              37.56758
            ],
            [
              45.35944,
              37.55947
            ],
            [
              45.35862,
              37.54425
            ],
            [
              45.3578,
              37.52902
            ],
            [
              45.35698,
              37.51379
            ],
            [
              45.35615,
              37.49857
            ],
            [
              45.35533,
              37.48334
            ],
            [
              45.35451,
              37.46812
            ],
            [
              45.35369,
              37.45289
            ],
            [
              45.36282,
              37.44478
            ],
            [
              45.37196,
              37.43666
            ],
            [
              45.37114,
              37.42144
            ],
            [
              45.38028,
              37.41333
            ],
            [
              45.38942,
              37.40521
            ],
            [
              45.38859,
              37.38999
            ],
            [
              45.39773,
              37.38188
            ],
            [
              45.40687,
              37.37376
            ],
            [
              45.40605,
              37.35854
            ],
            [
              45.40522,
              37.34331
            ],
            [
              45.4044,
              37.32809
            ],
            [
              45.40358,
              37.31286
            ],
            [
              45.40276,
              37.29763
            ],
            [
              45.40194,
              37.28241
            ],
            [
              45.41107,
              37.2743
            ],
            [
              45.42021,
              37.26618
            ],
            [
              45.42935,
              37.25807
            ],
            [
              45.43849,
              37.24996
            ],
            [
              45.44762,
              37.24185
            ],
            [
              45.45676,
              37.23373
            ],
            [
              45.4659,
              37.22562
            ],
            [
              45.47504,
              37.21751
            ],
            [
              45.48417,
              37.2094
            ],
            [
              45.49331,
              37.20129
            ],
            [
              45.50245,
              37.19317
            ],
            [
              45.51159,
              37.18506
            ],
            [
              45.52072,
              37.17695
            ],
            [
              45.52986,
              37.16884
            ],
            [
              45.539,
              37.16072
            ],
            [
              45.54813,
              37.15261
            ],
            [
              45.55727,
              37.1445
            ],
            [
              45.56641,
              37.13639
            ],
            [
              45.57555,
              37.12828
            ],
            [
              45.58468,
              37.12016
            ],
            [
              45.59382,
              37.11205
            ],
            [
              45.61292,
              37.11105
            ],
            [
              45.62206,
              37.10294
            ],
            [
              45.63119,
              37.09483
            ],
            [
              45.64033,
              37.08672
            ],
            [
              45.64947,
              37.0786
            ],
            [
              45.65861,
              37.07049
            ],
            [
              45.66774,
              37.06238
            ],
            [
              45.67688,
              37.05427
            ],
            [
              45.68602,
              37.04615
            ],
            [
              45.69516,
              37.03804
            ],
            [
              45.70429,
              37.02993
            ],
            [
              45.71343,
              37.02182
            ],
            [
              45.72257,
              37.01371
            ],
            [
              45.73171,
              37.00559
            ],
            [
              45.74084,
              36.99748
            ],
            [
              45.74998,
              36.98937
            ],
            [
              45.75912,
              36.98126
            ],
            [
              45.76825,
              36.97315
            ],
            [
              45.77739,
              36.96503
            ],
            [
              45.78653,
              36.95692
            ],
            [
              45.79567,
              36.94881
            ],
            [
              45.8048,
              36.9407
            ],
            [
              45.79484,
              36.93358
            ],
            [
              45.78489,
              36.92647
            ],
            [
              45.77493,
              36.91935
            ],
            [
              45.76497,
              36.91224
            ],
            [
              45.75501,
              36.90513
            ],
            [
              45.74505,
              36.89801
            ],
            [
              45.73509,
              36.8909
            ],
            [
              45.72513,
              36.88379
            ],
            [
              45.71517,
              36.87667
            ],
            [
              45.70521,
              36.86956
            ],
            [
              45.69525,
              36.86244
            ],
            [
              45.68529,
              36.85533
            ],
            [
              45.67533,
              36.84822
            ],
            [
              45.66537,
              36.8411
            ],
            [
              45.65541,
              36.83399
            ],
            [
              45.63632,
              36.83499
            ],
            [
              45.61722,
              36.83599
            ],
            [
              45.59812,
              36.83698
            ],
            [
              45.57903,
              36.83798
            ],
            [
              45.55993,
              36.83898
            ],
            [
              45.54083,
              36.83998
            ],
            [
              45.52174,
              36.84098
            ],
            [
              45.50264,
              36.84198
            ],
            [
              45.48354,
              36.84297
            ],
            [
              45.46445,
              36.84397
            ],
            [
              45.44535,
              36.84497
            ],
            [
              45.42625,
              36.84597
            ],
            [
              45.41629,
              36.83886
            ],
            [
              45.40633,
              36.83174
            ],
            [
              45.38724,
              36.83274
            ],
            [
              45.36814,
              36.83374
            ],
            [
              45.34904,
              36.83474
            ],
            [
              45.32995,
              36.83574
            ],
            [
              45.31085,
              36.83673
            ],
            [
              45.30171,
              36.84485
            ],
            [
              45.29258,
              36.85296
            ],
            [
              45.27348,
              36.85396
            ],
            [
              45.25438,
              36.85496
            ],
            [
              45.23529,
              36.85595
            ],
            [
              45.21619,
              36.85695
            ],
            [
              45.19709,
              36.85795
            ],
            [
              45.178,
              36.85895
            ],
            [
              45.1589,
              36.85995
            ],
            [
              45.1398,
              36.86095
            ],
            [
              45.1207,
              36.86194
            ],
            [
              45.10161,
              36.86294
            ],
            [
              45.08251,
              36.86394
            ],
            [
              45.06341,
              36.86494
            ],
            [
              45.04432,
              36.86594
            ],
            [
              45.02522,
              36.86694
            ],
            [
              45.00612,
              36.86793
            ],
            [
              44.99699,
              36.87605
            ],
            [
              44.98785,
              36.88416
            ],
            [
              44.96875,
              36.88516
            ],
            [
              44.95962,
              36.89327
            ],
            [
              44.95048,
              36.90138
            ],
            [
              44.94134,
              36.90949
            ],
            [
              44.9322,
              36.91761
            ],
            [
              44.92307,
              36.92572
            ],
            [
              44.91393,
              36.93383
            ],
            [
              44.90479,
              36.94194
            ],
            [
              44.89565,
              36.95005
            ],
            [
              44.87656,
              36.95105
            ],
            [
              44.86742,
              36.95917
            ],
            [
              44.85828,
              36.96728
            ],
            [
              44.84914,
              36.97539
            ],
            [
              44.84001,
              36.9835
            ],
            [
              44.83087,
              36.99161
            ],
            [
              44.82173,
              36.99973
            ],
            [
              44.81259,
              37.00784
            ],
            [
              44.80346,
              37.01595
            ],
            [
              44.79432,
              37.02406
            ],
            [
              44.78518,
              37.03218
            ],
            [
              44.77605,
              37.04029
            ],
            [
              44.76691,
              37.0484
            ],
            [
              44.75777,
              37.05651
            ],
            [
              44.74863,
              37.06462
            ],
            [
              44.7395,
              37.07274
            ],
            [
              44.73036,
              37.08085
            ],
            [
              44.72122,
              37.08896
            ],
            [
              44.71208,
              37.09707
            ],
            [
              44.70295,
              37.10519
            ],
            [
              44.69381,
              37.1133
            ],
            [
              44.68467,
              37.12141
            ],
            [
              44.67553,
              37.12952
            ],
            [
              44.6664,
              37.13763
            ],
            [
              44.66722,
              37.15286
            ],
            [
              44.67718,
              37.15997
            ],
            [
              44.68714,
              37.16709
            ],
            [
              44.68796,
              37.18231
            ],
            [
              44.69792,
              37.18943
            ],
            [
              44.70788,
              37.19654
            ],
            [
              44.71784,
              37.20366
            ],
            [
              44.7278,
              37.21077
            ],
            [
              44.72862,
              37.226
            ],
            [
              44.72944,
              37.24122
            ],
            [
              44.73026,
              37.25645
            ],
            [
              44.73108,
              37.27167
            ],
            [
              44.73191,
              37.2869
            ],
            [
              44.73273,
              37.30213
            ],
            [
              44.73355,
              37.31735
            ],
            [
              44.72441,
              37.32546
            ],
            [
              44.71528,
              37.33358
            ],
            [
              44.7161,
              37.3488
            ],
            [
              44.70696,
              37.35691
            ],
            [
              44.68786,
              37.35791
            ],
            [
              44.67873,
              37.36602
            ],
            [
              44.66959,
              37.37414
            ],
            [
              44.65049,
              37.37514
            ],
            [
              44.64135,
              37.38325
            ],
            [
              44.63222,
              37.39136
            ],
            [
              44.61312,
              37.39236
            ],
            [
              44.59402,
              37.39336
            ],
            [
              44.58489,
              37.40147
            ],
            [
              44.57575,
              37.40958
            ],
            [
              44.55665,
              37.41058
            ],
            [
              44.54751,
              37.41869
            ],
            [
              44.53838,
              37.4268
            ],
            [
              44.52924,
              37.43492
            ],
            [
              44.5201,
              37.44303
            ],
            [
              44.51096,
              37.45114
            ],
            [
              44.50183,
              37.45925
            ],
            [
              44.49269,
              37.46736
            ],
            [
              44.48355,
              37.47548
            ],
            [
              44.46446,
              37.47648
            ],
            [
              44.45532,
              37.48459
            ],
            [
              44.45614,
              37.49981
            ],
            [
              44.447,
              37.50793
            ],
            [
              44.43787,
              37.51604
            ],
            [
              44.42873,
              37.52415
            ],
            [
              44.41959,
              37.53226
            ],
            [
              44.42041,
              37.54749
            ],
            [
              44.42123,
              37.56271
            ],
            [
              44.42206,
              37.57794
            ],
            [
              44.42288,
              37.59317
            ],
            [
              44.4237,
              37.60839
            ],
            [
              44.42452,
              37.62362
            ],
            [
              44.42534,
              37.63884
            ],
            [
              44.42617,
              37.65407
            ],
            [
              44.42699,
              37.6693
            ],
            [
              44.41785,
              37.67741
            ],
            [
              44.39875,
              37.67841
            ],
            [
              44.37966,
              37.67941
            ],
            [
              44.37052,
              37.68752
            ],
            [
              44.36138,
              37.69563
            ],
            [
              44.34229,
              37.69663
            ],
            [
              44.32319,
              37.69763
            ],
            [
              44.31405,
              37.70574
            ],
            [
              44.30491,
              37.71385
            ],
            [
              44.29578,
              37.72196
            ],
            [
              44.28664,
              37.73008
            ],
            [
              44.2775,
              37.73819
            ],
            [
              44.27832,
              37.75341
            ],
            [
              44.28828,
              37.76053
            ],
            [
              44.29824,
              37.76764
            ],
            [
              44.3082,
              37.77476
            ],
            [
              44.3273,
              37.77376
            ],
            [
              44.3464,
              37.77276
            ],
            [
              44.35635,
              37.77987
            ],
            [
              44.35718,
              37.7951
            ],
            [
              44.358,
              37.81032
            ],
            [
              44.35882,
              37.82555
            ],
            [
              44.34968,
              37.83366
            ],
            [
              44.34055,
              37.84177
            ],
            [
              44.34137,
              37.857
            ],
            [
              44.34219,
              37.87223
            ],
            [
              44.35215,
              37.87934
            ],
            [
              44.36211,
              37.88645
            ],
            [
              44.37207,
              37.89357
            ],
            [
              44.38203,
              37.90068
            ],
            [
              44.39199,
              37.9078
            ],
            [
              44.41108,
              37.9068
            ],
            [
              44.43018,
              37.9058
            ],
            [
              44.44014,
              37.91291
            ],
            [
              44.4501,
              37.92003
            ],
            [
              44.46006,
              37.92714
            ],
            [
              44.47002,
              37.93425
            ],
            [
              44.47998,
              37.94137
            ],
            [
              44.48994,
              37.94848
            ],
            [
              44.50903,
              37.94748
            ],
            [
              44.51899,
              37.9546
            ],
            [
              44.52895,
              37.96171
            ],
            [
              44.53891,
              37.96883
            ],
            [
              44.54887,
              37.97594
            ],
            [
              44.55883,
              37.98305
            ],
            [
              44.55965,
              37.99828
            ],
            [
              44.56047,
              38.01351
            ],
            [
              44.5613,
              38.02873
            ],
            [
              44.56212,
              38.04396
            ],
            [
              44.56294,
              38.05918
            ],
            [
              44.56376,
              38.07441
            ],
            [
              44.56458,
              38.08964
            ],
            [
              44.55545,
              38.09775
            ],
            [
              44.54631,
              38.10586
            ],
            [
              44.53717,
              38.11397
            ],
            [
              44.52803,
              38.12208
            ],
            [
              44.5189,
              38.1302
            ],
            [
              44.50976,
              38.13831
            ],
            [
              44.51058,
              38.15353
            ],
            [
              44.50144,
              38.16165
            ],
            [
              44.49231,
              38.16976
            ],
            [
              44.48317,
              38.17787
            ],
            [
              44.47403,
              38.18598
            ],
            [
              44.46489,
              38.1941
            ],
            [
              44.45576,
              38.20221
            ],
            [
              44.44662,
              38.21032
            ],
            [
              44.42752,
              38.21132
            ],
            [
              44.40842,
              38.21232
            ],
            [
              44.38933,
              38.21332
            ],
            [
              44.38019,
              38.22143
            ],
            [
              44.37105,
              38.22954
            ],
            [
              44.36192,
              38.23765
            ],
            [
              44.36274,
              38.25288
            ],
            [
              44.36356,
              38.2681
            ],
            [
              44.36438,
              38.28333
            ],
            [
              44.3652,
              38.29856
            ],
            [
              44.36603,
              38.31378
            ],
            [
              44.36685,
              38.32901
            ],
            [
              44.37681,
              38.33612
            ],
            [
              44.38677,
              38.34324
            ],
            [
              44.39673,
              38.35035
            ],
            [
              44.40668,
              38.35746
            ],
            [
              44.41664,
              38.36458
            ],
            [
              44.4266,
              38.37169
            ],
            [
              44.43656,
              38.3788
            ],
            [
              44.45566,
              38.37781
            ],
            [
              44.47476,
              38.37681
            ],
            [
              44.48472,
              38.38392
            ],
            [
              44.49468,
              38.39104
            ],
            [
              44.50463,
              38.39815
            ],
            [
              44.51459,
              38.40526
            ],
            [
              44.53369,
              38.40426
            ],
            [
              44.54365,
              38.41138
            ],
            [
              44.55361,
              38.41849
            ],
            [
              44.57271,
              38.41749
            ],
            [
              44.5918,
              38.4165
            ],
            [
              44.6109,
              38.4155
            ],
            [
              44.63,
              38.4145
            ],
            [
              44.64909,
              38.4135
            ],
            [
              44.66819,
              38.4125
            ],
            [
              44.68729,
              38.4115
            ],
            [
              44.70638,
              38.41051
            ],
            [
              44.72548,
              38.40951
            ],
            [
              44.73544,
              38.41662
            ],
            [
              44.7454,
              38.42373
            ],
            [
              44.75536,
              38.43085
            ],
            [
              44.75618,
              38.44607
            ],
            [
              44.76614,
              38.45319
            ],
            [
              44.7761,
              38.4603
            ],
            [
              44.77692,
              38.47553
            ],
            [
              44.78688,
              38.48264
            ],
            [
              44.79684,
              38.48976
            ],
            [
              44.79766,
              38.50498
            ],
            [
              44.79848,
              38.52021
            ],
            [
              44.79931,
              38.53543
            ],
            [
              44.80926,
              38.54255
            ],
            [
              44.81922,
              38.54966
            ],
            [
              44.82005,
              38.56489
            ],
            [
              44.82087,
              38.58011
            ],
            [
              44.82169,
              38.59534
            ],
            [
              44.82251,
              38.61057
            ],
            [
              44.82333,
              38.62579
            ],
            [
              44.82416,
              38.64102
            ],
            [
              44.82498,
              38.65624
            ],
            [
              44.8258,
              38.67147
            ],
            [
              44.82662,
              38.6867
            ],
            [
              44.82744,
              38.70192
            ],
            [
              44.82827,
              38.71715
            ],
            [
              44.83822,
              38.72426
            ],
            [
              44.84818,
              38.73138
            ],
            [
              44.84901,
              38.7466
            ],
            [
              44.85897,
              38.75372
            ],
            [
              44.86892,
              38.76083
            ],
            [
              44.86975,
              38.77606
            ],
            [
              44.87971,
              38.78317
            ],
            [
              44.88967,
              38.79028
            ],
            [
              44.89962,
              38.7974
            ],
            [
              44.91872,
              38.7964
            ],
            [
              44.92868,
              38.80351
            ],
            [
              44.93864,
              38.81063
            ]
          ]
        ]
      }
    }
  ],
  "metadata": {
    "territoryMeasurements": {
      "method": "Geodesic calculation on the WGS84 ellipsoid from the supplied GeoJSON geometry",
      "areaUnit": "km²",
      "distanceUnit": "km",
      "generatedForVersion": "1.3.0",
      "note": "Historical boundaries are interpretive; measurements are cartographic estimates, not legal or cadastral values."
    }
  }
}
