{
  "type": "FeatureCollection",
  "name": "Western and Eastern Armenia map coverage",
  "properties": {
    "sourceFile": "map-coverage-source.geojson",
    "sourceFeatureIds": [
      "provinces",
      "regions"
    ],
    "coverageFeatureId": "provinces",
    "method": "The uploaded provinces coverage polygon was partitioned by the Western/Eastern membership of the 15 province polygons. Tiny source precision slivers were assigned to the touching division so the two output polygons cover the uploaded boundary exactly without overlap."
  },
  "features": [
    {
      "type": "Feature",
      "properties": {
        "id": "western",
        "nameHy": "Արևմտյան Հայաստան",
        "nameEn": "Western Armenia",
        "provinceCount": 9,
        "provinceIds": [
          "tayk",
          "upper-armenia",
          "vaspurakan",
          "turuberan",
          "tsopk",
          "aghdznik",
          "moks",
          "korchayk",
          "parskahayk"
        ],
        "labelCenter": [
          41.65,
          39.05
        ],
        "coverageSourceFeatureId": "provinces",
        "source": "Partitioned from the user-uploaded map coverage with the 15 historical province boundaries",
        "metrics": {
          "areaKm2": 194097,
          "perimeterKm": 2929,
          "eastWestKm": 814,
          "northSouthKm": 506,
          "centroid": [
            42.29557,
            38.93251
          ],
          "sharePercent": 61.1
        }
      },
      "geometry": {
        "type": "Polygon",
        "coordinates": [
          [
            [
              41.49029,
              37.72358
            ],
            [
              41.49943,
              37.71547
            ],
            [
              41.50857,
              37.70736
            ],
            [
              41.51771,
              37.69924
            ],
            [
              41.52684,
              37.69113
            ],
            [
              41.53598,
              37.68302
            ],
            [
              41.54512,
              37.67491
            ],
            [
              41.55425,
              37.6668
            ],
            [
              41.56339,
              37.65868
            ],
            [
              41.57253,
              37.65057
            ],
            [
              41.58167,
              37.64246
            ],
            [
              41.5908,
              37.63435
            ],
            [
              41.58998,
              37.61912
            ],
            [
              41.58916,
              37.60389
            ],
            [
              41.5983,
              37.59578
            ],
            [
              41.60744,
              37.58767
            ],
            [
              41.61657,
              37.57956
            ],
            [
              41.62571,
              37.57145
            ],
            [
              41.63485,
              37.56333
            ],
            [
              41.64399,
              37.55522
            ],
            [
              41.65312,
              37.54711
            ],
            [
              41.66226,
              37.539
            ],
            [
              41.6714,
              37.53088
            ],
            [
              41.68053,
              37.52277
            ],
            [
              41.68967,
              37.51466
            ],
            [
              41.69881,
              37.50655
            ],
            [
              41.70795,
              37.49844
            ],
            [
              41.71708,
              37.49032
            ],
            [
              41.72622,
              37.48221
            ],
            [
              41.73536,
              37.4741
            ],
            [
              41.7445,
              37.46599
            ],
            [
              41.75363,
              37.45787
            ],
            [
              41.76277,
              37.44976
            ],
            [
              41.78187,
              37.44876
            ],
            [
              41.80096,
              37.44777
            ],
            [
              41.8101,
              37.43965
            ],
            [
              41.81924,
              37.43154
            ],
            [
              41.83834,
              37.43054
            ],
            [
              41.84747,
              37.42243
            ],
            [
              41.85661,
              37.41432
            ],
            [
              41.87571,
              37.41332
            ],
            [
              41.88485,
              37.40521
            ],
            [
              41.89398,
              37.3971
            ],
            [
              41.90312,
              37.38898
            ],
            [
              41.91226,
              37.38087
            ],
            [
              41.9214,
              37.37276
            ],
            [
              41.93053,
              37.36465
            ],
            [
              41.93967,
              37.35653
            ],
            [
              41.94881,
              37.34842
            ],
            [
              41.95794,
              37.34031
            ],
            [
              41.96708,
              37.3322
            ],
            [
              41.97622,
              37.32409
            ],
            [
              41.98536,
              37.31597
            ],
            [
              41.99449,
              37.30786
            ],
            [
              42.00363,
              37.29975
            ],
            [
              42.01277,
              37.29164
            ],
            [
              42.02191,
              37.28352
            ],
            [
              42.03104,
              37.27541
            ],
            [
              42.04018,
              37.2673
            ],
            [
              42.04932,
              37.25919
            ],
            [
              42.05846,
              37.25108
            ],
            [
              42.06759,
              37.24296
            ],
            [
              42.07673,
              37.23485
            ],
            [
              42.08587,
              37.22674
            ],
            [
              42.09501,
              37.21863
            ],
            [
              42.10414,
              37.21051
            ],
            [
              42.11328,
              37.2024
            ],
            [
              42.12242,
              37.19429
            ],
            [
              42.13156,
              37.18618
            ],
            [
              42.14069,
              37.17807
            ],
            [
              42.14983,
              37.16995
            ],
            [
              42.15897,
              37.16184
            ],
            [
              42.16811,
              37.15373
            ],
            [
              42.17724,
              37.14562
            ],
            [
              42.18638,
              37.1375
            ],
            [
              42.19552,
              37.12939
            ],
            [
              42.20465,
              37.12128
            ],
            [
              42.22375,
              37.12028
            ],
            [
              42.24285,
              37.11928
            ],
            [
              42.26194,
              37.11828
            ],
            [
              42.28104,
              37.11729
            ],
            [
              42.30014,
              37.11629
            ],
            [
              42.31924,
              37.11529
            ],
            [
              42.33833,
              37.11429
            ],
            [
              42.35743,
              37.11329
            ],
            [
              42.37653,
              37.11229
            ],
            [
              42.39562,
              37.1113
            ],
            [
              42.41472,
              37.1103
            ],
            [
              42.43382,
              37.1093
            ],
            [
              42.45291,
              37.1083
            ],
            [
              42.47201,
              37.1073
            ],
            [
              42.48115,
              37.09919
            ],
            [
              42.49028,
              37.09108
            ],
            [
              42.50938,
              37.09008
            ],
            [
              42.51934,
              37.09719
            ],
            [
              42.5293,
              37.10431
            ],
            [
              42.53844,
              37.0962
            ],
            [
              42.54757,
              37.08808
            ],
            [
              42.56667,
              37.08708
            ],
            [
              42.58577,
              37.08609
            ],
            [
              42.59491,
              37.07797
            ],
            [
              42.60404,
              37.06986
            ],
            [
              42.61318,
              37.06175
            ],
            [
              42.62232,
              37.05364
            ],
            [
              42.63145,
              37.04553
            ],
            [
              42.64059,
              37.03741
            ],
            [
              42.65969,
              37.03641
            ],
            [
              42.67879,
              37.03542
            ],
            [
              42.69788,
              37.03442
            ],
            [
              42.71698,
              37.03342
            ],
            [
              42.73608,
              37.03242
            ],
            [
              42.75517,
              37.03142
            ],
            [
              42.77427,
              37.03042
            ],
            [
              42.79337,
              37.02943
            ],
            [
              42.81246,
              37.02843
            ],
            [
              42.83156,
              37.02743
            ],
            [
              42.85066,
              37.02643
            ],
            [
              42.86975,
              37.02543
            ],
            [
              42.88885,
              37.02443
            ],
            [
              42.89799,
              37.01632
            ],
            [
              42.90712,
              37.00821
            ],
            [
              42.92622,
              37.00721
            ],
            [
              42.94532,
              37.00621
            ],
            [
              42.95446,
              36.9981
            ],
            [
              42.96359,
              36.98999
            ],
            [
              42.98269,
              36.98899
            ],
            [
              42.99183,
              36.98088
            ],
            [
              43.00096,
              36.97277
            ],
            [
              43.02006,
              36.97177
            ],
            [
              43.03916,
              36.97077
            ],
            [
              43.05826,
              36.96977
            ],
            [
              43.07735,
              36.96877
            ],
            [
              43.09645,
              36.96777
            ],
            [
              43.11555,
              36.96677
            ],
            [
              43.13464,
              36.96578
            ],
            [
              43.1446,
              36.97289
            ],
            [
              43.15456,
              36.98
            ],
            [
              43.16452,
              36.98712
            ],
            [
              43.17448,
              36.99423
            ],
            [
              43.18444,
              37.00135
            ],
            [
              43.1944,
              37.00846
            ],
            [
              43.20436,
              37.01557
            ],
            [
              43.21432,
              37.02269
            ],
            [
              43.22428,
              37.0298
            ],
            [
              43.23424,
              37.03691
            ],
            [
              43.2442,
              37.04403
            ],
            [
              43.25415,
              37.05114
            ],
            [
              43.26411,
              37.05826
            ],
            [
              43.27407,
              37.06537
            ],
            [
              43.28403,
              37.07248
            ],
            [
              43.29399,
              37.0796
            ],
            [
              43.30395,
              37.08671
            ],
            [
              43.31391,
              37.09383
            ],
            [
              43.32387,
              37.10094
            ],
            [
              43.33383,
              37.10805
            ],
            [
              43.35293,
              37.10705
            ],
            [
              43.36289,
              37.11417
            ],
            [
              43.37284,
              37.12128
            ],
            [
              43.3828,
              37.1284
            ],
            [
              43.39276,
              37.13551
            ],
            [
              43.40272,
              37.14262
            ],
            [
              43.41268,
              37.14974
            ],
            [
              43.42264,
              37.15685
            ],
            [
              43.4326,
              37.16397
            ],
            [
              43.44256,
              37.17108
            ],
            [
              43.45252,
              37.17819
            ],
            [
              43.46248,
              37.18531
            ],
            [
              43.47244,
              37.19242
            ],
            [
              43.4824,
              37.19953
            ],
            [
              43.49236,
              37.20665
            ],
            [
              43.50232,
              37.21376
            ],
            [
              43.51228,
              37.22088
            ],
            [
              43.52223,
              37.22799
            ],
            [
              43.53219,
              37.2351
            ],
            [
              43.55129,
              37.23411
            ],
            [
              43.57039,
              37.23311
            ],
            [
              43.58948,
              37.23211
            ],
            [
              43.59944,
              37.23922
            ],
            [
              43.6094,
              37.24634
            ],
            [
              43.61936,
              37.25345
            ],
            [
              43.62932,
              37.26056
            ],
            [
              43.63928,
              37.26768
            ],
            [
              43.64924,
              37.27479
            ],
            [
              43.6592,
              37.2819
            ],
            [
              43.66916,
              37.28902
            ],
            [
              43.67912,
              37.29613
            ],
            [
              43.68908,
              37.30325
            ],
            [
              43.70817,
              37.30225
            ],
            [
              43.72727,
              37.30125
            ],
            [
              43.74637,
              37.30025
            ],
            [
              43.76547,
              37.29925
            ],
            [
              43.78456,
              37.29825
            ],
            [
              43.80366,
              37.29726
            ],
            [
              43.82276,
              37.29626
            ],
            [
              43.84185,
              37.29526
            ],
            [
              43.86095,
              37.29426
            ],
            [
              43.88005,
              37.29326
            ],
            [
              43.88918,
              37.28515
            ],
            [
              43.89832,
              37.27704
            ],
            [
              43.91742,
              37.27604
            ],
            [
              43.92655,
              37.26793
            ],
            [
              43.93569,
              37.25982
            ],
            [
              43.95479,
              37.25882
            ],
            [
              43.97389,
              37.25782
            ],
            [
              43.99298,
              37.25682
            ],
            [
              44.00212,
              37.24871
            ],
            [
              44.01126,
              37.2406
            ],
            [
              44.03035,
              37.2396
            ],
            [
              44.04945,
              37.2386
            ],
            [
              44.06855,
              37.2376
            ],
            [
              44.08764,
              37.2366
            ],
            [
              44.10674,
              37.2356
            ],
            [
              44.12584,
              37.23461
            ],
            [
              44.14493,
              37.23361
            ],
            [
              44.16403,
              37.23261
            ],
            [
              44.18313,
              37.23161
            ],
            [
              44.20222,
              37.23061
            ],
            [
              44.22132,
              37.22961
            ],
            [
              44.23128,
              37.23673
            ],
            [
              44.24124,
              37.24384
            ],
            [
              44.26034,
              37.24284
            ],
            [
              44.27943,
              37.24184
            ],
            [
              44.28857,
              37.23373
            ],
            [
              44.29771,
              37.22562
            ],
            [
              44.31681,
              37.22462
            ],
            [
              44.3359,
              37.22362
            ],
            [
              44.34504,
              37.21551
            ],
            [
              44.35418,
              37.2074
            ],
            [
              44.37327,
              37.2064
            ],
            [
              44.38241,
              37.19829
            ],
            [
              44.39155,
              37.19018
            ],
            [
              44.41065,
              37.18918
            ],
            [
              44.42974,
              37.18818
            ],
            [
              44.44884,
              37.18718
            ],
            [
              44.46794,
              37.18618
            ],
            [
              44.48703,
              37.18518
            ],
            [
              44.50613,
              37.18419
            ],
            [
              44.52523,
              37.18319
            ],
            [
              44.54432,
              37.18219
            ],
            [
              44.56342,
              37.18119
            ],
            [
              44.58252,
              37.18019
            ],
            [
              44.60161,
              37.17919
            ],
            [
              44.62071,
              37.1782
            ],
            [
              44.62985,
              37.17008
            ],
            [
              44.63898,
              37.16197
            ],
            [
              44.64812,
              37.15386
            ],
            [
              44.65726,
              37.14575
            ],
            [
              44.6664,
              37.13763
            ],
            [
              44.67553,
              37.12952
            ],
            [
              44.68467,
              37.12141
            ],
            [
              44.69381,
              37.1133
            ],
            [
              44.70295,
              37.10519
            ],
            [
              44.71208,
              37.09707
            ],
            [
              44.72122,
              37.08896
            ],
            [
              44.73036,
              37.08085
            ],
            [
              44.7395,
              37.07274
            ],
            [
              44.74863,
              37.06462
            ],
            [
              44.75777,
              37.05651
            ],
            [
              44.76691,
              37.0484
            ],
            [
              44.77605,
              37.04029
            ],
            [
              44.78518,
              37.03218
            ],
            [
              44.79432,
              37.02406
            ],
            [
              44.80346,
              37.01595
            ],
            [
              44.81259,
              37.00784
            ],
            [
              44.82173,
              36.99973
            ],
            [
              44.83087,
              36.99161
            ],
            [
              44.84001,
              36.9835
            ],
            [
              44.84914,
              36.97539
            ],
            [
              44.85828,
              36.96728
            ],
            [
              44.86742,
              36.95917
            ],
            [
              44.87656,
              36.95105
            ],
            [
              44.89565,
              36.95005
            ],
            [
              44.90479,
              36.94194
            ],
            [
              44.91393,
              36.93383
            ],
            [
              44.92307,
              36.92572
            ],
            [
              44.9322,
              36.91761
            ],
            [
              44.94134,
              36.90949
            ],
            [
              44.95048,
              36.90138
            ],
            [
              44.95962,
              36.89327
            ],
            [
              44.96875,
              36.88516
            ],
            [
              44.98785,
              36.88416
            ],
            [
              44.99699,
              36.87605
            ],
            [
              45.00612,
              36.86793
            ],
            [
              45.02522,
              36.86694
            ],
            [
              45.04432,
              36.86594
            ],
            [
              45.06341,
              36.86494
            ],
            [
              45.08251,
              36.86394
            ],
            [
              45.10161,
              36.86294
            ],
            [
              45.1207,
              36.86194
            ],
            [
              45.1398,
              36.86095
            ],
            [
              45.1589,
              36.85995
            ],
            [
              45.178,
              36.85895
            ],
            [
              45.19709,
              36.85795
            ],
            [
              45.21619,
              36.85695
            ],
            [
              45.23529,
              36.85595
            ],
            [
              45.25438,
              36.85496
            ],
            [
              45.27348,
              36.85396
            ],
            [
              45.29258,
              36.85296
            ],
            [
              45.30171,
              36.84485
            ],
            [
              45.31085,
              36.83673
            ],
            [
              45.32995,
              36.83574
            ],
            [
              45.34904,
              36.83474
            ],
            [
              45.36814,
              36.83374
            ],
            [
              45.38724,
              36.83274
            ],
            [
              45.40633,
              36.83174
            ],
            [
              45.41629,
              36.83886
            ],
            [
              45.42625,
              36.84597
            ],
            [
              45.44535,
              36.84497
            ],
            [
              45.46445,
              36.84397
            ],
            [
              45.48354,
              36.84297
            ],
            [
              45.50264,
              36.84198
            ],
            [
              45.52174,
              36.84098
            ],
            [
              45.54083,
              36.83998
            ],
            [
              45.55993,
              36.83898
            ],
            [
              45.57903,
              36.83798
            ],
            [
              45.59812,
              36.83698
            ],
            [
              45.61722,
              36.83599
            ],
            [
              45.63632,
              36.83499
            ],
            [
              45.65541,
              36.83399
            ],
            [
              45.66537,
              36.8411
            ],
            [
              45.67533,
              36.84822
            ],
            [
              45.68529,
              36.85533
            ],
            [
              45.69525,
              36.86244
            ],
            [
              45.70521,
              36.86956
            ],
            [
              45.71517,
              36.87667
            ],
            [
              45.72513,
              36.88379
            ],
            [
              45.73509,
              36.8909
            ],
            [
              45.74505,
              36.89801
            ],
            [
              45.75501,
              36.90513
            ],
            [
              45.76497,
              36.91224
            ],
            [
              45.77493,
              36.91935
            ],
            [
              45.78489,
              36.92647
            ],
            [
              45.79484,
              36.93358
            ],
            [
              45.8048,
              36.9407
            ],
            [
              45.79567,
              36.94881
            ],
            [
              45.78653,
              36.95692
            ],
            [
              45.77739,
              36.96503
            ],
            [
              45.76825,
              36.97315
            ],
            [
              45.75912,
              36.98126
            ],
            [
              45.74998,
              36.98937
            ],
            [
              45.74084,
              36.99748
            ],
            [
              45.73171,
              37.00559
            ],
            [
              45.72257,
              37.01371
            ],
            [
              45.71343,
              37.02182
            ],
            [
              45.70429,
              37.02993
            ],
            [
              45.69516,
              37.03804
            ],
            [
              45.68602,
              37.04615
            ],
            [
              45.67688,
              37.05427
            ],
            [
              45.66774,
              37.06238
            ],
            [
              45.65861,
              37.07049
            ],
            [
              45.64947,
              37.0786
            ],
            [
              45.64033,
              37.08672
            ],
            [
              45.63119,
              37.09483
            ],
            [
              45.62206,
              37.10294
            ],
            [
              45.61292,
              37.11105
            ],
            [
              45.59382,
              37.11205
            ],
            [
              45.58468,
              37.12016
            ],
            [
              45.57555,
              37.12828
            ],
            [
              45.56641,
              37.13639
            ],
            [
              45.55727,
              37.1445
            ],
            [
              45.54813,
              37.15261
            ],
            [
              45.539,
              37.16072
            ],
            [
              45.52986,
              37.16884
            ],
            [
              45.52072,
              37.17695
            ],
            [
              45.51159,
              37.18506
            ],
            [
              45.50245,
              37.19317
            ],
            [
              45.49331,
              37.20129
            ],
            [
              45.48417,
              37.2094
            ],
            [
              45.47504,
              37.21751
            ],
            [
              45.4659,
              37.22562
            ],
            [
              45.45676,
              37.23373
            ],
            [
              45.44762,
              37.24185
            ],
            [
              45.43849,
              37.24996
            ],
            [
              45.42935,
              37.25807
            ],
            [
              45.42021,
              37.26618
            ],
            [
              45.41107,
              37.2743
            ],
            [
              45.40194,
              37.28241
            ],
            [
              45.40276,
              37.29763
            ],
            [
              45.40358,
              37.31286
            ],
            [
              45.4044,
              37.32809
            ],
            [
              45.40522,
              37.34331
            ],
            [
              45.40605,
              37.35854
            ],
            [
              45.40687,
              37.37376
            ],
            [
              45.39773,
              37.38188
            ],
            [
              45.38859,
              37.38999
            ],
            [
              45.38942,
              37.40521
            ],
            [
              45.38028,
              37.41333
            ],
            [
              45.37114,
              37.42144
            ],
            [
              45.37196,
              37.43666
            ],
            [
              45.36282,
              37.44478
            ],
            [
              45.35369,
              37.45289
            ],
            [
              45.35451,
              37.46812
            ],
            [
              45.35533,
              37.48334
            ],
            [
              45.35615,
              37.49857
            ],
            [
              45.35698,
              37.51379
            ],
            [
              45.3578,
              37.52902
            ],
            [
              45.35862,
              37.54425
            ],
            [
              45.35944,
              37.55947
            ],
            [
              45.3503,
              37.56758
            ],
            [
              45.34117,
              37.5757
            ],
            [
              45.34199,
              37.59092
            ],
            [
              45.34281,
              37.60615
            ],
            [
              45.34363,
              37.62137
            ],
            [
              45.34445,
              37.6366
            ],
            [
              45.34528,
              37.65183
            ],
            [
              45.3461,
              37.66705
            ],
            [
              45.34692,
              37.68228
            ],
            [
              45.34774,
              37.6975
            ],
            [
              45.34856,
              37.71273
            ],
            [
              45.34939,
              37.72796
            ],
            [
              45.34025,
              37.73607
            ],
            [
              45.33111,
              37.74418
            ],
            [
              45.32197,
              37.75229
            ],
            [
              45.31284,
              37.7604
            ],
            [
              45.3037,
              37.76852
            ],
            [
              45.29456,
              37.77663
            ],
            [
              45.28542,
              37.78474
            ],
            [
              45.27629,
              37.79285
            ],
            [
              45.26715,
              37.80097
            ],
            [
              45.25801,
              37.80908
            ],
            [
              45.24887,
              37.81719
            ],
            [
              45.23974,
              37.8253
            ],
            [
              45.2306,
              37.83341
            ],
            [
              45.22146,
              37.84153
            ],
            [
              45.21232,
              37.84964
            ],
            [
              45.20319,
              37.85775
            ],
            [
              45.19405,
              37.86586
            ],
            [
              45.18491,
              37.87398
            ],
            [
              45.17578,
              37.88209
            ],
            [
              45.16664,
              37.8902
            ],
            [
              45.1575,
              37.89831
            ],
            [
              45.14836,
              37.90642
            ],
            [
              45.14918,
              37.92165
            ],
            [
              45.15914,
              37.92876
            ],
            [
              45.1691,
              37.93588
            ],
            [
              45.17906,
              37.94299
            ],
            [
              45.18902,
              37.95011
            ],
            [
              45.19898,
              37.95722
            ],
            [
              45.20894,
              37.96433
            ],
            [
              45.2189,
              37.97145
            ],
            [
              45.22886,
              37.97856
            ],
            [
              45.23882,
              37.98568
            ],
            [
              45.24878,
              37.99279
            ],
            [
              45.25874,
              37.9999
            ],
            [
              45.2687,
              38.00702
            ],
            [
              45.27866,
              38.01413
            ],
            [
              45.28862,
              38.02124
            ],
            [
              45.29858,
              38.02836
            ],
            [
              45.30853,
              38.03547
            ],
            [
              45.31849,
              38.04259
            ],
            [
              45.32845,
              38.0497
            ],
            [
              45.33841,
              38.05681
            ],
            [
              45.34837,
              38.06393
            ],
            [
              45.35833,
              38.07104
            ],
            [
              45.36747,
              38.06293
            ],
            [
              45.37661,
              38.05482
            ],
            [
              45.38574,
              38.0467
            ],
            [
              45.39488,
              38.03859
            ],
            [
              45.40402,
              38.03048
            ],
            [
              45.41316,
              38.02237
            ],
            [
              45.42229,
              38.01426
            ],
            [
              45.43143,
              38.00614
            ],
            [
              45.44057,
              37.99803
            ],
            [
              45.44971,
              37.98992
            ],
            [
              45.45884,
              37.98181
            ],
            [
              45.46798,
              37.97369
            ],
            [
              45.47712,
              37.96558
            ],
            [
              45.48625,
              37.95747
            ],
            [
              45.49539,
              37.94936
            ],
            [
              45.50453,
              37.94125
            ],
            [
              45.51367,
              37.93313
            ],
            [
              45.5228,
              37.92502
            ],
            [
              45.53194,
              37.91691
            ],
            [
              45.54108,
              37.9088
            ],
            [
              45.55022,
              37.90068
            ],
            [
              45.55935,
              37.89257
            ],
            [
              45.57845,
              37.89157
            ],
            [
              45.58841,
              37.89869
            ],
            [
              45.59837,
              37.9058
            ],
            [
              45.60751,
              37.89769
            ],
            [
              45.61664,
              37.88958
            ],
            [
              45.63574,
              37.88858
            ],
            [
              45.65484,
              37.88758
            ],
            [
              45.67393,
              37.88658
            ],
            [
              45.69303,
              37.88558
            ],
            [
              45.71213,
              37.88459
            ],
            [
              45.73122,
              37.88359
            ],
            [
              45.75032,
              37.88259
            ],
            [
              45.76028,
              37.8897
            ],
            [
              45.77024,
              37.89682
            ],
            [
              45.78934,
              37.89582
            ],
            [
              45.7993,
              37.90293
            ],
            [
              45.80926,
              37.91005
            ],
            [
              45.82835,
              37.90905
            ],
            [
              45.83831,
              37.91616
            ],
            [
              45.84827,
              37.92327
            ],
            [
              45.85823,
              37.93039
            ],
            [
              45.86819,
              37.9375
            ],
            [
              45.88729,
              37.9365
            ],
            [
              45.89725,
              37.94362
            ],
            [
              45.90721,
              37.95073
            ],
            [
              45.91716,
              37.95785
            ],
            [
              45.92712,
              37.96496
            ],
            [
              45.94622,
              37.96396
            ],
            [
              45.95618,
              37.97107
            ],
            [
              45.96614,
              37.97819
            ],
            [
              45.98524,
              37.97719
            ],
            [
              45.9952,
              37.9843
            ],
            [
              46.00516,
              37.99142
            ],
            [
              46.02425,
              37.99042
            ],
            [
              46.03421,
              37.99753
            ],
            [
              46.04417,
              38.00465
            ],
            [
              46.06327,
              38.00365
            ],
            [
              46.07323,
              38.01076
            ],
            [
              46.08319,
              38.01788
            ],
            [
              46.10228,
              38.01688
            ],
            [
              46.12138,
              38.01588
            ],
            [
              46.13134,
              38.02299
            ],
            [
              46.1413,
              38.03011
            ],
            [
              46.15126,
              38.03722
            ],
            [
              46.16122,
              38.04433
            ],
            [
              46.18031,
              38.04334
            ],
            [
              46.19027,
              38.05045
            ],
            [
              46.20023,
              38.05756
            ],
            [
              46.21019,
              38.06468
            ],
            [
              46.22015,
              38.07179
            ],
            [
              46.23011,
              38.07891
            ],
            [
              46.24007,
              38.08602
            ],
            [
              46.25003,
              38.09313
            ],
            [
              46.25999,
              38.10025
            ],
            [
              46.26995,
              38.10736
            ],
            [
              46.27991,
              38.11447
            ],
            [
              46.28987,
              38.12159
            ],
            [
              46.29983,
              38.1287
            ],
            [
              46.30979,
              38.13582
            ],
            [
              46.31974,
              38.14293
            ],
            [
              46.3297,
              38.15004
            ],
            [
              46.33966,
              38.15716
            ],
            [
              46.34962,
              38.16427
            ],
            [
              46.35958,
              38.17139
            ],
            [
              46.36954,
              38.1785
            ],
            [
              46.37036,
              38.19372
            ],
            [
              46.37119,
              38.20895
            ],
            [
              46.37201,
              38.22418
            ],
            [
              46.38197,
              38.23129
            ],
            [
              46.39193,
              38.2384
            ],
            [
              46.39275,
              38.25363
            ],
            [
              46.40271,
              38.26074
            ],
            [
              46.41267,
              38.26786
            ],
            [
              46.41349,
              38.28308
            ],
            [
              46.41431,
              38.29831
            ],
            [
              46.41513,
              38.31354
            ],
            [
              46.42509,
              38.32065
            ],
            [
              46.43505,
              38.32776
            ],
            [
              46.43587,
              38.34299
            ],
            [
              46.43669,
              38.35822
            ],
            [
              46.44665,
              38.36533
            ],
            [
              46.45661,
              38.37244
            ],
            [
              46.45744,
              38.38767
            ],
            [
              46.46739,
              38.39478
            ],
            [
              46.47735,
              38.4019
            ],
            [
              46.48731,
              38.40901
            ],
            [
              46.49727,
              38.41613
            ],
            [
              46.50723,
              38.42324
            ],
            [
              46.51719,
              38.43035
            ],
            [
              46.52715,
              38.43747
            ],
            [
              46.53711,
              38.44458
            ],
            [
              46.54707,
              38.45169
            ],
            [
              46.55703,
              38.45881
            ],
            [
              46.56699,
              38.46592
            ],
            [
              46.57695,
              38.47304
            ],
            [
              46.58691,
              38.48015
            ],
            [
              46.59687,
              38.48726
            ],
            [
              46.60683,
              38.49438
            ],
            [
              46.61679,
              38.50149
            ],
            [
              46.62674,
              38.5086
            ],
            [
              46.6367,
              38.51572
            ],
            [
              46.64666,
              38.52283
            ],
            [
              46.65662,
              38.52995
            ],
            [
              46.66658,
              38.53706
            ],
            [
              46.67654,
              38.54417
            ],
            [
              46.6865,
              38.55129
            ],
            [
              46.7056,
              38.55029
            ],
            [
              46.72469,
              38.54929
            ],
            [
              46.74379,
              38.54829
            ],
            [
              46.76289,
              38.54729
            ],
            [
              46.78198,
              38.5463
            ],
            [
              46.80108,
              38.5453
            ],
            [
              46.82018,
              38.5443
            ],
            [
              46.83014,
              38.55141
            ],
            [
              46.8401,
              38.55853
            ],
            [
              46.85006,
              38.56564
            ],
            [
              46.86002,
              38.57275
            ],
            [
              46.86997,
              38.57987
            ],
            [
              46.87993,
              38.58698
            ],
            [
              46.89903,
              38.58598
            ],
            [
              46.91813,
              38.58499
            ],
            [
              46.93722,
              38.58399
            ],
            [
              46.94636,
              38.57587
            ],
            [
              46.9555,
              38.56776
            ],
            [
              46.9746,
              38.56676
            ],
            [
              46.99369,
              38.56577
            ],
            [
              47.01279,
              38.56477
            ],
            [
              47.03189,
              38.56377
            ],
            [
              47.05098,
              38.56277
            ],
            [
              47.07008,
              38.56177
            ],
            [
              47.08918,
              38.56077
            ],
            [
              47.10827,
              38.55978
            ],
            [
              47.11741,
              38.55166
            ],
            [
              47.12655,
              38.54355
            ],
            [
              47.14564,
              38.54255
            ],
            [
              47.16474,
              38.54155
            ],
            [
              47.1747,
              38.54867
            ],
            [
              47.18466,
              38.55578
            ],
            [
              47.19462,
              38.5629
            ],
            [
              47.20458,
              38.57001
            ],
            [
              47.21454,
              38.57712
            ],
            [
              47.2245,
              38.58424
            ],
            [
              47.23446,
              38.59135
            ],
            [
              47.24442,
              38.59846
            ],
            [
              47.25438,
              38.60558
            ],
            [
              47.26433,
              38.61269
            ],
            [
              47.27429,
              38.61981
            ],
            [
              47.28425,
              38.62692
            ],
            [
              47.29421,
              38.63403
            ],
            [
              47.30417,
              38.64115
            ],
            [
              47.31413,
              38.64826
            ],
            [
              47.32409,
              38.65538
            ],
            [
              47.33405,
              38.66249
            ],
            [
              47.34401,
              38.6696
            ],
            [
              47.35397,
              38.67672
            ],
            [
              47.36393,
              38.68383
            ],
            [
              47.35479,
              38.69194
            ],
            [
              47.34565,
              38.70005
            ],
            [
              47.33652,
              38.70817
            ],
            [
              47.33734,
              38.72339
            ],
            [
              47.33816,
              38.73862
            ],
            [
              47.33898,
              38.75385
            ],
            [
              47.34894,
              38.76096
            ],
            [
              47.3589,
              38.76807
            ],
            [
              47.35972,
              38.7833
            ],
            [
              47.36054,
              38.79852
            ],
            [
              47.36137,
              38.81375
            ],
            [
              47.37133,
              38.82086
            ],
            [
              47.38129,
              38.82798
            ],
            [
              47.38211,
              38.8432
            ],
            [
              47.38293,
              38.85843
            ],
            [
              47.38375,
              38.87366
            ],
            [
              47.39371,
              38.88077
            ],
            [
              47.40367,
              38.88788
            ],
            [
              47.41363,
              38.895
            ],
            [
              47.43273,
              38.894
            ],
            [
              47.44269,
              38.90111
            ],
            [
              47.45264,
              38.90823
            ],
            [
              47.4626,
              38.91534
            ],
            [
              47.47256,
              38.92245
            ],
            [
              47.48252,
              38.92957
            ],
            [
              47.47339,
              38.93768
            ],
            [
              47.46425,
              38.94579
            ],
            [
              47.46507,
              38.96102
            ],
            [
              47.45593,
              38.96913
            ],
            [
              47.44679,
              38.97724
            ],
            [
              47.44762,
              38.99247
            ],
            [
              47.43848,
              39.00058
            ],
            [
              47.42934,
              39.00869
            ],
            [
              47.43016,
              39.02392
            ],
            [
              47.42103,
              39.03203
            ],
            [
              47.41189,
              39.04014
            ],
            [
              47.40275,
              39.04826
            ],
            [
              47.39361,
              39.05637
            ],
            [
              47.39444,
              39.07159
            ],
            [
              47.39526,
              39.08682
            ],
            [
              47.38612,
              39.09493
            ],
            [
              47.37698,
              39.10305
            ],
            [
              47.37781,
              39.11827
            ],
            [
              47.37863,
              39.1335
            ],
            [
              47.37945,
              39.14872
            ],
            [
              47.38027,
              39.16395
            ],
            [
              47.38109,
              39.17918
            ],
            [
              47.37196,
              39.18729
            ],
            [
              47.36282,
              39.1954
            ],
            [
              47.35368,
              39.20351
            ],
            [
              47.34454,
              39.21162
            ],
            [
              47.33541,
              39.21974
            ],
            [
              47.31631,
              39.22074
            ],
            [
              47.30717,
              39.22885
            ],
            [
              47.29803,
              39.23696
            ],
            [
              47.27894,
              39.23796
            ],
            [
              47.2698,
              39.24607
            ],
            [
              47.26066,
              39.25418
            ],
            [
              47.25153,
              39.26229
            ],
            [
              47.25235,
              39.27752
            ],
            [
              47.24321,
              39.28563
            ],
            [
              47.23407,
              39.29374
            ],
            [
              47.22494,
              39.30186
            ],
            [
              47.2158,
              39.30997
            ],
            [
              47.20666,
              39.31808
            ],
            [
              47.19752,
              39.32619
            ],
            [
              47.18839,
              39.33431
            ],
            [
              47.16929,
              39.3353
            ],
            [
              47.15933,
              39.32819
            ],
            [
              47.14937,
              39.32108
            ],
            [
              47.13027,
              39.32208
            ],
            [
              47.12031,
              39.31496
            ],
            [
              47.11035,
              39.30785
            ],
            [
              47.09126,
              39.30885
            ],
            [
              47.0813,
              39.30173
            ],
            [
              47.07134,
              39.29462
            ],
            [
              47.05224,
              39.29562
            ],
            [
              47.04228,
              39.2885
            ],
            [
              47.03232,
              39.28139
            ],
            [
              47.02236,
              39.27428
            ],
            [
              47.01241,
              39.26716
            ],
            [
              46.99331,
              39.26816
            ],
            [
              46.98335,
              39.26105
            ],
            [
              46.97339,
              39.25393
            ],
            [
              46.95429,
              39.25493
            ],
            [
              46.94433,
              39.24782
            ],
            [
              46.93437,
              39.2407
            ],
            [
              46.92441,
              39.23359
            ],
            [
              46.91446,
              39.22648
            ],
            [
              46.9045,
              39.21936
            ],
            [
              46.89454,
              39.21225
            ],
            [
              46.88458,
              39.20513
            ],
            [
              46.88376,
              39.18991
            ],
            [
              46.8738,
              39.18279
            ],
            [
              46.86384,
              39.17568
            ],
            [
              46.86301,
              39.16045
            ],
            [
              46.86219,
              39.14523
            ],
            [
              46.86137,
              39.13
            ],
            [
              46.86055,
              39.11478
            ],
            [
              46.85973,
              39.09955
            ],
            [
              46.84977,
              39.09244
            ],
            [
              46.83981,
              39.08532
            ],
            [
              46.83899,
              39.0701
            ],
            [
              46.83816,
              39.05487
            ],
            [
              46.83734,
              39.03964
            ],
            [
              46.82738,
              39.03253
            ],
            [
              46.81742,
              39.02542
            ],
            [
              46.8166,
              39.01019
            ],
            [
              46.81578,
              38.99496
            ],
            [
              46.80582,
              38.98785
            ],
            [
              46.79586,
              38.98074
            ],
            [
              46.7859,
              38.97362
            ],
            [
              46.76681,
              38.97462
            ],
            [
              46.75685,
              38.96751
            ],
            [
              46.74689,
              38.96039
            ],
            [
              46.73693,
              38.95328
            ],
            [
              46.73611,
              38.93805
            ],
            [
              46.72615,
              38.93094
            ],
            [
              46.71619,
              38.92383
            ],
            [
              46.71536,
              38.9086
            ],
            [
              46.70541,
              38.90149
            ],
            [
              46.69545,
              38.89437
            ],
            [
              46.68549,
              38.88726
            ],
            [
              46.67553,
              38.88014
            ],
            [
              46.66557,
              38.87303
            ],
            [
              46.65561,
              38.86592
            ],
            [
              46.64565,
              38.8588
            ],
            [
              46.63569,
              38.85169
            ],
            [
              46.62573,
              38.84458
            ],
            [
              46.60663,
              38.84557
            ],
            [
              46.58754,
              38.84657
            ],
            [
              46.5784,
              38.85468
            ],
            [
              46.56926,
              38.8628
            ],
            [
              46.55017,
              38.8638
            ],
            [
              46.53107,
              38.86479
            ],
            [
              46.51197,
              38.86579
            ],
            [
              46.49288,
              38.86679
            ],
            [
              46.47378,
              38.86779
            ],
            [
              46.45468,
              38.86879
            ],
            [
              46.43558,
              38.86979
            ],
            [
              46.41649,
              38.87078
            ],
            [
              46.39739,
              38.87178
            ],
            [
              46.37829,
              38.87278
            ],
            [
              46.36834,
              38.86567
            ],
            [
              46.35838,
              38.85855
            ],
            [
              46.34842,
              38.85144
            ],
            [
              46.33846,
              38.84433
            ],
            [
              46.3285,
              38.83721
            ],
            [
              46.31854,
              38.8301
            ],
            [
              46.29944,
              38.8311
            ],
            [
              46.28034,
              38.83209
            ],
            [
              46.26125,
              38.83309
            ],
            [
              46.25211,
              38.84121
            ],
            [
              46.24297,
              38.84932
            ],
            [
              46.23384,
              38.85743
            ],
            [
              46.23466,
              38.87266
            ],
            [
              46.22552,
              38.88077
            ],
            [
              46.21638,
              38.88888
            ],
            [
              46.2172,
              38.90411
            ],
            [
              46.21803,
              38.91933
            ],
            [
              46.20889,
              38.92744
            ],
            [
              46.19975,
              38.93556
            ],
            [
              46.20057,
              38.95078
            ],
            [
              46.2014,
              38.96601
            ],
            [
              46.19226,
              38.97412
            ],
            [
              46.18312,
              38.98223
            ],
            [
              46.18394,
              38.99746
            ],
            [
              46.18477,
              39.01269
            ],
            [
              46.18559,
              39.02791
            ],
            [
              46.18641,
              39.04314
            ],
            [
              46.18723,
              39.05836
            ],
            [
              46.17809,
              39.06648
            ],
            [
              46.16896,
              39.07459
            ],
            [
              46.16978,
              39.08981
            ],
            [
              46.16064,
              39.09793
            ],
            [
              46.1515,
              39.10604
            ],
            [
              46.15233,
              39.12126
            ],
            [
              46.15315,
              39.13649
            ],
            [
              46.14401,
              39.1446
            ],
            [
              46.12491,
              39.1456
            ],
            [
              46.10582,
              39.1466
            ],
            [
              46.08672,
              39.1476
            ],
            [
              46.07676,
              39.14048
            ],
            [
              46.0668,
              39.13337
            ],
            [
              46.05684,
              39.12626
            ],
            [
              46.04688,
              39.11914
            ],
            [
              46.02779,
              39.12014
            ],
            [
              46.00869,
              39.12114
            ],
            [
              45.99873,
              39.11403
            ],
            [
              45.98877,
              39.10691
            ],
            [
              45.96967,
              39.10791
            ],
            [
              45.95058,
              39.10891
            ],
            [
              45.93148,
              39.10991
            ],
            [
              45.92234,
              39.11802
            ],
            [
              45.9132,
              39.12613
            ],
            [
              45.90407,
              39.13424
            ],
            [
              45.90489,
              39.14947
            ],
            [
              45.89575,
              39.15758
            ],
            [
              45.88661,
              39.16569
            ],
            [
              45.87748,
              39.17381
            ],
            [
              45.86752,
              39.16669
            ],
            [
              45.85756,
              39.15958
            ],
            [
              45.83846,
              39.16058
            ],
            [
              45.8285,
              39.15346
            ],
            [
              45.81854,
              39.14635
            ],
            [
              45.79945,
              39.14735
            ],
            [
              45.78949,
              39.14023
            ],
            [
              45.77953,
              39.13312
            ],
            [
              45.76957,
              39.12601
            ],
            [
              45.75961,
              39.11889
            ],
            [
              45.74051,
              39.11989
            ],
            [
              45.72142,
              39.12089
            ],
            [
              45.70232,
              39.12189
            ],
            [
              45.69318,
              39.13
            ],
            [
              45.68404,
              39.13811
            ],
            [
              45.67491,
              39.14622
            ],
            [
              45.67573,
              39.16145
            ],
            [
              45.67655,
              39.17668
            ],
            [
              45.68651,
              39.18379
            ],
            [
              45.69647,
              39.1909
            ],
            [
              45.69729,
              39.20613
            ],
            [
              45.69811,
              39.22136
            ],
            [
              45.70807,
              39.22847
            ],
            [
              45.71803,
              39.23558
            ],
            [
              45.71885,
              39.25081
            ],
            [
              45.71968,
              39.26604
            ],
            [
              45.7205,
              39.28126
            ],
            [
              45.71136,
              39.28937
            ],
            [
              45.70222,
              39.29749
            ],
            [
              45.69308,
              39.3056
            ],
            [
              45.67399,
              39.3066
            ],
            [
              45.65489,
              39.3076
            ],
            [
              45.63579,
              39.30859
            ],
            [
              45.6167,
              39.30959
            ],
            [
              45.5976,
              39.31059
            ],
            [
              45.5785,
              39.31159
            ],
            [
              45.55941,
              39.31259
            ],
            [
              45.54031,
              39.31359
            ],
            [
              45.52121,
              39.31458
            ],
            [
              45.50212,
              39.31558
            ],
            [
              45.49298,
              39.32369
            ],
            [
              45.48384,
              39.33181
            ],
            [
              45.46475,
              39.33281
            ],
            [
              45.44565,
              39.3338
            ],
            [
              45.42655,
              39.3348
            ],
            [
              45.41741,
              39.34291
            ],
            [
              45.40828,
              39.35103
            ],
            [
              45.38918,
              39.35202
            ],
            [
              45.38004,
              39.36014
            ],
            [
              45.37091,
              39.36825
            ],
            [
              45.36177,
              39.37636
            ],
            [
              45.36259,
              39.39159
            ],
            [
              45.35345,
              39.3997
            ],
            [
              45.34432,
              39.40781
            ],
            [
              45.34514,
              39.42304
            ],
            [
              45.336,
              39.43115
            ],
            [
              45.32686,
              39.43926
            ],
            [
              45.32768,
              39.45449
            ],
            [
              45.31855,
              39.4626
            ],
            [
              45.30941,
              39.47071
            ],
            [
              45.31023,
              39.48594
            ],
            [
              45.30109,
              39.49405
            ],
            [
              45.29196,
              39.50216
            ],
            [
              45.28282,
              39.51028
            ],
            [
              45.26372,
              39.51127
            ],
            [
              45.25459,
              39.51939
            ],
            [
              45.24545,
              39.5275
            ],
            [
              45.22635,
              39.5285
            ],
            [
              45.20725,
              39.52949
            ],
            [
              45.18816,
              39.53049
            ],
            [
              45.16906,
              39.53149
            ],
            [
              45.14996,
              39.53249
            ],
            [
              45.13087,
              39.53349
            ],
            [
              45.12091,
              39.52637
            ],
            [
              45.12009,
              39.51115
            ],
            [
              45.11926,
              39.49592
            ],
            [
              45.11844,
              39.4807
            ],
            [
              45.11762,
              39.46547
            ],
            [
              45.1168,
              39.45024
            ],
            [
              45.11598,
              39.43502
            ],
            [
              45.11515,
              39.41979
            ],
            [
              45.1052,
              39.41268
            ],
            [
              45.09524,
              39.40556
            ],
            [
              45.09441,
              39.39034
            ],
            [
              45.08445,
              39.38323
            ],
            [
              45.06536,
              39.38422
            ],
            [
              45.0554,
              39.37711
            ],
            [
              45.04544,
              39.37
            ],
            [
              45.0363,
              39.37811
            ],
            [
              45.02716,
              39.38622
            ],
            [
              45.01803,
              39.39433
            ],
            [
              45.00889,
              39.40244
            ],
            [
              44.99975,
              39.41056
            ],
            [
              45.00057,
              39.42578
            ],
            [
              44.99144,
              39.4339
            ],
            [
              44.9823,
              39.44201
            ],
            [
              44.97316,
              39.45012
            ],
            [
              44.96402,
              39.45823
            ],
            [
              44.96485,
              39.47346
            ],
            [
              44.95571,
              39.48157
            ],
            [
              44.94657,
              39.48968
            ],
            [
              44.93743,
              39.49779
            ],
            [
              44.9283,
              39.50591
            ],
            [
              44.91916,
              39.51402
            ],
            [
              44.90006,
              39.51502
            ],
            [
              44.8901,
              39.5079
            ],
            [
              44.88014,
              39.50079
            ],
            [
              44.87018,
              39.49368
            ],
            [
              44.86936,
              39.47845
            ],
            [
              44.8594,
              39.47134
            ],
            [
              44.84031,
              39.47233
            ],
            [
              44.82121,
              39.47333
            ],
            [
              44.80211,
              39.47433
            ],
            [
              44.78302,
              39.47533
            ],
            [
              44.76392,
              39.47633
            ],
            [
              44.74482,
              39.47733
            ],
            [
              44.72573,
              39.47832
            ],
            [
              44.70663,
              39.47932
            ],
            [
              44.68753,
              39.48032
            ],
            [
              44.67839,
              39.48843
            ],
            [
              44.66926,
              39.49655
            ],
            [
              44.65016,
              39.49754
            ],
            [
              44.63106,
              39.49854
            ],
            [
              44.61197,
              39.49954
            ],
            [
              44.59287,
              39.50054
            ],
            [
              44.57377,
              39.50154
            ],
            [
              44.55468,
              39.50254
            ],
            [
              44.53558,
              39.50353
            ],
            [
              44.51648,
              39.50453
            ],
            [
              44.50652,
              39.49742
            ],
            [
              44.49656,
              39.49031
            ],
            [
              44.48661,
              39.48319
            ],
            [
              44.47665,
              39.47608
            ],
            [
              44.46669,
              39.46896
            ],
            [
              44.45673,
              39.46185
            ],
            [
              44.44677,
              39.45474
            ],
            [
              44.44595,
              39.43951
            ],
            [
              44.43599,
              39.4324
            ],
            [
              44.42603,
              39.42528
            ],
            [
              44.41607,
              39.41817
            ],
            [
              44.39697,
              39.41917
            ],
            [
              44.37787,
              39.42017
            ],
            [
              44.35878,
              39.42116
            ],
            [
              44.33968,
              39.42216
            ],
            [
              44.32058,
              39.42316
            ],
            [
              44.30149,
              39.42416
            ],
            [
              44.28239,
              39.42516
            ],
            [
              44.26329,
              39.42616
            ],
            [
              44.2442,
              39.42715
            ],
            [
              44.2251,
              39.42815
            ],
            [
              44.206,
              39.42915
            ],
            [
              44.18691,
              39.43015
            ],
            [
              44.16781,
              39.43115
            ],
            [
              44.14871,
              39.43215
            ],
            [
              44.12962,
              39.43314
            ],
            [
              44.12048,
              39.44126
            ],
            [
              44.11134,
              39.44937
            ],
            [
              44.09225,
              39.45037
            ],
            [
              44.07315,
              39.45137
            ],
            [
              44.05405,
              39.45236
            ],
            [
              44.03495,
              39.45336
            ],
            [
              44.01586,
              39.45436
            ],
            [
              43.99676,
              39.45536
            ],
            [
              43.9868,
              39.44825
            ],
            [
              43.97684,
              39.44113
            ],
            [
              43.95775,
              39.44213
            ],
            [
              43.93865,
              39.44313
            ],
            [
              43.91955,
              39.44413
            ],
            [
              43.90959,
              39.43701
            ],
            [
              43.89963,
              39.4299
            ],
            [
              43.88054,
              39.4309
            ],
            [
              43.87058,
              39.42378
            ],
            [
              43.86062,
              39.41667
            ],
            [
              43.85066,
              39.40956
            ],
            [
              43.8407,
              39.40244
            ],
            [
              43.83074,
              39.39533
            ],
            [
              43.82078,
              39.38821
            ],
            [
              43.80168,
              39.38921
            ],
            [
              43.78259,
              39.39021
            ],
            [
              43.77345,
              39.39832
            ],
            [
              43.76431,
              39.40644
            ],
            [
              43.74522,
              39.40743
            ],
            [
              43.72612,
              39.40843
            ],
            [
              43.70702,
              39.40943
            ],
            [
              43.68793,
              39.41043
            ],
            [
              43.66883,
              39.41143
            ],
            [
              43.64973,
              39.41243
            ],
            [
              43.63064,
              39.41342
            ],
            [
              43.62068,
              39.40631
            ],
            [
              43.61985,
              39.39108
            ],
            [
              43.60989,
              39.38397
            ],
            [
              43.59994,
              39.37686
            ],
            [
              43.58998,
              39.36974
            ],
            [
              43.58002,
              39.36263
            ],
            [
              43.57006,
              39.35552
            ],
            [
              43.5601,
              39.3484
            ],
            [
              43.55014,
              39.34129
            ],
            [
              43.541,
              39.3494
            ],
            [
              43.53186,
              39.35751
            ],
            [
              43.52273,
              39.36562
            ],
            [
              43.51359,
              39.37374
            ],
            [
              43.50445,
              39.38185
            ],
            [
              43.49531,
              39.38996
            ],
            [
              43.47622,
              39.39096
            ],
            [
              43.45712,
              39.39196
            ],
            [
              43.44798,
              39.40007
            ],
            [
              43.43885,
              39.40818
            ],
            [
              43.41975,
              39.40918
            ],
            [
              43.41061,
              39.41729
            ],
            [
              43.40147,
              39.42541
            ],
            [
              43.39234,
              39.43352
            ],
            [
              43.3832,
              39.44163
            ],
            [
              43.37406,
              39.44974
            ],
            [
              43.36492,
              39.45785
            ],
            [
              43.34583,
              39.45885
            ],
            [
              43.33669,
              39.46696
            ],
            [
              43.32755,
              39.47508
            ],
            [
              43.30846,
              39.47608
            ],
            [
              43.28936,
              39.47707
            ],
            [
              43.27026,
              39.47807
            ],
            [
              43.25117,
              39.47907
            ],
            [
              43.24121,
              39.47196
            ],
            [
              43.23125,
              39.46484
            ],
            [
              43.21215,
              39.46584
            ],
            [
              43.19305,
              39.46684
            ],
            [
              43.18309,
              39.45973
            ],
            [
              43.17313,
              39.45261
            ],
            [
              43.15404,
              39.45361
            ],
            [
              43.13494,
              39.45461
            ],
            [
              43.12498,
              39.4475
            ],
            [
              43.11502,
              39.44038
            ],
            [
              43.09593,
              39.44138
            ],
            [
              43.07683,
              39.44238
            ],
            [
              43.06687,
              39.43526
            ],
            [
              43.05691,
              39.42815
            ],
            [
              43.04695,
              39.42104
            ],
            [
              43.03699,
              39.41392
            ],
            [
              43.02703,
              39.40681
            ],
            [
              43.01707,
              39.3997
            ],
            [
              43.00711,
              39.39258
            ],
            [
              42.99715,
              39.38547
            ],
            [
              42.97806,
              39.38647
            ],
            [
              42.95896,
              39.38746
            ],
            [
              42.93986,
              39.38846
            ],
            [
              42.93073,
              39.39657
            ],
            [
              42.92159,
              39.40469
            ],
            [
              42.91245,
              39.4128
            ],
            [
              42.90331,
              39.42091
            ],
            [
              42.89418,
              39.42902
            ],
            [
              42.88504,
              39.43714
            ],
            [
              42.86594,
              39.43813
            ],
            [
              42.85681,
              39.44625
            ],
            [
              42.84767,
              39.45436
            ],
            [
              42.83853,
              39.46247
            ],
            [
              42.83935,
              39.4777
            ],
            [
              42.84017,
              39.49292
            ],
            [
              42.841,
              39.50815
            ],
            [
              42.83186,
              39.51626
            ],
            [
              42.82272,
              39.52437
            ],
            [
              42.82354,
              39.5396
            ],
            [
              42.82437,
              39.55483
            ],
            [
              42.81523,
              39.56294
            ],
            [
              42.80609,
              39.57105
            ],
            [
              42.79695,
              39.57916
            ],
            [
              42.78782,
              39.58727
            ],
            [
              42.77868,
              39.59539
            ],
            [
              42.76954,
              39.6035
            ],
            [
              42.77036,
              39.61872
            ],
            [
              42.77119,
              39.63395
            ],
            [
              42.77201,
              39.64918
            ],
            [
              42.77283,
              39.6644
            ],
            [
              42.77365,
              39.67963
            ],
            [
              42.78361,
              39.68674
            ],
            [
              42.79357,
              39.69386
            ],
            [
              42.80353,
              39.70097
            ],
            [
              42.81349,
              39.70808
            ],
            [
              42.81431,
              39.72331
            ],
            [
              42.81513,
              39.73854
            ],
            [
              42.81595,
              39.75376
            ],
            [
              42.80682,
              39.76187
            ],
            [
              42.78772,
              39.76287
            ],
            [
              42.76862,
              39.76387
            ],
            [
              42.74953,
              39.76487
            ],
            [
              42.73043,
              39.76587
            ],
            [
              42.71133,
              39.76687
            ],
            [
              42.69224,
              39.76786
            ],
            [
              42.67314,
              39.76886
            ],
            [
              42.65404,
              39.76986
            ],
            [
              42.63495,
              39.77086
            ],
            [
              42.61585,
              39.77186
            ],
            [
              42.59675,
              39.77286
            ],
            [
              42.57766,
              39.77386
            ],
            [
              42.56852,
              39.78197
            ],
            [
              42.55938,
              39.79008
            ],
            [
              42.54028,
              39.79108
            ],
            [
              42.52119,
              39.79208
            ],
            [
              42.50209,
              39.79307
            ],
            [
              42.49295,
              39.80119
            ],
            [
              42.48382,
              39.8093
            ],
            [
              42.46472,
              39.8103
            ],
            [
              42.45558,
              39.81841
            ],
            [
              42.44644,
              39.82652
            ],
            [
              42.43731,
              39.83463
            ],
            [
              42.43813,
              39.84986
            ],
            [
              42.42899,
              39.85797
            ],
            [
              42.41985,
              39.86608
            ],
            [
              42.41072,
              39.8742
            ],
            [
              42.40158,
              39.88231
            ],
            [
              42.39244,
              39.89042
            ],
            [
              42.37334,
              39.89142
            ],
            [
              42.35425,
              39.89242
            ],
            [
              42.33515,
              39.89342
            ],
            [
              42.31605,
              39.89442
            ],
            [
              42.29696,
              39.89541
            ],
            [
              42.27786,
              39.89641
            ],
            [
              42.25876,
              39.89741
            ],
            [
              42.23967,
              39.89841
            ],
            [
              42.22057,
              39.89941
            ],
            [
              42.20147,
              39.90041
            ],
            [
              42.18238,
              39.9014
            ],
            [
              42.16328,
              39.9024
            ],
            [
              42.14418,
              39.9034
            ],
            [
              42.13505,
              39.91151
            ],
            [
              42.12591,
              39.91962
            ],
            [
              42.10681,
              39.92062
            ],
            [
              42.08772,
              39.92162
            ],
            [
              42.06862,
              39.92262
            ],
            [
              42.04952,
              39.92362
            ],
            [
              42.03043,
              39.92462
            ],
            [
              42.01133,
              39.92562
            ],
            [
              42.00137,
              39.9185
            ],
            [
              41.99141,
              39.91139
            ],
            [
              41.97231,
              39.91239
            ],
            [
              41.95322,
              39.91338
            ],
            [
              41.93412,
              39.91438
            ],
            [
              41.92498,
              39.9225
            ],
            [
              41.91584,
              39.93061
            ],
            [
              41.89675,
              39.93161
            ],
            [
              41.87765,
              39.9326
            ],
            [
              41.85855,
              39.9336
            ],
            [
              41.84942,
              39.94171
            ],
            [
              41.84028,
              39.94983
            ],
            [
              41.82118,
              39.95083
            ],
            [
              41.80209,
              39.95182
            ],
            [
              41.78299,
              39.95282
            ],
            [
              41.76389,
              39.95382
            ],
            [
              41.7448,
              39.95482
            ],
            [
              41.73566,
              39.96293
            ],
            [
              41.72652,
              39.97104
            ],
            [
              41.70742,
              39.97204
            ],
            [
              41.68833,
              39.97304
            ],
            [
              41.66923,
              39.97404
            ],
            [
              41.65013,
              39.97504
            ],
            [
              41.63104,
              39.97604
            ],
            [
              41.61194,
              39.97703
            ],
            [
              41.59284,
              39.97803
            ],
            [
              41.57375,
              39.97903
            ],
            [
              41.55465,
              39.98003
            ],
            [
              41.53555,
              39.98103
            ],
            [
              41.52559,
              39.97391
            ],
            [
              41.51563,
              39.9668
            ],
            [
              41.49654,
              39.9678
            ],
            [
              41.47744,
              39.9688
            ],
            [
              41.4683,
              39.97691
            ],
            [
              41.45917,
              39.98502
            ],
            [
              41.44007,
              39.98602
            ],
            [
              41.42097,
              39.98702
            ],
            [
              41.41184,
              39.99513
            ],
            [
              41.4027,
              40.00324
            ],
            [
              41.3836,
              40.00424
            ],
            [
              41.3645,
              40.00524
            ],
            [
              41.35537,
              40.01335
            ],
            [
              41.34623,
              40.02146
            ],
            [
              41.32713,
              40.02246
            ],
            [
              41.30804,
              40.02346
            ],
            [
              41.2989,
              40.03157
            ],
            [
              41.29972,
              40.0468
            ],
            [
              41.30054,
              40.06202
            ],
            [
              41.30136,
              40.07725
            ],
            [
              41.30219,
              40.09248
            ],
            [
              41.31215,
              40.09959
            ],
            [
              41.32211,
              40.1067
            ],
            [
              41.33206,
              40.11382
            ],
            [
              41.34202,
              40.12093
            ],
            [
              41.34285,
              40.13616
            ],
            [
              41.34367,
              40.15138
            ],
            [
              41.34449,
              40.16661
            ],
            [
              41.34531,
              40.18184
            ],
            [
              41.35527,
              40.18895
            ],
            [
              41.36523,
              40.19606
            ],
            [
              41.36605,
              40.21129
            ],
            [
              41.36687,
              40.22652
            ],
            [
              41.37683,
              40.23363
            ],
            [
              41.38679,
              40.24074
            ],
            [
              41.38762,
              40.25597
            ],
            [
              41.39757,
              40.26308
            ],
            [
              41.40753,
              40.2702
            ],
            [
              41.41749,
              40.27731
            ],
            [
              41.43659,
              40.27631
            ],
            [
              41.44655,
              40.28343
            ],
            [
              41.45651,
              40.29054
            ],
            [
              41.47561,
              40.28954
            ],
            [
              41.4947,
              40.28854
            ],
            [
              41.50466,
              40.29566
            ],
            [
              41.51462,
              40.30277
            ],
            [
              41.53372,
              40.30177
            ],
            [
              41.54368,
              40.30889
            ],
            [
              41.55364,
              40.316
            ],
            [
              41.57273,
              40.315
            ],
            [
              41.58269,
              40.32212
            ],
            [
              41.59265,
              40.32923
            ],
            [
              41.60261,
              40.33634
            ],
            [
              41.60343,
              40.35157
            ],
            [
              41.61339,
              40.35868
            ],
            [
              41.63249,
              40.35768
            ],
            [
              41.65159,
              40.35669
            ],
            [
              41.67068,
              40.35569
            ],
            [
              41.68978,
              40.35469
            ],
            [
              41.69892,
              40.34658
            ],
            [
              41.70805,
              40.33846
            ],
            [
              41.72715,
              40.33747
            ],
            [
              41.74625,
              40.33647
            ],
            [
              41.76534,
              40.33547
            ],
            [
              41.78444,
              40.33447
            ],
            [
              41.80354,
              40.33347
            ],
            [
              41.82263,
              40.33247
            ],
            [
              41.84173,
              40.33148
            ],
            [
              41.86083,
              40.33048
            ],
            [
              41.87992,
              40.32948
            ],
            [
              41.88988,
              40.33659
            ],
            [
              41.89984,
              40.34371
            ],
            [
              41.91894,
              40.34271
            ],
            [
              41.93804,
              40.34171
            ],
            [
              41.95713,
              40.34071
            ],
            [
              41.96709,
              40.34783
            ],
            [
              41.97705,
              40.35494
            ],
            [
              41.98701,
              40.36205
            ],
            [
              41.99697,
              40.36917
            ],
            [
              42.00693,
              40.37628
            ],
            [
              42.01689,
              40.38339
            ],
            [
              42.02685,
              40.39051
            ],
            [
              42.03681,
              40.39762
            ],
            [
              42.04677,
              40.40474
            ],
            [
              42.05673,
              40.41185
            ],
            [
              42.06669,
              40.41896
            ],
            [
              42.07665,
              40.42608
            ],
            [
              42.09574,
              40.42508
            ],
            [
              42.1057,
              40.43219
            ],
            [
              42.11566,
              40.43931
            ],
            [
              42.12562,
              40.44642
            ],
            [
              42.12644,
              40.46165
            ],
            [
              42.1364,
              40.46876
            ],
            [
              42.14636,
              40.47587
            ],
            [
              42.15632,
              40.48299
            ],
            [
              42.16628,
              40.4901
            ],
            [
              42.17624,
              40.49722
            ],
            [
              42.1862,
              40.50433
            ],
            [
              42.19616,
              40.51144
            ],
            [
              42.21526,
              40.51045
            ],
            [
              42.23435,
              40.50945
            ],
            [
              42.25345,
              40.50845
            ],
            [
              42.26341,
              40.51556
            ],
            [
              42.27337,
              40.52268
            ],
            [
              42.29246,
              40.52168
            ],
            [
              42.31156,
              40.52068
            ],
            [
              42.32152,
              40.52779
            ],
            [
              42.33148,
              40.53491
            ],
            [
              42.34144,
              40.54202
            ],
            [
              42.3514,
              40.54913
            ],
            [
              42.37049,
              40.54814
            ],
            [
              42.38959,
              40.54714
            ],
            [
              42.39955,
              40.55425
            ],
            [
              42.40951,
              40.56137
            ],
            [
              42.42861,
              40.56037
            ],
            [
              42.4477,
              40.55937
            ],
            [
              42.45766,
              40.56648
            ],
            [
              42.46762,
              40.5736
            ],
            [
              42.48672,
              40.5726
            ],
            [
              42.49668,
              40.57971
            ],
            [
              42.50664,
              40.58683
            ],
            [
              42.5166,
              40.59394
            ],
            [
              42.51742,
              40.60917
            ],
            [
              42.51824,
              40.62439
            ],
            [
              42.51906,
              40.63962
            ],
            [
              42.52902,
              40.64673
            ],
            [
              42.53898,
              40.65385
            ],
            [
              42.54894,
              40.66096
            ],
            [
              42.5589,
              40.66807
            ],
            [
              42.56886,
              40.67519
            ],
            [
              42.57882,
              40.6823
            ],
            [
              42.58878,
              40.68941
            ],
            [
              42.59874,
              40.69653
            ],
            [
              42.6087,
              40.70364
            ],
            [
              42.61866,
              40.71076
            ],
            [
              42.62862,
              40.71787
            ],
            [
              42.63858,
              40.72498
            ],
            [
              42.6394,
              40.74021
            ],
            [
              42.64936,
              40.74732
            ],
            [
              42.66845,
              40.74632
            ],
            [
              42.67841,
              40.75344
            ],
            [
              42.68837,
              40.76055
            ],
            [
              42.69833,
              40.76767
            ],
            [
              42.70829,
              40.77478
            ],
            [
              42.71825,
              40.78189
            ],
            [
              42.72821,
              40.78901
            ],
            [
              42.73817,
              40.79612
            ],
            [
              42.74813,
              40.80324
            ],
            [
              42.75809,
              40.81035
            ],
            [
              42.75891,
              40.82558
            ],
            [
              42.75973,
              40.8408
            ],
            [
              42.76969,
              40.84791
            ],
            [
              42.77965,
              40.85503
            ],
            [
              42.78961,
              40.86214
            ],
            [
              42.79957,
              40.86926
            ],
            [
              42.80953,
              40.87637
            ],
            [
              42.81949,
              40.88348
            ],
            [
              42.82945,
              40.8906
            ],
            [
              42.83941,
              40.89771
            ],
            [
              42.84937,
              40.90483
            ],
            [
              42.85933,
              40.91194
            ],
            [
              42.86015,
              40.92717
            ],
            [
              42.87011,
              40.93428
            ],
            [
              42.88007,
              40.94139
            ],
            [
              42.89003,
              40.94851
            ],
            [
              42.89998,
              40.95562
            ],
            [
              42.90081,
              40.97085
            ],
            [
              42.91077,
              40.97796
            ],
            [
              42.92986,
              40.97696
            ],
            [
              42.93982,
              40.98408
            ],
            [
              42.94978,
              40.99119
            ],
            [
              42.95974,
              40.9983
            ],
            [
              42.96056,
              41.01353
            ],
            [
              42.96138,
              41.02876
            ],
            [
              42.97134,
              41.03587
            ],
            [
              42.9813,
              41.04298
            ],
            [
              42.98212,
              41.05821
            ],
            [
              42.98295,
              41.07344
            ],
            [
              42.98377,
              41.08866
            ],
            [
              42.98459,
              41.10389
            ],
            [
              42.97545,
              41.112
            ],
            [
              42.96632,
              41.12011
            ],
            [
              42.96714,
              41.13534
            ],
            [
              42.958,
              41.14345
            ],
            [
              42.94886,
              41.15156
            ],
            [
              42.94969,
              41.16679
            ],
            [
              42.94055,
              41.1749
            ],
            [
              42.93141,
              41.18301
            ],
            [
              42.92227,
              41.19113
            ],
            [
              42.91231,
              41.18401
            ],
            [
              42.90235,
              41.1769
            ],
            [
              42.89239,
              41.16978
            ],
            [
              42.88244,
              41.16267
            ],
            [
              42.87248,
              41.15556
            ],
            [
              42.86252,
              41.14844
            ],
            [
              42.85256,
              41.14133
            ],
            [
              42.8426,
              41.13421
            ],
            [
              42.8235,
              41.13521
            ],
            [
              42.81436,
              41.14333
            ],
            [
              42.80523,
              41.15144
            ],
            [
              42.78613,
              41.15244
            ],
            [
              42.76703,
              41.15343
            ],
            [
              42.7579,
              41.16155
            ],
            [
              42.74876,
              41.16966
            ],
            [
              42.72966,
              41.17066
            ],
            [
              42.7197,
              41.16354
            ],
            [
              42.70974,
              41.15643
            ],
            [
              42.69065,
              41.15743
            ],
            [
              42.67155,
              41.15843
            ],
            [
              42.65245,
              41.15942
            ],
            [
              42.63336,
              41.16042
            ],
            [
              42.61426,
              41.16142
            ],
            [
              42.59516,
              41.16242
            ],
            [
              42.57607,
              41.16342
            ],
            [
              42.55697,
              41.16442
            ],
            [
              42.53787,
              41.16541
            ],
            [
              42.51878,
              41.16641
            ],
            [
              42.49968,
              41.16741
            ],
            [
              42.48058,
              41.16841
            ],
            [
              42.46148,
              41.16941
            ],
            [
              42.44239,
              41.17041
            ],
            [
              42.42329,
              41.17141
            ],
            [
              42.40419,
              41.1724
            ],
            [
              42.3851,
              41.1734
            ],
            [
              42.366,
              41.1744
            ],
            [
              42.3469,
              41.1754
            ],
            [
              42.32781,
              41.1764
            ],
            [
              42.30871,
              41.1774
            ],
            [
              42.28961,
              41.17839
            ],
            [
              42.27052,
              41.17939
            ],
            [
              42.25142,
              41.18039
            ],
            [
              42.23232,
              41.18139
            ],
            [
              42.21323,
              41.18239
            ],
            [
              42.19413,
              41.18339
            ],
            [
              42.17503,
              41.18438
            ],
            [
              42.15594,
              41.18538
            ],
            [
              42.1468,
              41.19349
            ],
            [
              42.13766,
              41.20161
            ],
            [
              42.11857,
              41.20261
            ],
            [
              42.10943,
              41.21072
            ],
            [
              42.10029,
              41.21883
            ],
            [
              42.09033,
              41.21172
            ],
            [
              42.08037,
              41.2046
            ],
            [
              42.07041,
              41.19749
            ],
            [
              42.06045,
              41.19037
            ],
            [
              42.04136,
              41.19137
            ],
            [
              42.02226,
              41.19237
            ],
            [
              42.00316,
              41.19337
            ],
            [
              41.98407,
              41.19437
            ],
            [
              41.96497,
              41.19537
            ],
            [
              41.94587,
              41.19636
            ],
            [
              41.92678,
              41.19736
            ],
            [
              41.91764,
              41.20548
            ],
            [
              41.9085,
              41.21359
            ],
            [
              41.8894,
              41.21459
            ],
            [
              41.87031,
              41.21558
            ],
            [
              41.85121,
              41.21658
            ],
            [
              41.83211,
              41.21758
            ],
            [
              41.82215,
              41.21047
            ],
            [
              41.8122,
              41.20335
            ],
            [
              41.7931,
              41.20435
            ],
            [
              41.774,
              41.20535
            ],
            [
              41.76486,
              41.21346
            ],
            [
              41.75573,
              41.22157
            ],
            [
              41.74659,
              41.22969
            ],
            [
              41.73745,
              41.2378
            ],
            [
              41.72831,
              41.24591
            ],
            [
              41.71918,
              41.25402
            ],
            [
              41.71004,
              41.26214
            ],
            [
              41.7009,
              41.27025
            ],
            [
              41.69176,
              41.27836
            ],
            [
              41.68263,
              41.28647
            ],
            [
              41.67349,
              41.29458
            ],
            [
              41.66435,
              41.3027
            ],
            [
              41.65522,
              41.31081
            ],
            [
              41.64608,
              41.31892
            ],
            [
              41.63694,
              41.32703
            ],
            [
              41.6278,
              41.33515
            ],
            [
              41.61867,
              41.34326
            ],
            [
              41.60953,
              41.35137
            ],
            [
              41.60039,
              41.35948
            ],
            [
              41.59125,
              41.36759
            ],
            [
              41.58212,
              41.37571
            ],
            [
              41.57298,
              41.38382
            ],
            [
              41.55388,
              41.38482
            ],
            [
              41.53479,
              41.38582
            ],
            [
              41.52483,
              41.3787
            ],
            [
              41.51487,
              41.37159
            ],
            [
              41.50491,
              41.36447
            ],
            [
              41.49495,
              41.35736
            ],
            [
              41.48499,
              41.35025
            ],
            [
              41.47503,
              41.34313
            ],
            [
              41.46507,
              41.33602
            ],
            [
              41.45511,
              41.32891
            ],
            [
              41.44515,
              41.32179
            ],
            [
              41.43519,
              41.31468
            ],
            [
              41.42523,
              41.30756
            ],
            [
              41.41527,
              41.30045
            ],
            [
              41.40531,
              41.29334
            ],
            [
              41.39535,
              41.28622
            ],
            [
              41.38539,
              41.27911
            ],
            [
              41.37544,
              41.27199
            ],
            [
              41.36548,
              41.26488
            ],
            [
              41.35552,
              41.25777
            ],
            [
              41.34556,
              41.25065
            ],
            [
              41.3356,
              41.24354
            ],
            [
              41.32564,
              41.23643
            ],
            [
              41.31568,
              41.22931
            ],
            [
              41.30572,
              41.2222
            ],
            [
              41.29576,
              41.21508
            ],
            [
              41.2858,
              41.20797
            ],
            [
              41.27584,
              41.20086
            ],
            [
              41.26588,
              41.19374
            ],
            [
              41.25592,
              41.18663
            ],
            [
              41.24596,
              41.17952
            ],
            [
              41.24514,
              41.16429
            ],
            [
              41.23518,
              41.15718
            ],
            [
              41.22522,
              41.15006
            ],
            [
              41.21526,
              41.14295
            ],
            [
              41.2053,
              41.13583
            ],
            [
              41.19535,
              41.12872
            ],
            [
              41.18539,
              41.12161
            ],
            [
              41.17543,
              41.11449
            ],
            [
              41.16547,
              41.10738
            ],
            [
              41.15551,
              41.10026
            ],
            [
              41.14555,
              41.09315
            ],
            [
              41.13559,
              41.08604
            ],
            [
              41.12563,
              41.07892
            ],
            [
              41.11567,
              41.07181
            ],
            [
              41.10571,
              41.0647
            ],
            [
              41.09575,
              41.05758
            ],
            [
              41.08579,
              41.05047
            ],
            [
              41.07583,
              41.04335
            ],
            [
              41.06587,
              41.03624
            ],
            [
              41.05591,
              41.02913
            ],
            [
              41.04596,
              41.02201
            ],
            [
              41.036,
              41.0149
            ],
            [
              41.0169,
              41.0159
            ],
            [
              40.9978,
              41.0169
            ],
            [
              40.98784,
              41.00978
            ],
            [
              40.97788,
              41.00267
            ],
            [
              40.95879,
              41.00367
            ],
            [
              40.93969,
              41.00466
            ],
            [
              40.92973,
              40.99755
            ],
            [
              40.91977,
              40.99044
            ],
            [
              40.90067,
              40.99144
            ],
            [
              40.89072,
              40.98432
            ],
            [
              40.88076,
              40.97721
            ],
            [
              40.86166,
              40.97821
            ],
            [
              40.8517,
              40.97109
            ],
            [
              40.84174,
              40.96398
            ],
            [
              40.82264,
              40.96498
            ],
            [
              40.81268,
              40.95786
            ],
            [
              40.80272,
              40.95075
            ],
            [
              40.78363,
              40.95175
            ],
            [
              40.77367,
              40.94463
            ],
            [
              40.76371,
              40.93752
            ],
            [
              40.74461,
              40.93852
            ],
            [
              40.72552,
              40.93952
            ],
            [
              40.71556,
              40.9324
            ],
            [
              40.7056,
              40.92529
            ],
            [
              40.6865,
              40.92629
            ],
            [
              40.67654,
              40.91917
            ],
            [
              40.66658,
              40.91206
            ],
            [
              40.64749,
              40.91306
            ],
            [
              40.62839,
              40.91406
            ],
            [
              40.61843,
              40.90694
            ],
            [
              40.60847,
              40.89983
            ],
            [
              40.59851,
              40.89272
            ],
            [
              40.58855,
              40.8856
            ],
            [
              40.56945,
              40.8866
            ],
            [
              40.55949,
              40.87949
            ],
            [
              40.54954,
              40.87237
            ],
            [
              40.53044,
              40.87337
            ],
            [
              40.51134,
              40.87437
            ],
            [
              40.50138,
              40.86726
            ],
            [
              40.49142,
              40.86014
            ],
            [
              40.47233,
              40.86114
            ],
            [
              40.45323,
              40.86214
            ],
            [
              40.43413,
              40.86314
            ],
            [
              40.41504,
              40.86413
            ],
            [
              40.39594,
              40.86513
            ],
            [
              40.37684,
              40.86613
            ],
            [
              40.35775,
              40.86713
            ],
            [
              40.33865,
              40.86813
            ],
            [
              40.31955,
              40.86913
            ],
            [
              40.30046,
              40.87013
            ],
            [
              40.28136,
              40.87112
            ],
            [
              40.26226,
              40.87212
            ],
            [
              40.24317,
              40.87312
            ],
            [
              40.22407,
              40.87412
            ],
            [
              40.20497,
              40.87512
            ],
            [
              40.18588,
              40.87612
            ],
            [
              40.16678,
              40.87711
            ],
            [
              40.15682,
              40.87
            ],
            [
              40.14686,
              40.86289
            ],
            [
              40.12776,
              40.86388
            ],
            [
              40.1178,
              40.85677
            ],
            [
              40.10784,
              40.84966
            ],
            [
              40.08875,
              40.85066
            ],
            [
              40.07879,
              40.84354
            ],
            [
              40.06883,
              40.83643
            ],
            [
              40.05887,
              40.82931
            ],
            [
              40.04891,
              40.8222
            ],
            [
              40.02981,
              40.8232
            ],
            [
              40.01985,
              40.81608
            ],
            [
              40.00989,
              40.80897
            ],
            [
              39.99994,
              40.80186
            ],
            [
              39.98998,
              40.79474
            ],
            [
              39.98002,
              40.78763
            ],
            [
              39.97006,
              40.78052
            ],
            [
              39.9601,
              40.7734
            ],
            [
              39.95014,
              40.76629
            ],
            [
              39.94018,
              40.75917
            ],
            [
              39.93022,
              40.75206
            ],
            [
              39.92026,
              40.74495
            ],
            [
              39.9103,
              40.73783
            ],
            [
              39.90034,
              40.73072
            ],
            [
              39.89038,
              40.72361
            ],
            [
              39.88042,
              40.71649
            ],
            [
              39.87046,
              40.70938
            ],
            [
              39.8605,
              40.70226
            ],
            [
              39.85968,
              40.68704
            ],
            [
              39.84972,
              40.67992
            ],
            [
              39.83976,
              40.67281
            ],
            [
              39.8298,
              40.6657
            ],
            [
              39.81984,
              40.65858
            ],
            [
              39.80989,
              40.65147
            ],
            [
              39.79993,
              40.64435
            ],
            [
              39.78997,
              40.63724
            ],
            [
              39.78001,
              40.63013
            ],
            [
              39.77005,
              40.62301
            ],
            [
              39.76009,
              40.6159
            ],
            [
              39.75013,
              40.60879
            ],
            [
              39.74017,
              40.60167
            ],
            [
              39.73021,
              40.59456
            ],
            [
              39.72025,
              40.58744
            ],
            [
              39.71029,
              40.58033
            ],
            [
              39.70033,
              40.57322
            ],
            [
              39.69037,
              40.5661
            ],
            [
              39.68041,
              40.55899
            ],
            [
              39.67045,
              40.55188
            ],
            [
              39.6605,
              40.54476
            ],
            [
              39.65054,
              40.53765
            ],
            [
              39.64058,
              40.53053
            ],
            [
              39.63062,
              40.52342
            ],
            [
              39.62066,
              40.51631
            ],
            [
              39.6107,
              40.50919
            ],
            [
              39.60074,
              40.50208
            ],
            [
              39.59078,
              40.49496
            ],
            [
              39.58082,
              40.48785
            ],
            [
              39.57086,
              40.48074
            ],
            [
              39.5609,
              40.47362
            ],
            [
              39.55094,
              40.46651
            ],
            [
              39.54098,
              40.4594
            ],
            [
              39.53102,
              40.45228
            ],
            [
              39.52106,
              40.44517
            ],
            [
              39.51111,
              40.43805
            ],
            [
              39.50115,
              40.43094
            ],
            [
              39.49119,
              40.42383
            ],
            [
              39.48123,
              40.41671
            ],
            [
              39.47127,
              40.4096
            ],
            [
              39.46131,
              40.40248
            ],
            [
              39.45135,
              40.39537
            ],
            [
              39.44139,
              40.38826
            ],
            [
              39.43143,
              40.38114
            ],
            [
              39.42147,
              40.37403
            ],
            [
              39.41151,
              40.36692
            ],
            [
              39.40155,
              40.3598
            ],
            [
              39.39159,
              40.35269
            ],
            [
              39.38163,
              40.34557
            ],
            [
              39.37167,
              40.33846
            ],
            [
              39.36171,
              40.33135
            ],
            [
              39.35176,
              40.32423
            ],
            [
              39.3418,
              40.31712
            ],
            [
              39.33184,
              40.31001
            ],
            [
              39.31274,
              40.311
            ],
            [
              39.3036,
              40.31912
            ],
            [
              39.29447,
              40.32723
            ],
            [
              39.27537,
              40.32823
            ],
            [
              39.25627,
              40.32922
            ],
            [
              39.24713,
              40.33734
            ],
            [
              39.238,
              40.34545
            ],
            [
              39.2189,
              40.34645
            ],
            [
              39.20976,
              40.35456
            ],
            [
              39.20063,
              40.36267
            ],
            [
              39.18153,
              40.36367
            ],
            [
              39.16243,
              40.36467
            ],
            [
              39.15329,
              40.37278
            ],
            [
              39.14416,
              40.38089
            ],
            [
              39.12506,
              40.38189
            ],
            [
              39.10596,
              40.38289
            ],
            [
              39.09683,
              40.391
            ],
            [
              39.08769,
              40.39911
            ],
            [
              39.06859,
              40.40011
            ],
            [
              39.05863,
              40.393
            ],
            [
              39.04867,
              40.38589
            ],
            [
              39.02958,
              40.38688
            ],
            [
              39.01048,
              40.38788
            ],
            [
              38.99138,
              40.38888
            ],
            [
              38.97229,
              40.38988
            ],
            [
              38.96233,
              40.38276
            ],
            [
              38.95237,
              40.37565
            ],
            [
              38.94241,
              40.36854
            ],
            [
              38.93245,
              40.36142
            ],
            [
              38.91335,
              40.36242
            ],
            [
              38.90339,
              40.35531
            ],
            [
              38.89343,
              40.34819
            ],
            [
              38.87434,
              40.34919
            ],
            [
              38.85524,
              40.35019
            ],
            [
              38.83614,
              40.35119
            ],
            [
              38.81705,
              40.35219
            ],
            [
              38.79795,
              40.35319
            ],
            [
              38.77885,
              40.35418
            ],
            [
              38.75976,
              40.35518
            ],
            [
              38.74066,
              40.35618
            ],
            [
              38.7307,
              40.34907
            ],
            [
              38.72074,
              40.34195
            ],
            [
              38.70164,
              40.34295
            ],
            [
              38.68255,
              40.34395
            ],
            [
              38.66345,
              40.34495
            ],
            [
              38.65349,
              40.33784
            ],
            [
              38.64353,
              40.33072
            ],
            [
              38.63439,
              40.33883
            ],
            [
              38.62526,
              40.34695
            ],
            [
              38.60616,
              40.34794
            ],
            [
              38.58706,
              40.34894
            ],
            [
              38.56797,
              40.34994
            ],
            [
              38.54887,
              40.35094
            ],
            [
              38.52977,
              40.35194
            ],
            [
              38.51068,
              40.35294
            ],
            [
              38.49158,
              40.35393
            ],
            [
              38.47248,
              40.35493
            ],
            [
              38.46252,
              40.34782
            ],
            [
              38.45256,
              40.34071
            ],
            [
              38.43347,
              40.3417
            ],
            [
              38.42351,
              40.33459
            ],
            [
              38.41355,
              40.32748
            ],
            [
              38.40359,
              40.32036
            ],
            [
              38.39363,
              40.31325
            ],
            [
              38.37453,
              40.31425
            ],
            [
              38.36457,
              40.30713
            ],
            [
              38.35461,
              40.30002
            ],
            [
              38.34466,
              40.29291
            ],
            [
              38.3347,
              40.28579
            ],
            [
              38.32474,
              40.27868
            ],
            [
              38.31478,
              40.27156
            ],
            [
              38.30482,
              40.26445
            ],
            [
              38.29486,
              40.25734
            ],
            [
              38.2849,
              40.25022
            ],
            [
              38.27494,
              40.24311
            ],
            [
              38.26498,
              40.23599
            ],
            [
              38.25502,
              40.22888
            ],
            [
              38.24506,
              40.22177
            ],
            [
              38.2351,
              40.21465
            ],
            [
              38.22514,
              40.20754
            ],
            [
              38.22432,
              40.19231
            ],
            [
              38.21436,
              40.1852
            ],
            [
              38.2044,
              40.17809
            ],
            [
              38.19444,
              40.17097
            ],
            [
              38.18448,
              40.16386
            ],
            [
              38.18366,
              40.14863
            ],
            [
              38.18284,
              40.13341
            ],
            [
              38.18202,
              40.11818
            ],
            [
              38.1812,
              40.10295
            ],
            [
              38.18037,
              40.08773
            ],
            [
              38.18951,
              40.07962
            ],
            [
              38.19865,
              40.0715
            ],
            [
              38.20779,
              40.06339
            ],
            [
              38.21692,
              40.05528
            ],
            [
              38.22606,
              40.04717
            ],
            [
              38.2352,
              40.03905
            ],
            [
              38.24434,
              40.03094
            ],
            [
              38.25347,
              40.02283
            ],
            [
              38.26261,
              40.01472
            ],
            [
              38.27175,
              40.00661
            ],
            [
              38.28089,
              39.99849
            ],
            [
              38.29002,
              39.99038
            ],
            [
              38.2892,
              39.97516
            ],
            [
              38.27924,
              39.96804
            ],
            [
              38.26928,
              39.96093
            ],
            [
              38.25932,
              39.95381
            ],
            [
              38.24936,
              39.9467
            ],
            [
              38.2394,
              39.93959
            ],
            [
              38.22944,
              39.93247
            ],
            [
              38.21949,
              39.92536
            ],
            [
              38.20953,
              39.91824
            ],
            [
              38.19957,
              39.91113
            ],
            [
              38.18961,
              39.90402
            ],
            [
              38.17965,
              39.8969
            ],
            [
              38.16969,
              39.88979
            ],
            [
              38.15973,
              39.88268
            ],
            [
              38.14977,
              39.87556
            ],
            [
              38.14895,
              39.86034
            ],
            [
              38.15809,
              39.85222
            ],
            [
              38.16722,
              39.84411
            ],
            [
              38.17636,
              39.836
            ],
            [
              38.1855,
              39.82789
            ],
            [
              38.19464,
              39.81977
            ],
            [
              38.20377,
              39.81166
            ],
            [
              38.21291,
              39.80355
            ],
            [
              38.22205,
              39.79544
            ],
            [
              38.22123,
              39.78021
            ],
            [
              38.23036,
              39.7721
            ],
            [
              38.2395,
              39.76399
            ],
            [
              38.24864,
              39.75588
            ],
            [
              38.25777,
              39.74776
            ],
            [
              38.26691,
              39.73965
            ],
            [
              38.27605,
              39.73154
            ],
            [
              38.28519,
              39.72343
            ],
            [
              38.29432,
              39.71531
            ],
            [
              38.30346,
              39.7072
            ],
            [
              38.3126,
              39.69909
            ],
            [
              38.32174,
              39.69098
            ],
            [
              38.33087,
              39.68287
            ],
            [
              38.34001,
              39.67475
            ],
            [
              38.34915,
              39.66664
            ],
            [
              38.35829,
              39.65853
            ],
            [
              38.36742,
              39.65042
            ],
            [
              38.37656,
              39.6423
            ],
            [
              38.3857,
              39.63419
            ],
            [
              38.39484,
              39.62608
            ],
            [
              38.40397,
              39.61797
            ],
            [
              38.41311,
              39.60986
            ],
            [
              38.42225,
              39.60174
            ],
            [
              38.43139,
              39.59363
            ],
            [
              38.44052,
              39.58552
            ],
            [
              38.44966,
              39.57741
            ],
            [
              38.4588,
              39.56929
            ],
            [
              38.46794,
              39.56118
            ],
            [
              38.47707,
              39.55307
            ],
            [
              38.48621,
              39.54496
            ],
            [
              38.49535,
              39.53685
            ],
            [
              38.49453,
              39.52162
            ],
            [
              38.50366,
              39.51351
            ],
            [
              38.5128,
              39.5054
            ],
            [
              38.51198,
              39.49017
            ],
            [
              38.51116,
              39.47494
            ],
            [
              38.51033,
              39.45972
            ],
            [
              38.50951,
              39.44449
            ],
            [
              38.51865,
              39.43638
            ],
            [
              38.52779,
              39.42827
            ],
            [
              38.52697,
              39.41304
            ],
            [
              38.52614,
              39.39781
            ],
            [
              38.51618,
              39.3907
            ],
            [
              38.50622,
              39.38359
            ],
            [
              38.49627,
              39.37647
            ],
            [
              38.48631,
              39.36936
            ],
            [
              38.47635,
              39.36225
            ],
            [
              38.46639,
              39.35513
            ],
            [
              38.45643,
              39.34802
            ],
            [
              38.44647,
              39.3409
            ],
            [
              38.43651,
              39.33379
            ],
            [
              38.42655,
              39.32668
            ],
            [
              38.41659,
              39.31956
            ],
            [
              38.40663,
              39.31245
            ],
            [
              38.39667,
              39.30533
            ],
            [
              38.38671,
              39.29822
            ],
            [
              38.37675,
              39.29111
            ],
            [
              38.36679,
              39.28399
            ],
            [
              38.35683,
              39.27688
            ],
            [
              38.34688,
              39.26977
            ],
            [
              38.33692,
              39.26265
            ],
            [
              38.32696,
              39.25554
            ],
            [
              38.317,
              39.24842
            ],
            [
              38.2979,
              39.24942
            ],
            [
              38.2788,
              39.25042
            ],
            [
              38.26884,
              39.24331
            ],
            [
              38.25889,
              39.23619
            ],
            [
              38.24893,
              39.22908
            ],
            [
              38.23897,
              39.22197
            ],
            [
              38.22901,
              39.21485
            ],
            [
              38.21905,
              39.20774
            ],
            [
              38.20909,
              39.20062
            ],
            [
              38.19913,
              39.19351
            ],
            [
              38.18917,
              39.1864
            ],
            [
              38.17921,
              39.17928
            ],
            [
              38.16925,
              39.17217
            ],
            [
              38.15929,
              39.16506
            ],
            [
              38.14933,
              39.15794
            ],
            [
              38.13937,
              39.15083
            ],
            [
              38.12941,
              39.14371
            ],
            [
              38.12859,
              39.12849
            ],
            [
              38.12777,
              39.11326
            ],
            [
              38.11781,
              39.10615
            ],
            [
              38.10785,
              39.09903
            ],
            [
              38.09789,
              39.09192
            ],
            [
              38.08793,
              39.08481
            ],
            [
              38.07797,
              39.07769
            ],
            [
              38.06801,
              39.07058
            ],
            [
              38.06719,
              39.05535
            ],
            [
              38.06637,
              39.04013
            ],
            [
              38.06555,
              39.0249
            ],
            [
              38.06473,
              39.00967
            ],
            [
              38.0639,
              38.99445
            ],
            [
              38.07304,
              38.98634
            ],
            [
              38.08218,
              38.97822
            ],
            [
              38.09132,
              38.97011
            ],
            [
              38.10045,
              38.962
            ],
            [
              38.10959,
              38.95389
            ],
            [
              38.11873,
              38.94578
            ],
            [
              38.12787,
              38.93766
            ],
            [
              38.137,
              38.92955
            ],
            [
              38.14614,
              38.92144
            ],
            [
              38.15528,
              38.91333
            ],
            [
              38.16442,
              38.90521
            ],
            [
              38.17355,
              38.8971
            ],
            [
              38.18269,
              38.88899
            ],
            [
              38.19183,
              38.88088
            ],
            [
              38.20096,
              38.87277
            ],
            [
              38.2101,
              38.86465
            ],
            [
              38.21924,
              38.85654
            ],
            [
              38.23834,
              38.85554
            ],
            [
              38.25743,
              38.85454
            ],
            [
              38.26657,
              38.84643
            ],
            [
              38.27571,
              38.83832
            ],
            [
              38.2948,
              38.83732
            ],
            [
              38.30394,
              38.82921
            ],
            [
              38.31308,
              38.8211
            ],
            [
              38.33218,
              38.8201
            ],
            [
              38.34131,
              38.81199
            ],
            [
              38.35045,
              38.80387
            ],
            [
              38.36955,
              38.80288
            ],
            [
              38.38864,
              38.80188
            ],
            [
              38.39778,
              38.79377
            ],
            [
              38.40692,
              38.78565
            ],
            [
              38.42602,
              38.78465
            ],
            [
              38.44511,
              38.78366
            ],
            [
              38.46421,
              38.78266
            ],
            [
              38.48331,
              38.78166
            ],
            [
              38.5024,
              38.78066
            ],
            [
              38.5215,
              38.77966
            ],
            [
              38.5406,
              38.77866
            ],
            [
              38.54973,
              38.77055
            ],
            [
              38.55887,
              38.76244
            ],
            [
              38.56801,
              38.75433
            ],
            [
              38.57715,
              38.74622
            ],
            [
              38.58628,
              38.7381
            ],
            [
              38.59542,
              38.72999
            ],
            [
              38.60456,
              38.72188
            ],
            [
              38.6137,
              38.71377
            ],
            [
              38.62283,
              38.70565
            ],
            [
              38.63197,
              38.69754
            ],
            [
              38.64111,
              38.68943
            ],
            [
              38.65025,
              38.68132
            ],
            [
              38.65938,
              38.67321
            ],
            [
              38.66852,
              38.66509
            ],
            [
              38.67766,
              38.65698
            ],
            [
              38.6868,
              38.64887
            ],
            [
              38.70589,
              38.64787
            ],
            [
              38.72499,
              38.64687
            ],
            [
              38.74409,
              38.64587
            ],
            [
              38.76318,
              38.64488
            ],
            [
              38.78228,
              38.64388
            ],
            [
              38.79142,
              38.63576
            ],
            [
              38.80055,
              38.62765
            ],
            [
              38.80969,
              38.61954
            ],
            [
              38.81883,
              38.61143
            ],
            [
              38.82797,
              38.60332
            ],
            [
              38.8371,
              38.5952
            ],
            [
              38.84624,
              38.58709
            ],
            [
              38.85538,
              38.57898
            ],
            [
              38.86452,
              38.57087
            ],
            [
              38.87365,
              38.56275
            ],
            [
              38.88279,
              38.55464
            ],
            [
              38.89193,
              38.54653
            ],
            [
              38.90107,
              38.53842
            ],
            [
              38.9102,
              38.53031
            ],
            [
              38.92016,
              38.53742
            ],
            [
              38.93012,
              38.54453
            ],
            [
              38.94008,
              38.55165
            ],
            [
              38.95004,
              38.55876
            ],
            [
              38.96,
              38.56587
            ],
            [
              38.96996,
              38.57299
            ],
            [
              38.98906,
              38.57199
            ],
            [
              39.00815,
              38.57099
            ],
            [
              39.02725,
              38.56999
            ],
            [
              39.03721,
              38.57711
            ],
            [
              39.04717,
              38.58422
            ],
            [
              39.06626,
              38.58322
            ],
            [
              39.08536,
              38.58222
            ],
            [
              39.09532,
              38.58934
            ],
            [
              39.10528,
              38.59645
            ],
            [
              39.12438,
              38.59545
            ],
            [
              39.13434,
              38.60257
            ],
            [
              39.1443,
              38.60968
            ],
            [
              39.16339,
              38.60868
            ],
            [
              39.17253,
              38.60057
            ],
            [
              39.18167,
              38.59246
            ],
            [
              39.1908,
              38.58435
            ],
            [
              39.19994,
              38.57623
            ],
            [
              39.20908,
              38.56812
            ],
            [
              39.21822,
              38.56001
            ],
            [
              39.22735,
              38.5519
            ],
            [
              39.23649,
              38.54379
            ],
            [
              39.24563,
              38.53567
            ],
            [
              39.25477,
              38.52756
            ],
            [
              39.2639,
              38.51945
            ],
            [
              39.27304,
              38.51134
            ],
            [
              39.28218,
              38.50322
            ],
            [
              39.29132,
              38.49511
            ],
            [
              39.30045,
              38.487
            ],
            [
              39.30959,
              38.47889
            ],
            [
              39.31873,
              38.47078
            ],
            [
              39.32787,
              38.46266
            ],
            [
              39.337,
              38.45455
            ],
            [
              39.34614,
              38.44644
            ],
            [
              39.35528,
              38.43833
            ],
            [
              39.36442,
              38.43021
            ],
            [
              39.37355,
              38.4221
            ],
            [
              39.38269,
              38.41399
            ],
            [
              39.39183,
              38.40588
            ],
            [
              39.40096,
              38.39777
            ],
            [
              39.4101,
              38.38965
            ],
            [
              39.41924,
              38.38154
            ],
            [
              39.43834,
              38.38054
            ],
            [
              39.44747,
              38.37243
            ],
            [
              39.45661,
              38.36432
            ],
            [
              39.47571,
              38.36332
            ],
            [
              39.48485,
              38.35521
            ],
            [
              39.49398,
              38.3471
            ],
            [
              39.51308,
              38.3461
            ],
            [
              39.53218,
              38.3451
            ],
            [
              39.54131,
              38.33699
            ],
            [
              39.55045,
              38.32887
            ],
            [
              39.56955,
              38.32788
            ],
            [
              39.57869,
              38.31976
            ],
            [
              39.58782,
              38.31165
            ],
            [
              39.59696,
              38.30354
            ],
            [
              39.6061,
              38.29543
            ],
            [
              39.62519,
              38.29443
            ],
            [
              39.64429,
              38.29343
            ],
            [
              39.66339,
              38.29243
            ],
            [
              39.68248,
              38.29143
            ],
            [
              39.69162,
              38.28332
            ],
            [
              39.70076,
              38.27521
            ],
            [
              39.7099,
              38.2671
            ],
            [
              39.71903,
              38.25898
            ],
            [
              39.72817,
              38.25087
            ],
            [
              39.73731,
              38.24276
            ],
            [
              39.74645,
              38.23465
            ],
            [
              39.75558,
              38.22654
            ],
            [
              39.76472,
              38.21842
            ],
            [
              39.77386,
              38.21031
            ],
            [
              39.783,
              38.2022
            ],
            [
              39.79213,
              38.19409
            ],
            [
              39.80127,
              38.18597
            ],
            [
              39.81041,
              38.17786
            ],
            [
              39.81955,
              38.16975
            ],
            [
              39.82868,
              38.16164
            ],
            [
              39.83782,
              38.15353
            ],
            [
              39.84696,
              38.14541
            ],
            [
              39.8561,
              38.1373
            ],
            [
              39.86523,
              38.12919
            ],
            [
              39.87437,
              38.12108
            ],
            [
              39.88351,
              38.11296
            ],
            [
              39.89264,
              38.10485
            ],
            [
              39.90178,
              38.09674
            ],
            [
              39.91092,
              38.08863
            ],
            [
              39.92006,
              38.08052
            ],
            [
              39.92919,
              38.0724
            ],
            [
              39.93833,
              38.06429
            ],
            [
              39.94747,
              38.05618
            ],
            [
              39.95661,
              38.04807
            ],
            [
              39.96574,
              38.03995
            ],
            [
              39.97488,
              38.03184
            ],
            [
              39.98402,
              38.02373
            ],
            [
              39.99316,
              38.01562
            ],
            [
              40.00229,
              38.00751
            ],
            [
              40.01143,
              37.99939
            ],
            [
              40.03053,
              37.9984
            ],
            [
              40.04962,
              37.9974
            ],
            [
              40.05876,
              37.98928
            ],
            [
              40.0679,
              37.98117
            ],
            [
              40.087,
              37.98017
            ],
            [
              40.10609,
              37.97918
            ],
            [
              40.12519,
              37.97818
            ],
            [
              40.14429,
              37.97718
            ],
            [
              40.16338,
              37.97618
            ],
            [
              40.18248,
              37.97518
            ],
            [
              40.19244,
              37.9823
            ],
            [
              40.2024,
              37.98941
            ],
            [
              40.21154,
              37.9813
            ],
            [
              40.22067,
              37.97319
            ],
            [
              40.23063,
              37.9803
            ],
            [
              40.24059,
              37.98741
            ],
            [
              40.25969,
              37.98641
            ],
            [
              40.27879,
              37.98542
            ],
            [
              40.29788,
              37.98442
            ],
            [
              40.31698,
              37.98342
            ],
            [
              40.33608,
              37.98242
            ],
            [
              40.35517,
              37.98142
            ],
            [
              40.37427,
              37.98042
            ],
            [
              40.39337,
              37.97943
            ],
            [
              40.41246,
              37.97843
            ],
            [
              40.43156,
              37.97743
            ],
            [
              40.4407,
              37.96932
            ],
            [
              40.44983,
              37.9612
            ],
            [
              40.46893,
              37.96021
            ],
            [
              40.47807,
              37.95209
            ],
            [
              40.48721,
              37.94398
            ],
            [
              40.5063,
              37.94298
            ],
            [
              40.5254,
              37.94198
            ],
            [
              40.5445,
              37.94099
            ],
            [
              40.56359,
              37.93999
            ],
            [
              40.58269,
              37.93899
            ],
            [
              40.60179,
              37.93799
            ],
            [
              40.62088,
              37.93699
            ],
            [
              40.63998,
              37.93599
            ],
            [
              40.65908,
              37.935
            ],
            [
              40.67817,
              37.934
            ],
            [
              40.69727,
              37.933
            ],
            [
              40.71637,
              37.932
            ],
            [
              40.7255,
              37.92389
            ],
            [
              40.73464,
              37.91578
            ],
            [
              40.75374,
              37.91478
            ],
            [
              40.76288,
              37.90667
            ],
            [
              40.77201,
              37.89855
            ],
            [
              40.78115,
              37.89044
            ],
            [
              40.79029,
              37.88233
            ],
            [
              40.79943,
              37.87422
            ],
            [
              40.80856,
              37.8661
            ],
            [
              40.82766,
              37.86511
            ],
            [
              40.84676,
              37.86411
            ],
            [
              40.86585,
              37.86311
            ],
            [
              40.88495,
              37.86211
            ],
            [
              40.90405,
              37.86111
            ],
            [
              40.91318,
              37.853
            ],
            [
              40.92232,
              37.84489
            ],
            [
              40.93146,
              37.83678
            ],
            [
              40.9406,
              37.82866
            ],
            [
              40.95969,
              37.82767
            ],
            [
              40.97879,
              37.82667
            ],
            [
              40.99789,
              37.82567
            ],
            [
              41.01698,
              37.82467
            ],
            [
              41.02612,
              37.81656
            ],
            [
              41.03526,
              37.80845
            ],
            [
              41.05436,
              37.80745
            ],
            [
              41.07345,
              37.80645
            ],
            [
              41.09255,
              37.80545
            ],
            [
              41.11165,
              37.80445
            ],
            [
              41.13074,
              37.80345
            ],
            [
              41.14984,
              37.80246
            ],
            [
              41.16894,
              37.80146
            ],
            [
              41.18803,
              37.80046
            ],
            [
              41.20713,
              37.79946
            ],
            [
              41.22623,
              37.79846
            ],
            [
              41.24532,
              37.79746
            ],
            [
              41.26442,
              37.79647
            ],
            [
              41.28352,
              37.79547
            ],
            [
              41.30261,
              37.79447
            ],
            [
              41.32171,
              37.79347
            ],
            [
              41.34081,
              37.79247
            ],
            [
              41.3599,
              37.79147
            ],
            [
              41.379,
              37.79048
            ],
            [
              41.38896,
              37.79759
            ],
            [
              41.39892,
              37.8047
            ],
            [
              41.40806,
              37.79659
            ],
            [
              41.41719,
              37.78848
            ],
            [
              41.42633,
              37.78037
            ],
            [
              41.43547,
              37.77225
            ],
            [
              41.44461,
              37.76414
            ],
            [
              41.45374,
              37.75603
            ],
            [
              41.46288,
              37.74792
            ],
            [
              41.47202,
              37.73981
            ],
            [
              41.48116,
              37.73169
            ],
            [
              41.49029,
              37.72358
            ]
          ]
        ]
      }
    },
    {
      "type": "Feature",
      "properties": {
        "id": "eastern",
        "nameHy": "Արևելյան Հայաստան",
        "nameEn": "Eastern Armenia",
        "provinceCount": 6,
        "provinceIds": [
          "gugark",
          "ayrarat",
          "utik",
          "artsakh",
          "paytakaran",
          "syunik"
        ],
        "labelCenter": [
          46.2,
          40.05
        ],
        "coverageSourceFeatureId": "provinces",
        "source": "Partitioned from the user-uploaded map coverage with the 15 historical province boundaries",
        "metrics": {
          "areaKm2": 123494,
          "perimeterKm": 2154,
          "eastWestKm": 690,
          "northSouthKm": 399,
          "centroid": [
            45.56062,
            40.11909
          ],
          "sharePercent": 38.9
        }
      },
      "geometry": {
        "type": "Polygon",
        "coordinates": [
          [
            [
              45.11926,
              39.49592
            ],
            [
              45.12009,
              39.51115
            ],
            [
              45.12091,
              39.52637
            ],
            [
              45.13087,
              39.53349
            ],
            [
              45.14996,
              39.53249
            ],
            [
              45.16906,
              39.53149
            ],
            [
              45.18816,
              39.53049
            ],
            [
              45.20725,
              39.52949
            ],
            [
              45.22635,
              39.5285
            ],
            [
              45.24545,
              39.5275
            ],
            [
              45.25459,
              39.51939
            ],
            [
              45.26372,
              39.51127
            ],
            [
              45.28282,
              39.51028
            ],
            [
              45.29196,
              39.50216
            ],
            [
              45.30109,
              39.49405
            ],
            [
              45.31023,
              39.48594
            ],
            [
              45.30941,
              39.47071
            ],
            [
              45.31855,
              39.4626
            ],
            [
              45.32768,
              39.45449
            ],
            [
              45.32686,
              39.43926
            ],
            [
              45.336,
              39.43115
            ],
            [
              45.34514,
              39.42304
            ],
            [
              45.34432,
              39.40781
            ],
            [
              45.35345,
              39.3997
            ],
            [
              45.36259,
              39.39159
            ],
            [
              45.36177,
              39.37636
            ],
            [
              45.37091,
              39.36825
            ],
            [
              45.38004,
              39.36014
            ],
            [
              45.38918,
              39.35202
            ],
            [
              45.40828,
              39.35103
            ],
            [
              45.41741,
              39.34291
            ],
            [
              45.42655,
              39.3348
            ],
            [
              45.44565,
              39.3338
            ],
            [
              45.46475,
              39.33281
            ],
            [
              45.48384,
              39.33181
            ],
            [
              45.49298,
              39.32369
            ],
            [
              45.50212,
              39.31558
            ],
            [
              45.52121,
              39.31458
            ],
            [
              45.54031,
              39.31359
            ],
            [
              45.55941,
              39.31259
            ],
            [
              45.5785,
              39.31159
            ],
            [
              45.5976,
              39.31059
            ],
            [
              45.6167,
              39.30959
            ],
            [
              45.63579,
              39.30859
            ],
            [
              45.65489,
              39.3076
            ],
            [
              45.67399,
              39.3066
            ],
            [
              45.69308,
              39.3056
            ],
            [
              45.70222,
              39.29749
            ],
            [
              45.71136,
              39.28937
            ],
            [
              45.7205,
              39.28126
            ],
            [
              45.71968,
              39.26604
            ],
            [
              45.71885,
              39.25081
            ],
            [
              45.71803,
              39.23558
            ],
            [
              45.70807,
              39.22847
            ],
            [
              45.69811,
              39.22136
            ],
            [
              45.69729,
              39.20613
            ],
            [
              45.69647,
              39.1909
            ],
            [
              45.68651,
              39.18379
            ],
            [
              45.67655,
              39.17668
            ],
            [
              45.67573,
              39.16145
            ],
            [
              45.67491,
              39.14622
            ],
            [
              45.68404,
              39.13811
            ],
            [
              45.69318,
              39.13
            ],
            [
              45.70232,
              39.12189
            ],
            [
              45.72142,
              39.12089
            ],
            [
              45.74051,
              39.11989
            ],
            [
              45.75961,
              39.11889
            ],
            [
              45.76957,
              39.12601
            ],
            [
              45.77953,
              39.13312
            ],
            [
              45.78949,
              39.14023
            ],
            [
              45.79945,
              39.14735
            ],
            [
              45.81854,
              39.14635
            ],
            [
              45.8285,
              39.15346
            ],
            [
              45.83846,
              39.16058
            ],
            [
              45.85756,
              39.15958
            ],
            [
              45.86752,
              39.16669
            ],
            [
              45.87748,
              39.17381
            ],
            [
              45.88661,
              39.16569
            ],
            [
              45.89575,
              39.15758
            ],
            [
              45.90489,
              39.14947
            ],
            [
              45.90407,
              39.13424
            ],
            [
              45.9132,
              39.12613
            ],
            [
              45.92234,
              39.11802
            ],
            [
              45.93148,
              39.10991
            ],
            [
              45.95058,
              39.10891
            ],
            [
              45.96967,
              39.10791
            ],
            [
              45.98877,
              39.10691
            ],
            [
              45.99873,
              39.11403
            ],
            [
              46.00869,
              39.12114
            ],
            [
              46.02779,
              39.12014
            ],
            [
              46.04688,
              39.11914
            ],
            [
              46.05684,
              39.12626
            ],
            [
              46.0668,
              39.13337
            ],
            [
              46.07676,
              39.14048
            ],
            [
              46.08672,
              39.1476
            ],
            [
              46.10582,
              39.1466
            ],
            [
              46.12491,
              39.1456
            ],
            [
              46.14401,
              39.1446
            ],
            [
              46.15315,
              39.13649
            ],
            [
              46.15233,
              39.12126
            ],
            [
              46.1515,
              39.10604
            ],
            [
              46.16064,
              39.09793
            ],
            [
              46.16978,
              39.08981
            ],
            [
              46.16896,
              39.07459
            ],
            [
              46.17809,
              39.06648
            ],
            [
              46.18723,
              39.05836
            ],
            [
              46.18641,
              39.04314
            ],
            [
              46.18559,
              39.02791
            ],
            [
              46.18477,
              39.01269
            ],
            [
              46.18394,
              38.99746
            ],
            [
              46.18312,
              38.98223
            ],
            [
              46.19226,
              38.97412
            ],
            [
              46.2014,
              38.96601
            ],
            [
              46.20057,
              38.95078
            ],
            [
              46.19975,
              38.93556
            ],
            [
              46.20889,
              38.92744
            ],
            [
              46.21803,
              38.91933
            ],
            [
              46.2172,
              38.90411
            ],
            [
              46.21638,
              38.88888
            ],
            [
              46.22552,
              38.88077
            ],
            [
              46.23466,
              38.87266
            ],
            [
              46.23384,
              38.85743
            ],
            [
              46.24297,
              38.84932
            ],
            [
              46.25211,
              38.84121
            ],
            [
              46.26125,
              38.83309
            ],
            [
              46.28034,
              38.83209
            ],
            [
              46.29944,
              38.8311
            ],
            [
              46.31854,
              38.8301
            ],
            [
              46.3285,
              38.83721
            ],
            [
              46.33846,
              38.84433
            ],
            [
              46.34842,
              38.85144
            ],
            [
              46.35838,
              38.85855
            ],
            [
              46.36834,
              38.86567
            ],
            [
              46.37829,
              38.87278
            ],
            [
              46.39739,
              38.87178
            ],
            [
              46.41649,
              38.87078
            ],
            [
              46.43558,
              38.86979
            ],
            [
              46.45468,
              38.86879
            ],
            [
              46.47378,
              38.86779
            ],
            [
              46.49288,
              38.86679
            ],
            [
              46.51197,
              38.86579
            ],
            [
              46.53107,
              38.86479
            ],
            [
              46.55017,
              38.8638
            ],
            [
              46.56926,
              38.8628
            ],
            [
              46.5784,
              38.85468
            ],
            [
              46.58754,
              38.84657
            ],
            [
              46.60663,
              38.84557
            ],
            [
              46.62573,
              38.84458
            ],
            [
              46.63569,
              38.85169
            ],
            [
              46.64565,
              38.8588
            ],
            [
              46.65561,
              38.86592
            ],
            [
              46.66557,
              38.87303
            ],
            [
              46.67553,
              38.88014
            ],
            [
              46.68549,
              38.88726
            ],
            [
              46.69545,
              38.89437
            ],
            [
              46.70541,
              38.90149
            ],
            [
              46.71536,
              38.9086
            ],
            [
              46.71619,
              38.92383
            ],
            [
              46.72615,
              38.93094
            ],
            [
              46.73611,
              38.93805
            ],
            [
              46.73693,
              38.95328
            ],
            [
              46.74689,
              38.96039
            ],
            [
              46.75685,
              38.96751
            ],
            [
              46.76681,
              38.97462
            ],
            [
              46.7859,
              38.97362
            ],
            [
              46.79586,
              38.98074
            ],
            [
              46.80582,
              38.98785
            ],
            [
              46.81578,
              38.99496
            ],
            [
              46.8166,
              39.01019
            ],
            [
              46.81742,
              39.02542
            ],
            [
              46.82738,
              39.03253
            ],
            [
              46.83734,
              39.03964
            ],
            [
              46.83816,
              39.05487
            ],
            [
              46.83899,
              39.0701
            ],
            [
              46.83981,
              39.08532
            ],
            [
              46.84977,
              39.09244
            ],
            [
              46.85973,
              39.09955
            ],
            [
              46.86055,
              39.11478
            ],
            [
              46.86137,
              39.13
            ],
            [
              46.86219,
              39.14523
            ],
            [
              46.86301,
              39.16045
            ],
            [
              46.86384,
              39.17568
            ],
            [
              46.8738,
              39.18279
            ],
            [
              46.88376,
              39.18991
            ],
            [
              46.88458,
              39.20513
            ],
            [
              46.89454,
              39.21225
            ],
            [
              46.9045,
              39.21936
            ],
            [
              46.91446,
              39.22648
            ],
            [
              46.92441,
              39.23359
            ],
            [
              46.93437,
              39.2407
            ],
            [
              46.94433,
              39.24782
            ],
            [
              46.95429,
              39.25493
            ],
            [
              46.97339,
              39.25393
            ],
            [
              46.98335,
              39.26105
            ],
            [
              46.99331,
              39.26816
            ],
            [
              47.01241,
              39.26716
            ],
            [
              47.02236,
              39.27428
            ],
            [
              47.03232,
              39.28139
            ],
            [
              47.04228,
              39.2885
            ],
            [
              47.05224,
              39.29562
            ],
            [
              47.07134,
              39.29462
            ],
            [
              47.0813,
              39.30173
            ],
            [
              47.09126,
              39.30885
            ],
            [
              47.11035,
              39.30785
            ],
            [
              47.12031,
              39.31496
            ],
            [
              47.13027,
              39.32208
            ],
            [
              47.14937,
              39.32108
            ],
            [
              47.15933,
              39.32819
            ],
            [
              47.16929,
              39.3353
            ],
            [
              47.18839,
              39.33431
            ],
            [
              47.19752,
              39.32619
            ],
            [
              47.20666,
              39.31808
            ],
            [
              47.2158,
              39.30997
            ],
            [
              47.22494,
              39.30186
            ],
            [
              47.23407,
              39.29374
            ],
            [
              47.24321,
              39.28563
            ],
            [
              47.25235,
              39.27752
            ],
            [
              47.25153,
              39.26229
            ],
            [
              47.26066,
              39.25418
            ],
            [
              47.2698,
              39.24607
            ],
            [
              47.27894,
              39.23796
            ],
            [
              47.29803,
              39.23696
            ],
            [
              47.30717,
              39.22885
            ],
            [
              47.31631,
              39.22074
            ],
            [
              47.33541,
              39.21974
            ],
            [
              47.34454,
              39.21162
            ],
            [
              47.35368,
              39.20351
            ],
            [
              47.36282,
              39.1954
            ],
            [
              47.37196,
              39.18729
            ],
            [
              47.38109,
              39.17918
            ],
            [
              47.38027,
              39.16395
            ],
            [
              47.37945,
              39.14872
            ],
            [
              47.37863,
              39.1335
            ],
            [
              47.37781,
              39.11827
            ],
            [
              47.37698,
              39.10305
            ],
            [
              47.38612,
              39.09493
            ],
            [
              47.39526,
              39.08682
            ],
            [
              47.39444,
              39.07159
            ],
            [
              47.39361,
              39.05637
            ],
            [
              47.40275,
              39.04826
            ],
            [
              47.41189,
              39.04014
            ],
            [
              47.42103,
              39.03203
            ],
            [
              47.43016,
              39.02392
            ],
            [
              47.42934,
              39.00869
            ],
            [
              47.43848,
              39.00058
            ],
            [
              47.44762,
              38.99247
            ],
            [
              47.44679,
              38.97724
            ],
            [
              47.45593,
              38.96913
            ],
            [
              47.46507,
              38.96102
            ],
            [
              47.46425,
              38.94579
            ],
            [
              47.47339,
              38.93768
            ],
            [
              47.48252,
              38.92957
            ],
            [
              47.47256,
              38.92245
            ],
            [
              47.4626,
              38.91534
            ],
            [
              47.45264,
              38.90823
            ],
            [
              47.44269,
              38.90111
            ],
            [
              47.43273,
              38.894
            ],
            [
              47.41363,
              38.895
            ],
            [
              47.40367,
              38.88788
            ],
            [
              47.39371,
              38.88077
            ],
            [
              47.38375,
              38.87366
            ],
            [
              47.38293,
              38.85843
            ],
            [
              47.38211,
              38.8432
            ],
            [
              47.38129,
              38.82798
            ],
            [
              47.37133,
              38.82086
            ],
            [
              47.36137,
              38.81375
            ],
            [
              47.36054,
              38.79852
            ],
            [
              47.35972,
              38.7833
            ],
            [
              47.3589,
              38.76807
            ],
            [
              47.34894,
              38.76096
            ],
            [
              47.33898,
              38.75385
            ],
            [
              47.33816,
              38.73862
            ],
            [
              47.33734,
              38.72339
            ],
            [
              47.33652,
              38.70817
            ],
            [
              47.34565,
              38.70005
            ],
            [
              47.35479,
              38.69194
            ],
            [
              47.36393,
              38.68383
            ],
            [
              47.37307,
              38.67572
            ],
            [
              47.3822,
              38.66761
            ],
            [
              47.39134,
              38.65949
            ],
            [
              47.40048,
              38.65138
            ],
            [
              47.40962,
              38.64327
            ],
            [
              47.41875,
              38.63516
            ],
            [
              47.43785,
              38.63416
            ],
            [
              47.44699,
              38.62605
            ],
            [
              47.45612,
              38.61793
            ],
            [
              47.46608,
              38.62505
            ],
            [
              47.47604,
              38.63216
            ],
            [
              47.486,
              38.63928
            ],
            [
              47.49596,
              38.64639
            ],
            [
              47.50592,
              38.6535
            ],
            [
              47.51588,
              38.66062
            ],
            [
              47.52584,
              38.66773
            ],
            [
              47.5358,
              38.67484
            ],
            [
              47.54576,
              38.68196
            ],
            [
              47.55572,
              38.68907
            ],
            [
              47.56568,
              38.69619
            ],
            [
              47.57564,
              38.7033
            ],
            [
              47.5856,
              38.71041
            ],
            [
              47.59556,
              38.71753
            ],
            [
              47.60551,
              38.72464
            ],
            [
              47.61547,
              38.73176
            ],
            [
              47.63457,
              38.73076
            ],
            [
              47.65367,
              38.72976
            ],
            [
              47.66363,
              38.73687
            ],
            [
              47.67359,
              38.74399
            ],
            [
              47.69268,
              38.74299
            ],
            [
              47.71178,
              38.74199
            ],
            [
              47.72092,
              38.73388
            ],
            [
              47.73005,
              38.72576
            ],
            [
              47.74915,
              38.72477
            ],
            [
              47.75829,
              38.71665
            ],
            [
              47.76743,
              38.70854
            ],
            [
              47.78652,
              38.70754
            ],
            [
              47.79566,
              38.69943
            ],
            [
              47.8048,
              38.69132
            ],
            [
              47.81394,
              38.68321
            ],
            [
              47.82307,
              38.67509
            ],
            [
              47.84217,
              38.6741
            ],
            [
              47.86127,
              38.6731
            ],
            [
              47.87123,
              38.68021
            ],
            [
              47.88118,
              38.68733
            ],
            [
              47.90028,
              38.68633
            ],
            [
              47.91024,
              38.69344
            ],
            [
              47.9202,
              38.70056
            ],
            [
              47.9393,
              38.69956
            ],
            [
              47.94926,
              38.70667
            ],
            [
              47.95922,
              38.71378
            ],
            [
              47.96917,
              38.7209
            ],
            [
              47.97913,
              38.72801
            ],
            [
              47.98909,
              38.73513
            ],
            [
              47.99905,
              38.74224
            ],
            [
              48.00901,
              38.74935
            ],
            [
              48.01897,
              38.75647
            ],
            [
              48.02893,
              38.76358
            ],
            [
              48.03889,
              38.77069
            ],
            [
              48.04885,
              38.77781
            ],
            [
              48.05881,
              38.78492
            ],
            [
              48.07791,
              38.78392
            ],
            [
              48.08787,
              38.79104
            ],
            [
              48.09782,
              38.79815
            ],
            [
              48.10778,
              38.80527
            ],
            [
              48.11774,
              38.81238
            ],
            [
              48.13684,
              38.81138
            ],
            [
              48.15594,
              38.81038
            ],
            [
              48.16507,
              38.80227
            ],
            [
              48.17421,
              38.79416
            ],
            [
              48.18335,
              38.78605
            ],
            [
              48.19249,
              38.77793
            ],
            [
              48.20162,
              38.76982
            ],
            [
              48.21076,
              38.76171
            ],
            [
              48.2199,
              38.7536
            ],
            [
              48.22904,
              38.74548
            ],
            [
              48.23817,
              38.73737
            ],
            [
              48.24731,
              38.72926
            ],
            [
              48.25645,
              38.72115
            ],
            [
              48.26559,
              38.71304
            ],
            [
              48.27472,
              38.70492
            ],
            [
              48.28386,
              38.69681
            ],
            [
              48.293,
              38.6887
            ],
            [
              48.30214,
              38.68059
            ],
            [
              48.32123,
              38.67959
            ],
            [
              48.33037,
              38.67148
            ],
            [
              48.33951,
              38.66336
            ],
            [
              48.34864,
              38.65525
            ],
            [
              48.35778,
              38.64714
            ],
            [
              48.36692,
              38.63903
            ],
            [
              48.37606,
              38.63092
            ],
            [
              48.38519,
              38.6228
            ],
            [
              48.39433,
              38.61469
            ],
            [
              48.40347,
              38.60658
            ],
            [
              48.41261,
              38.59847
            ],
            [
              48.42174,
              38.59035
            ],
            [
              48.43088,
              38.58224
            ],
            [
              48.44002,
              38.57413
            ],
            [
              48.44916,
              38.56602
            ],
            [
              48.45829,
              38.55791
            ],
            [
              48.46743,
              38.54979
            ],
            [
              48.47657,
              38.54168
            ],
            [
              48.48571,
              38.53357
            ],
            [
              48.5048,
              38.53257
            ],
            [
              48.5239,
              38.53157
            ],
            [
              48.543,
              38.53057
            ],
            [
              48.55213,
              38.52246
            ],
            [
              48.56127,
              38.51435
            ],
            [
              48.57041,
              38.50624
            ],
            [
              48.57955,
              38.49812
            ],
            [
              48.58868,
              38.49001
            ],
            [
              48.59782,
              38.4819
            ],
            [
              48.60696,
              38.47379
            ],
            [
              48.61609,
              38.46568
            ],
            [
              48.62523,
              38.45756
            ],
            [
              48.63437,
              38.44945
            ],
            [
              48.64351,
              38.44134
            ],
            [
              48.65264,
              38.43323
            ],
            [
              48.66178,
              38.42512
            ],
            [
              48.67092,
              38.417
            ],
            [
              48.68006,
              38.40889
            ],
            [
              48.68919,
              38.40078
            ],
            [
              48.69833,
              38.39267
            ],
            [
              48.70747,
              38.38455
            ],
            [
              48.71661,
              38.37644
            ],
            [
              48.72574,
              38.36833
            ],
            [
              48.73488,
              38.36022
            ],
            [
              48.74402,
              38.35211
            ],
            [
              48.76312,
              38.35111
            ],
            [
              48.78221,
              38.35011
            ],
            [
              48.79217,
              38.35722
            ],
            [
              48.80213,
              38.36434
            ],
            [
              48.82123,
              38.36334
            ],
            [
              48.84032,
              38.36234
            ],
            [
              48.85942,
              38.36134
            ],
            [
              48.87852,
              38.36034
            ],
            [
              48.88848,
              38.36746
            ],
            [
              48.89844,
              38.37457
            ],
            [
              48.91753,
              38.37357
            ],
            [
              48.93663,
              38.37257
            ],
            [
              48.95573,
              38.37157
            ],
            [
              48.97482,
              38.37058
            ],
            [
              48.98478,
              38.37769
            ],
            [
              48.99474,
              38.3848
            ],
            [
              49.01384,
              38.38381
            ],
            [
              49.0238,
              38.39092
            ],
            [
              49.03376,
              38.39803
            ],
            [
              49.04372,
              38.40515
            ],
            [
              49.05368,
              38.41226
            ],
            [
              49.06364,
              38.41937
            ],
            [
              49.0736,
              38.42649
            ],
            [
              49.08355,
              38.4336
            ],
            [
              49.09351,
              38.44072
            ],
            [
              49.10347,
              38.44783
            ],
            [
              49.11343,
              38.45494
            ],
            [
              49.12339,
              38.46206
            ],
            [
              49.13335,
              38.46917
            ],
            [
              49.14331,
              38.47629
            ],
            [
              49.15327,
              38.4834
            ],
            [
              49.16323,
              38.49051
            ],
            [
              49.16405,
              38.50574
            ],
            [
              49.16487,
              38.52097
            ],
            [
              49.1657,
              38.53619
            ],
            [
              49.16652,
              38.55142
            ],
            [
              49.16734,
              38.56664
            ],
            [
              49.16816,
              38.58187
            ],
            [
              49.16898,
              38.5971
            ],
            [
              49.1698,
              38.61232
            ],
            [
              49.16067,
              38.62043
            ],
            [
              49.15153,
              38.62855
            ],
            [
              49.15235,
              38.64377
            ],
            [
              49.15317,
              38.659
            ],
            [
              49.154,
              38.67422
            ],
            [
              49.15482,
              38.68945
            ],
            [
              49.14568,
              38.69756
            ],
            [
              49.13654,
              38.70567
            ],
            [
              49.13736,
              38.7209
            ],
            [
              49.13819,
              38.73613
            ],
            [
              49.12905,
              38.74424
            ],
            [
              49.11991,
              38.75235
            ],
            [
              49.12073,
              38.76758
            ],
            [
              49.12156,
              38.7828
            ],
            [
              49.11242,
              38.79092
            ],
            [
              49.10328,
              38.79903
            ],
            [
              49.1041,
              38.81425
            ],
            [
              49.09497,
              38.82237
            ],
            [
              49.08583,
              38.83048
            ],
            [
              49.08665,
              38.8457
            ],
            [
              49.09661,
              38.85282
            ],
            [
              49.10657,
              38.85993
            ],
            [
              49.11653,
              38.86705
            ],
            [
              49.12649,
              38.87416
            ],
            [
              49.13645,
              38.88127
            ],
            [
              49.14641,
              38.88839
            ],
            [
              49.15637,
              38.8955
            ],
            [
              49.16632,
              38.90261
            ],
            [
              49.16715,
              38.91784
            ],
            [
              49.17711,
              38.92495
            ],
            [
              49.18707,
              38.93207
            ],
            [
              49.18789,
              38.94729
            ],
            [
              49.19785,
              38.95441
            ],
            [
              49.20781,
              38.96152
            ],
            [
              49.20863,
              38.97675
            ],
            [
              49.19949,
              38.98486
            ],
            [
              49.19035,
              38.99297
            ],
            [
              49.20031,
              39.00009
            ],
            [
              49.21027,
              39.0072
            ],
            [
              49.22023,
              39.01431
            ],
            [
              49.23019,
              39.02143
            ],
            [
              49.24015,
              39.02854
            ],
            [
              49.25011,
              39.03566
            ],
            [
              49.26007,
              39.04277
            ],
            [
              49.27003,
              39.04988
            ],
            [
              49.27999,
              39.057
            ],
            [
              49.28995,
              39.06411
            ],
            [
              49.29991,
              39.07122
            ],
            [
              49.30987,
              39.07834
            ],
            [
              49.31982,
              39.08545
            ],
            [
              49.32978,
              39.09257
            ],
            [
              49.33974,
              39.09968
            ],
            [
              49.3497,
              39.10679
            ],
            [
              49.35966,
              39.11391
            ],
            [
              49.36962,
              39.12102
            ],
            [
              49.37958,
              39.12813
            ],
            [
              49.38954,
              39.13525
            ],
            [
              49.39036,
              39.15047
            ],
            [
              49.39118,
              39.1657
            ],
            [
              49.39201,
              39.18093
            ],
            [
              49.39283,
              39.19615
            ],
            [
              49.39365,
              39.21138
            ],
            [
              49.39447,
              39.2266
            ],
            [
              49.39529,
              39.24183
            ],
            [
              49.39612,
              39.25706
            ],
            [
              49.39694,
              39.27228
            ],
            [
              49.39776,
              39.28751
            ],
            [
              49.39858,
              39.30273
            ],
            [
              49.3994,
              39.31796
            ],
            [
              49.40023,
              39.33319
            ],
            [
              49.40105,
              39.34841
            ],
            [
              49.40187,
              39.36364
            ],
            [
              49.40269,
              39.37887
            ],
            [
              49.40351,
              39.39409
            ],
            [
              49.39438,
              39.4022
            ],
            [
              49.38524,
              39.41032
            ],
            [
              49.3761,
              39.41843
            ],
            [
              49.36696,
              39.42654
            ],
            [
              49.35783,
              39.43465
            ],
            [
              49.34869,
              39.44276
            ],
            [
              49.33955,
              39.45088
            ],
            [
              49.33041,
              39.45899
            ],
            [
              49.32128,
              39.4671
            ],
            [
              49.31214,
              39.47521
            ],
            [
              49.303,
              39.48333
            ],
            [
              49.29386,
              39.49144
            ],
            [
              49.28473,
              39.49955
            ],
            [
              49.27559,
              39.50766
            ],
            [
              49.26645,
              39.51577
            ],
            [
              49.25731,
              39.52389
            ],
            [
              49.24818,
              39.532
            ],
            [
              49.23904,
              39.54011
            ],
            [
              49.2299,
              39.54822
            ],
            [
              49.22077,
              39.55634
            ],
            [
              49.21163,
              39.56445
            ],
            [
              49.20249,
              39.57256
            ],
            [
              49.19335,
              39.58067
            ],
            [
              49.18422,
              39.58878
            ],
            [
              49.17508,
              39.5969
            ],
            [
              49.16594,
              39.60501
            ],
            [
              49.16676,
              39.62023
            ],
            [
              49.15763,
              39.62835
            ],
            [
              49.14849,
              39.63646
            ],
            [
              49.14931,
              39.65169
            ],
            [
              49.15013,
              39.66691
            ],
            [
              49.15095,
              39.68214
            ],
            [
              49.15178,
              39.69736
            ],
            [
              49.1526,
              39.71259
            ],
            [
              49.15342,
              39.72782
            ],
            [
              49.15424,
              39.74304
            ],
            [
              49.1642,
              39.75016
            ],
            [
              49.17416,
              39.75727
            ],
            [
              49.16502,
              39.76538
            ],
            [
              49.15589,
              39.77349
            ],
            [
              49.15671,
              39.78872
            ],
            [
              49.14757,
              39.79683
            ],
            [
              49.13843,
              39.80494
            ],
            [
              49.13925,
              39.82017
            ],
            [
              49.13012,
              39.82828
            ],
            [
              49.12098,
              39.83639
            ],
            [
              49.1218,
              39.85162
            ],
            [
              49.12262,
              39.86685
            ],
            [
              49.11349,
              39.87496
            ],
            [
              49.10435,
              39.88307
            ],
            [
              49.09521,
              39.89118
            ],
            [
              49.08607,
              39.8993
            ],
            [
              49.0869,
              39.91452
            ],
            [
              49.07776,
              39.92263
            ],
            [
              49.06862,
              39.93075
            ],
            [
              49.05948,
              39.93886
            ],
            [
              49.05035,
              39.94697
            ],
            [
              49.04121,
              39.95508
            ],
            [
              49.03207,
              39.96319
            ],
            [
              49.02293,
              39.97131
            ],
            [
              49.0138,
              39.97942
            ],
            [
              49.00466,
              39.98753
            ],
            [
              48.99552,
              39.99564
            ],
            [
              48.98638,
              40.00376
            ],
            [
              48.97725,
              40.01187
            ],
            [
              48.96811,
              40.01998
            ],
            [
              48.95897,
              40.02809
            ],
            [
              48.94983,
              40.0362
            ],
            [
              48.9407,
              40.04432
            ],
            [
              48.93156,
              40.05243
            ],
            [
              48.92242,
              40.06054
            ],
            [
              48.91329,
              40.06865
            ],
            [
              48.90415,
              40.07677
            ],
            [
              48.89501,
              40.08488
            ],
            [
              48.87591,
              40.08588
            ],
            [
              48.86678,
              40.09399
            ],
            [
              48.85764,
              40.1021
            ],
            [
              48.83854,
              40.1031
            ],
            [
              48.81945,
              40.1041
            ],
            [
              48.80035,
              40.1051
            ],
            [
              48.78125,
              40.10609
            ],
            [
              48.77211,
              40.11421
            ],
            [
              48.76298,
              40.12232
            ],
            [
              48.75384,
              40.13043
            ],
            [
              48.7447,
              40.13854
            ],
            [
              48.73556,
              40.14666
            ],
            [
              48.72643,
              40.15477
            ],
            [
              48.70733,
              40.15577
            ],
            [
              48.69819,
              40.16388
            ],
            [
              48.68906,
              40.17199
            ],
            [
              48.6791,
              40.16488
            ],
            [
              48.66914,
              40.15776
            ],
            [
              48.65918,
              40.15065
            ],
            [
              48.64922,
              40.14354
            ],
            [
              48.63926,
              40.13642
            ],
            [
              48.6293,
              40.12931
            ],
            [
              48.61934,
              40.12219
            ],
            [
              48.60938,
              40.11508
            ],
            [
              48.59942,
              40.10797
            ],
            [
              48.58946,
              40.10085
            ],
            [
              48.57037,
              40.10185
            ],
            [
              48.56041,
              40.09474
            ],
            [
              48.55045,
              40.08762
            ],
            [
              48.53135,
              40.08862
            ],
            [
              48.51225,
              40.08962
            ],
            [
              48.49316,
              40.09062
            ],
            [
              48.47406,
              40.09162
            ],
            [
              48.46492,
              40.09973
            ],
            [
              48.45578,
              40.10784
            ],
            [
              48.43669,
              40.10884
            ],
            [
              48.41759,
              40.10984
            ],
            [
              48.39849,
              40.11084
            ],
            [
              48.3794,
              40.11183
            ],
            [
              48.3603,
              40.11283
            ],
            [
              48.3412,
              40.11383
            ],
            [
              48.32211,
              40.11483
            ],
            [
              48.30301,
              40.11583
            ],
            [
              48.28391,
              40.11683
            ],
            [
              48.27478,
              40.12494
            ],
            [
              48.26564,
              40.13305
            ],
            [
              48.24654,
              40.13405
            ],
            [
              48.22745,
              40.13505
            ],
            [
              48.20835,
              40.13605
            ],
            [
              48.19921,
              40.14416
            ],
            [
              48.19007,
              40.15227
            ],
            [
              48.17098,
              40.15327
            ],
            [
              48.16184,
              40.16138
            ],
            [
              48.1527,
              40.16949
            ],
            [
              48.13361,
              40.17049
            ],
            [
              48.12447,
              40.1786
            ],
            [
              48.11533,
              40.18672
            ],
            [
              48.10619,
              40.19483
            ],
            [
              48.09706,
              40.20294
            ],
            [
              48.0871,
              40.19583
            ],
            [
              48.07714,
              40.18871
            ],
            [
              48.06718,
              40.1816
            ],
            [
              48.05722,
              40.17449
            ],
            [
              48.04726,
              40.16737
            ],
            [
              48.0373,
              40.16026
            ],
            [
              48.0182,
              40.16126
            ],
            [
              48.00824,
              40.15414
            ],
            [
              47.99828,
              40.14703
            ],
            [
              47.97919,
              40.14803
            ],
            [
              47.96009,
              40.14903
            ],
            [
              47.95095,
              40.15714
            ],
            [
              47.94182,
              40.16525
            ],
            [
              47.92272,
              40.16625
            ],
            [
              47.90362,
              40.16725
            ],
            [
              47.89449,
              40.17536
            ],
            [
              47.88535,
              40.18347
            ],
            [
              47.86625,
              40.18447
            ],
            [
              47.85711,
              40.19258
            ],
            [
              47.84798,
              40.20069
            ],
            [
              47.83884,
              40.20881
            ],
            [
              47.8297,
              40.21692
            ],
            [
              47.82056,
              40.22503
            ],
            [
              47.81143,
              40.23314
            ],
            [
              47.79233,
              40.23414
            ],
            [
              47.78319,
              40.24225
            ],
            [
              47.77406,
              40.25037
            ],
            [
              47.76492,
              40.25848
            ],
            [
              47.75578,
              40.26659
            ],
            [
              47.73668,
              40.26759
            ],
            [
              47.71759,
              40.26859
            ],
            [
              47.70763,
              40.26147
            ],
            [
              47.69767,
              40.25436
            ],
            [
              47.67857,
              40.25536
            ],
            [
              47.66943,
              40.26347
            ],
            [
              47.6603,
              40.27158
            ],
            [
              47.65116,
              40.27969
            ],
            [
              47.64202,
              40.28781
            ],
            [
              47.63288,
              40.29592
            ],
            [
              47.62375,
              40.30403
            ],
            [
              47.61461,
              40.31214
            ],
            [
              47.60547,
              40.32025
            ],
            [
              47.59633,
              40.32837
            ],
            [
              47.5872,
              40.33648
            ],
            [
              47.57806,
              40.34459
            ],
            [
              47.56892,
              40.3527
            ],
            [
              47.55979,
              40.36082
            ],
            [
              47.55065,
              40.36893
            ],
            [
              47.54151,
              40.37704
            ],
            [
              47.53237,
              40.38515
            ],
            [
              47.52324,
              40.39326
            ],
            [
              47.5141,
              40.40138
            ],
            [
              47.50496,
              40.40949
            ],
            [
              47.49582,
              40.4176
            ],
            [
              47.48669,
              40.42571
            ],
            [
              47.47755,
              40.43383
            ],
            [
              47.46841,
              40.44194
            ],
            [
              47.45927,
              40.45005
            ],
            [
              47.45014,
              40.45816
            ],
            [
              47.441,
              40.46627
            ],
            [
              47.43186,
              40.47439
            ],
            [
              47.42272,
              40.4825
            ],
            [
              47.41359,
              40.49061
            ],
            [
              47.40445,
              40.49872
            ],
            [
              47.39531,
              40.50684
            ],
            [
              47.38617,
              40.51495
            ],
            [
              47.37704,
              40.52306
            ],
            [
              47.3679,
              40.53117
            ],
            [
              47.35876,
              40.53928
            ],
            [
              47.34962,
              40.5474
            ],
            [
              47.34049,
              40.55551
            ],
            [
              47.33135,
              40.56362
            ],
            [
              47.32221,
              40.57173
            ],
            [
              47.32303,
              40.58696
            ],
            [
              47.3139,
              40.59507
            ],
            [
              47.30476,
              40.60318
            ],
            [
              47.30558,
              40.61841
            ],
            [
              47.29644,
              40.62652
            ],
            [
              47.28731,
              40.63463
            ],
            [
              47.27817,
              40.64275
            ],
            [
              47.26903,
              40.65086
            ],
            [
              47.25989,
              40.65897
            ],
            [
              47.25076,
              40.66708
            ],
            [
              47.24162,
              40.6752
            ],
            [
              47.23248,
              40.68331
            ],
            [
              47.22334,
              40.69142
            ],
            [
              47.21421,
              40.69953
            ],
            [
              47.20507,
              40.70764
            ],
            [
              47.19593,
              40.71576
            ],
            [
              47.19675,
              40.73098
            ],
            [
              47.19758,
              40.74621
            ],
            [
              47.18844,
              40.75432
            ],
            [
              47.1793,
              40.76243
            ],
            [
              47.18012,
              40.77766
            ],
            [
              47.18095,
              40.79289
            ],
            [
              47.17181,
              40.801
            ],
            [
              47.16267,
              40.80911
            ],
            [
              47.15353,
              40.81722
            ],
            [
              47.1444,
              40.82533
            ],
            [
              47.13526,
              40.83345
            ],
            [
              47.12612,
              40.84156
            ],
            [
              47.11698,
              40.84967
            ],
            [
              47.10785,
              40.85778
            ],
            [
              47.09871,
              40.86589
            ],
            [
              47.08957,
              40.87401
            ],
            [
              47.08043,
              40.88212
            ],
            [
              47.0713,
              40.89023
            ],
            [
              47.06216,
              40.89834
            ],
            [
              47.05302,
              40.90646
            ],
            [
              47.04388,
              40.91457
            ],
            [
              47.02479,
              40.91557
            ],
            [
              47.01565,
              40.92368
            ],
            [
              47.00651,
              40.93179
            ],
            [
              46.98742,
              40.93279
            ],
            [
              46.96832,
              40.93379
            ],
            [
              46.95918,
              40.9419
            ],
            [
              46.95004,
              40.95001
            ],
            [
              46.94091,
              40.95812
            ],
            [
              46.93177,
              40.96624
            ],
            [
              46.91267,
              40.96724
            ],
            [
              46.90354,
              40.97535
            ],
            [
              46.8944,
              40.98346
            ],
            [
              46.88526,
              40.99157
            ],
            [
              46.87612,
              40.99968
            ],
            [
              46.85703,
              41.00068
            ],
            [
              46.83793,
              41.00168
            ],
            [
              46.81883,
              41.00268
            ],
            [
              46.79974,
              41.00368
            ],
            [
              46.7906,
              41.01179
            ],
            [
              46.78146,
              41.0199
            ],
            [
              46.76236,
              41.0209
            ],
            [
              46.74327,
              41.0219
            ],
            [
              46.72417,
              41.0229
            ],
            [
              46.70507,
              41.0239
            ],
            [
              46.68598,
              41.02489
            ],
            [
              46.67684,
              41.03301
            ],
            [
              46.6677,
              41.04112
            ],
            [
              46.65774,
              41.034
            ],
            [
              46.64778,
              41.02689
            ],
            [
              46.62869,
              41.02789
            ],
            [
              46.60959,
              41.02889
            ],
            [
              46.59963,
              41.02177
            ],
            [
              46.58967,
              41.01466
            ],
            [
              46.57971,
              41.00755
            ],
            [
              46.56975,
              41.00043
            ],
            [
              46.55066,
              41.00143
            ],
            [
              46.54152,
              41.00954
            ],
            [
              46.53238,
              41.01766
            ],
            [
              46.51329,
              41.01865
            ],
            [
              46.49419,
              41.01965
            ],
            [
              46.47509,
              41.02065
            ],
            [
              46.45599,
              41.02165
            ],
            [
              46.4369,
              41.02265
            ],
            [
              46.42694,
              41.01553
            ],
            [
              46.41698,
              41.00842
            ],
            [
              46.39788,
              41.00942
            ],
            [
              46.37879,
              41.01042
            ],
            [
              46.35969,
              41.01141
            ],
            [
              46.34059,
              41.01241
            ],
            [
              46.3215,
              41.01341
            ],
            [
              46.3024,
              41.01441
            ],
            [
              46.2833,
              41.01541
            ],
            [
              46.26421,
              41.01641
            ],
            [
              46.24511,
              41.0174
            ],
            [
              46.22601,
              41.0184
            ],
            [
              46.20692,
              41.0194
            ],
            [
              46.19778,
              41.02751
            ],
            [
              46.18864,
              41.03563
            ],
            [
              46.17868,
              41.02851
            ],
            [
              46.16872,
              41.0214
            ],
            [
              46.15958,
              41.02951
            ],
            [
              46.15045,
              41.03762
            ],
            [
              46.13135,
              41.03862
            ],
            [
              46.11225,
              41.03962
            ],
            [
              46.09316,
              41.04062
            ],
            [
              46.08402,
              41.04873
            ],
            [
              46.07488,
              41.05684
            ],
            [
              46.05578,
              41.05784
            ],
            [
              46.04665,
              41.06595
            ],
            [
              46.03751,
              41.07407
            ],
            [
              46.01841,
              41.07506
            ],
            [
              46.00928,
              41.08318
            ],
            [
              46.00014,
              41.09129
            ],
            [
              45.98104,
              41.09229
            ],
            [
              45.96194,
              41.09328
            ],
            [
              45.95281,
              41.1014
            ],
            [
              45.94367,
              41.10951
            ],
            [
              45.92457,
              41.11051
            ],
            [
              45.90548,
              41.11151
            ],
            [
              45.88638,
              41.1125
            ],
            [
              45.87724,
              41.12062
            ],
            [
              45.86811,
              41.12873
            ],
            [
              45.84901,
              41.12973
            ],
            [
              45.83987,
              41.13784
            ],
            [
              45.83073,
              41.14595
            ],
            [
              45.81164,
              41.14695
            ],
            [
              45.8025,
              41.15506
            ],
            [
              45.79336,
              41.16317
            ],
            [
              45.78422,
              41.17129
            ],
            [
              45.77509,
              41.1794
            ],
            [
              45.75599,
              41.1804
            ],
            [
              45.74685,
              41.18851
            ],
            [
              45.73772,
              41.19662
            ],
            [
              45.72858,
              41.20473
            ],
            [
              45.71944,
              41.21285
            ],
            [
              45.7103,
              41.22096
            ],
            [
              45.70117,
              41.22907
            ],
            [
              45.68207,
              41.23007
            ],
            [
              45.67293,
              41.23818
            ],
            [
              45.66379,
              41.24629
            ],
            [
              45.65466,
              41.25441
            ],
            [
              45.64552,
              41.26252
            ],
            [
              45.62642,
              41.26352
            ],
            [
              45.61729,
              41.27163
            ],
            [
              45.60815,
              41.27974
            ],
            [
              45.59901,
              41.28785
            ],
            [
              45.58987,
              41.29597
            ],
            [
              45.57078,
              41.29696
            ],
            [
              45.56164,
              41.30508
            ],
            [
              45.5525,
              41.31319
            ],
            [
              45.5334,
              41.31419
            ],
            [
              45.52427,
              41.3223
            ],
            [
              45.51513,
              41.33041
            ],
            [
              45.49603,
              41.33141
            ],
            [
              45.47694,
              41.33241
            ],
            [
              45.45784,
              41.33341
            ],
            [
              45.4487,
              41.34152
            ],
            [
              45.43956,
              41.34963
            ],
            [
              45.42047,
              41.35063
            ],
            [
              45.40137,
              41.35163
            ],
            [
              45.38227,
              41.35263
            ],
            [
              45.37314,
              41.36074
            ],
            [
              45.364,
              41.36885
            ],
            [
              45.3449,
              41.36985
            ],
            [
              45.32581,
              41.37085
            ],
            [
              45.31585,
              41.36373
            ],
            [
              45.30589,
              41.35662
            ],
            [
              45.29593,
              41.34951
            ],
            [
              45.28597,
              41.34239
            ],
            [
              45.27601,
              41.33528
            ],
            [
              45.26605,
              41.32816
            ],
            [
              45.24695,
              41.32916
            ],
            [
              45.23782,
              41.33727
            ],
            [
              45.22868,
              41.34539
            ],
            [
              45.20958,
              41.34639
            ],
            [
              45.19049,
              41.34738
            ],
            [
              45.18135,
              41.3555
            ],
            [
              45.17221,
              41.36361
            ],
            [
              45.15311,
              41.36461
            ],
            [
              45.13402,
              41.3656
            ],
            [
              45.11492,
              41.3666
            ],
            [
              45.10578,
              41.37472
            ],
            [
              45.09665,
              41.38283
            ],
            [
              45.08751,
              41.39094
            ],
            [
              45.07837,
              41.39905
            ],
            [
              45.06923,
              41.40716
            ],
            [
              45.0601,
              41.41528
            ],
            [
              45.05096,
              41.42339
            ],
            [
              45.04182,
              41.4315
            ],
            [
              45.03268,
              41.43961
            ],
            [
              45.02355,
              41.44773
            ],
            [
              45.01441,
              41.45584
            ],
            [
              45.00527,
              41.46395
            ],
            [
              44.99613,
              41.47206
            ],
            [
              44.987,
              41.48017
            ],
            [
              44.97786,
              41.48829
            ],
            [
              44.96872,
              41.4964
            ],
            [
              44.95958,
              41.50451
            ],
            [
              44.95045,
              41.51262
            ],
            [
              44.94131,
              41.52074
            ],
            [
              44.93217,
              41.52885
            ],
            [
              44.91308,
              41.52985
            ],
            [
              44.89398,
              41.53084
            ],
            [
              44.87488,
              41.53184
            ],
            [
              44.85578,
              41.53284
            ],
            [
              44.83669,
              41.53384
            ],
            [
              44.81759,
              41.53484
            ],
            [
              44.79849,
              41.53584
            ],
            [
              44.78854,
              41.52872
            ],
            [
              44.77858,
              41.52161
            ],
            [
              44.76862,
              41.51449
            ],
            [
              44.75866,
              41.50738
            ],
            [
              44.7487,
              41.50027
            ],
            [
              44.73874,
              41.49315
            ],
            [
              44.72878,
              41.48604
            ],
            [
              44.71882,
              41.47893
            ],
            [
              44.70886,
              41.47181
            ],
            [
              44.6989,
              41.4647
            ],
            [
              44.68894,
              41.45758
            ],
            [
              44.67898,
              41.45047
            ],
            [
              44.66902,
              41.44336
            ],
            [
              44.65906,
              41.43624
            ],
            [
              44.6491,
              41.42913
            ],
            [
              44.63915,
              41.42201
            ],
            [
              44.62919,
              41.4149
            ],
            [
              44.61923,
              41.40779
            ],
            [
              44.61009,
              41.4159
            ],
            [
              44.60095,
              41.42401
            ],
            [
              44.59181,
              41.43212
            ],
            [
              44.58268,
              41.44024
            ],
            [
              44.57354,
              41.44835
            ],
            [
              44.5644,
              41.45646
            ],
            [
              44.55526,
              41.46457
            ],
            [
              44.54613,
              41.47268
            ],
            [
              44.53699,
              41.4808
            ],
            [
              44.52785,
              41.48891
            ],
            [
              44.51871,
              41.49702
            ],
            [
              44.50958,
              41.50513
            ],
            [
              44.50044,
              41.51325
            ],
            [
              44.4913,
              41.52136
            ],
            [
              44.48217,
              41.52947
            ],
            [
              44.47303,
              41.53758
            ],
            [
              44.46389,
              41.54569
            ],
            [
              44.45475,
              41.55381
            ],
            [
              44.44562,
              41.56192
            ],
            [
              44.43648,
              41.57003
            ],
            [
              44.42734,
              41.57814
            ],
            [
              44.42816,
              41.59337
            ],
            [
              44.41903,
              41.60148
            ],
            [
              44.40989,
              41.60959
            ],
            [
              44.41071,
              41.62482
            ],
            [
              44.41153,
              41.64005
            ],
            [
              44.41235,
              41.65527
            ],
            [
              44.40322,
              41.66338
            ],
            [
              44.39408,
              41.6715
            ],
            [
              44.3949,
              41.68672
            ],
            [
              44.38576,
              41.69483
            ],
            [
              44.37663,
              41.70295
            ],
            [
              44.36749,
              41.71106
            ],
            [
              44.35835,
              41.71917
            ],
            [
              44.35917,
              41.7344
            ],
            [
              44.35004,
              41.74251
            ],
            [
              44.3409,
              41.75062
            ],
            [
              44.33176,
              41.75873
            ],
            [
              44.32262,
              41.76685
            ],
            [
              44.31349,
              41.77496
            ],
            [
              44.30435,
              41.78307
            ],
            [
              44.29521,
              41.79118
            ],
            [
              44.28607,
              41.7993
            ],
            [
              44.27694,
              41.80741
            ],
            [
              44.2678,
              41.81552
            ],
            [
              44.25866,
              41.82363
            ],
            [
              44.24952,
              41.83174
            ],
            [
              44.24039,
              41.83986
            ],
            [
              44.23125,
              41.84797
            ],
            [
              44.22211,
              41.85608
            ],
            [
              44.21297,
              41.86419
            ],
            [
              44.20384,
              41.87231
            ],
            [
              44.1947,
              41.88042
            ],
            [
              44.18556,
              41.88853
            ],
            [
              44.17642,
              41.89664
            ],
            [
              44.16729,
              41.90475
            ],
            [
              44.14819,
              41.90575
            ],
            [
              44.12909,
              41.90675
            ],
            [
              44.11,
              41.90775
            ],
            [
              44.0909,
              41.90875
            ],
            [
              44.0718,
              41.90975
            ],
            [
              44.06184,
              41.90263
            ],
            [
              44.05189,
              41.89552
            ],
            [
              44.04275,
              41.90363
            ],
            [
              44.03361,
              41.91174
            ],
            [
              44.01451,
              41.91274
            ],
            [
              44.00538,
              41.92085
            ],
            [
              43.99624,
              41.92897
            ],
            [
              43.97714,
              41.92996
            ],
            [
              43.968,
              41.93808
            ],
            [
              43.95887,
              41.94619
            ],
            [
              43.94891,
              41.93907
            ],
            [
              43.93895,
              41.93196
            ],
            [
              43.92899,
              41.92485
            ],
            [
              43.91903,
              41.91773
            ],
            [
              43.90907,
              41.91062
            ],
            [
              43.89911,
              41.90351
            ],
            [
              43.88915,
              41.89639
            ],
            [
              43.87919,
              41.88928
            ],
            [
              43.8601,
              41.89028
            ],
            [
              43.841,
              41.89127
            ],
            [
              43.83104,
              41.88416
            ],
            [
              43.82108,
              41.87705
            ],
            [
              43.80198,
              41.87805
            ],
            [
              43.78289,
              41.87904
            ],
            [
              43.76379,
              41.88004
            ],
            [
              43.74469,
              41.88104
            ],
            [
              43.7256,
              41.88204
            ],
            [
              43.7065,
              41.88304
            ],
            [
              43.6874,
              41.88404
            ],
            [
              43.66831,
              41.88503
            ],
            [
              43.65835,
              41.87792
            ],
            [
              43.64839,
              41.87081
            ],
            [
              43.63843,
              41.86369
            ],
            [
              43.62847,
              41.85658
            ],
            [
              43.60937,
              41.85758
            ],
            [
              43.59028,
              41.85858
            ],
            [
              43.57118,
              41.85957
            ],
            [
              43.55208,
              41.86057
            ],
            [
              43.54212,
              41.85346
            ],
            [
              43.53216,
              41.84634
            ],
            [
              43.51307,
              41.84734
            ],
            [
              43.50311,
              41.84023
            ],
            [
              43.49315,
              41.83312
            ],
            [
              43.48319,
              41.826
            ],
            [
              43.47323,
              41.81889
            ],
            [
              43.46327,
              41.81177
            ],
            [
              43.45331,
              41.80466
            ],
            [
              43.44335,
              41.79755
            ],
            [
              43.43339,
              41.79043
            ],
            [
              43.42343,
              41.78332
            ],
            [
              43.41347,
              41.7762
            ],
            [
              43.40351,
              41.76909
            ],
            [
              43.39355,
              41.76198
            ],
            [
              43.38359,
              41.75486
            ],
            [
              43.37364,
              41.74775
            ],
            [
              43.36368,
              41.74064
            ],
            [
              43.35372,
              41.73352
            ],
            [
              43.34376,
              41.72641
            ],
            [
              43.34294,
              41.71118
            ],
            [
              43.33298,
              41.70407
            ],
            [
              43.32302,
              41.69695
            ],
            [
              43.31306,
              41.68984
            ],
            [
              43.3031,
              41.68273
            ],
            [
              43.29314,
              41.67561
            ],
            [
              43.28318,
              41.6685
            ],
            [
              43.28236,
              41.65327
            ],
            [
              43.28154,
              41.63805
            ],
            [
              43.28071,
              41.62282
            ],
            [
              43.27989,
              41.6076
            ],
            [
              43.27907,
              41.59237
            ],
            [
              43.27825,
              41.57714
            ],
            [
              43.27743,
              41.56192
            ],
            [
              43.2766,
              41.54669
            ],
            [
              43.27578,
              41.53146
            ],
            [
              43.27496,
              41.51624
            ],
            [
              43.27414,
              41.50101
            ],
            [
              43.27332,
              41.48579
            ],
            [
              43.26336,
              41.47867
            ],
            [
              43.2534,
              41.47156
            ],
            [
              43.24344,
              41.46445
            ],
            [
              43.23348,
              41.45733
            ],
            [
              43.22352,
              41.45022
            ],
            [
              43.21356,
              41.4431
            ],
            [
              43.21274,
              41.42788
            ],
            [
              43.20278,
              41.42076
            ],
            [
              43.19282,
              41.41365
            ],
            [
              43.18286,
              41.40654
            ],
            [
              43.1729,
              41.39942
            ],
            [
              43.16294,
              41.39231
            ],
            [
              43.15298,
              41.38519
            ],
            [
              43.14302,
              41.37808
            ],
            [
              43.13306,
              41.37097
            ],
            [
              43.1231,
              41.36385
            ],
            [
              43.11314,
              41.35674
            ],
            [
              43.10319,
              41.34963
            ],
            [
              43.09323,
              41.34251
            ],
            [
              43.08327,
              41.3354
            ],
            [
              43.07331,
              41.32828
            ],
            [
              43.06335,
              41.32117
            ],
            [
              43.05339,
              41.31406
            ],
            [
              43.04343,
              41.30694
            ],
            [
              43.03347,
              41.29983
            ],
            [
              43.04261,
              41.29172
            ],
            [
              43.05174,
              41.2836
            ],
            [
              43.04179,
              41.27649
            ],
            [
              43.03183,
              41.26938
            ],
            [
              43.02187,
              41.26226
            ],
            [
              43.01191,
              41.25515
            ],
            [
              43.00195,
              41.24804
            ],
            [
              42.99199,
              41.24092
            ],
            [
              42.98203,
              41.23381
            ],
            [
              42.97207,
              41.22669
            ],
            [
              42.96211,
              41.21958
            ],
            [
              42.95215,
              41.21247
            ],
            [
              42.94219,
              41.20535
            ],
            [
              42.93223,
              41.19824
            ],
            [
              42.92227,
              41.19113
            ],
            [
              42.93141,
              41.18301
            ],
            [
              42.94055,
              41.1749
            ],
            [
              42.94969,
              41.16679
            ],
            [
              42.94886,
              41.15156
            ],
            [
              42.958,
              41.14345
            ],
            [
              42.96714,
              41.13534
            ],
            [
              42.96632,
              41.12011
            ],
            [
              42.97545,
              41.112
            ],
            [
              42.98459,
              41.10389
            ],
            [
              42.98377,
              41.08866
            ],
            [
              42.98295,
              41.07344
            ],
            [
              42.98212,
              41.05821
            ],
            [
              42.9813,
              41.04298
            ],
            [
              42.97134,
              41.03587
            ],
            [
              42.96138,
              41.02876
            ],
            [
              42.96056,
              41.01353
            ],
            [
              42.95974,
              40.9983
            ],
            [
              42.94978,
              40.99119
            ],
            [
              42.93982,
              40.98408
            ],
            [
              42.92986,
              40.97696
            ],
            [
              42.91077,
              40.97796
            ],
            [
              42.90081,
              40.97085
            ],
            [
              42.89998,
              40.95562
            ],
            [
              42.89003,
              40.94851
            ],
            [
              42.88007,
              40.94139
            ],
            [
              42.87011,
              40.93428
            ],
            [
              42.86015,
              40.92717
            ],
            [
              42.85933,
              40.91194
            ],
            [
              42.84937,
              40.90483
            ],
            [
              42.83941,
              40.89771
            ],
            [
              42.82945,
              40.8906
            ],
            [
              42.81949,
              40.88348
            ],
            [
              42.80953,
              40.87637
            ],
            [
              42.79957,
              40.86926
            ],
            [
              42.78961,
              40.86214
            ],
            [
              42.77965,
              40.85503
            ],
            [
              42.76969,
              40.84791
            ],
            [
              42.75973,
              40.8408
            ],
            [
              42.75891,
              40.82558
            ],
            [
              42.75809,
              40.81035
            ],
            [
              42.74813,
              40.80324
            ],
            [
              42.73817,
              40.79612
            ],
            [
              42.72821,
              40.78901
            ],
            [
              42.71825,
              40.78189
            ],
            [
              42.70829,
              40.77478
            ],
            [
              42.69833,
              40.76767
            ],
            [
              42.68837,
              40.76055
            ],
            [
              42.67841,
              40.75344
            ],
            [
              42.66845,
              40.74632
            ],
            [
              42.64936,
              40.74732
            ],
            [
              42.6394,
              40.74021
            ],
            [
              42.63858,
              40.72498
            ],
            [
              42.62862,
              40.71787
            ],
            [
              42.61866,
              40.71076
            ],
            [
              42.6087,
              40.70364
            ],
            [
              42.59874,
              40.69653
            ],
            [
              42.58878,
              40.68941
            ],
            [
              42.57882,
              40.6823
            ],
            [
              42.56886,
              40.67519
            ],
            [
              42.5589,
              40.66807
            ],
            [
              42.54894,
              40.66096
            ],
            [
              42.53898,
              40.65385
            ],
            [
              42.52902,
              40.64673
            ],
            [
              42.51906,
              40.63962
            ],
            [
              42.51824,
              40.62439
            ],
            [
              42.51742,
              40.60917
            ],
            [
              42.5166,
              40.59394
            ],
            [
              42.50664,
              40.58683
            ],
            [
              42.49668,
              40.57971
            ],
            [
              42.48672,
              40.5726
            ],
            [
              42.46762,
              40.5736
            ],
            [
              42.45766,
              40.56648
            ],
            [
              42.4477,
              40.55937
            ],
            [
              42.42861,
              40.56037
            ],
            [
              42.40951,
              40.56137
            ],
            [
              42.39955,
              40.55425
            ],
            [
              42.38959,
              40.54714
            ],
            [
              42.37049,
              40.54814
            ],
            [
              42.3514,
              40.54913
            ],
            [
              42.34144,
              40.54202
            ],
            [
              42.33148,
              40.53491
            ],
            [
              42.32152,
              40.52779
            ],
            [
              42.31156,
              40.52068
            ],
            [
              42.29246,
              40.52168
            ],
            [
              42.27337,
              40.52268
            ],
            [
              42.26341,
              40.51556
            ],
            [
              42.25345,
              40.50845
            ],
            [
              42.23435,
              40.50945
            ],
            [
              42.21526,
              40.51045
            ],
            [
              42.19616,
              40.51144
            ],
            [
              42.1862,
              40.50433
            ],
            [
              42.17624,
              40.49722
            ],
            [
              42.16628,
              40.4901
            ],
            [
              42.15632,
              40.48299
            ],
            [
              42.14636,
              40.47587
            ],
            [
              42.1364,
              40.46876
            ],
            [
              42.12644,
              40.46165
            ],
            [
              42.12562,
              40.44642
            ],
            [
              42.11566,
              40.43931
            ],
            [
              42.1057,
              40.43219
            ],
            [
              42.09574,
              40.42508
            ],
            [
              42.07665,
              40.42608
            ],
            [
              42.06669,
              40.41896
            ],
            [
              42.05673,
              40.41185
            ],
            [
              42.04677,
              40.40474
            ],
            [
              42.03681,
              40.39762
            ],
            [
              42.02685,
              40.39051
            ],
            [
              42.01689,
              40.38339
            ],
            [
              42.00693,
              40.37628
            ],
            [
              41.99697,
              40.36917
            ],
            [
              41.98701,
              40.36205
            ],
            [
              41.97705,
              40.35494
            ],
            [
              41.96709,
              40.34783
            ],
            [
              41.95713,
              40.34071
            ],
            [
              41.93804,
              40.34171
            ],
            [
              41.91894,
              40.34271
            ],
            [
              41.89984,
              40.34371
            ],
            [
              41.88988,
              40.33659
            ],
            [
              41.87992,
              40.32948
            ],
            [
              41.86083,
              40.33048
            ],
            [
              41.84173,
              40.33148
            ],
            [
              41.82263,
              40.33247
            ],
            [
              41.80354,
              40.33347
            ],
            [
              41.78444,
              40.33447
            ],
            [
              41.76534,
              40.33547
            ],
            [
              41.74625,
              40.33647
            ],
            [
              41.72715,
              40.33747
            ],
            [
              41.70805,
              40.33846
            ],
            [
              41.69892,
              40.34658
            ],
            [
              41.68978,
              40.35469
            ],
            [
              41.67068,
              40.35569
            ],
            [
              41.65159,
              40.35669
            ],
            [
              41.63249,
              40.35768
            ],
            [
              41.61339,
              40.35868
            ],
            [
              41.60343,
              40.35157
            ],
            [
              41.60261,
              40.33634
            ],
            [
              41.59265,
              40.32923
            ],
            [
              41.58269,
              40.32212
            ],
            [
              41.57273,
              40.315
            ],
            [
              41.55364,
              40.316
            ],
            [
              41.54368,
              40.30889
            ],
            [
              41.53372,
              40.30177
            ],
            [
              41.51462,
              40.30277
            ],
            [
              41.50466,
              40.29566
            ],
            [
              41.4947,
              40.28854
            ],
            [
              41.47561,
              40.28954
            ],
            [
              41.45651,
              40.29054
            ],
            [
              41.44655,
              40.28343
            ],
            [
              41.43659,
              40.27631
            ],
            [
              41.41749,
              40.27731
            ],
            [
              41.40753,
              40.2702
            ],
            [
              41.39757,
              40.26308
            ],
            [
              41.38762,
              40.25597
            ],
            [
              41.38679,
              40.24074
            ],
            [
              41.37683,
              40.23363
            ],
            [
              41.36687,
              40.22652
            ],
            [
              41.36605,
              40.21129
            ],
            [
              41.36523,
              40.19606
            ],
            [
              41.35527,
              40.18895
            ],
            [
              41.34531,
              40.18184
            ],
            [
              41.34449,
              40.16661
            ],
            [
              41.34367,
              40.15138
            ],
            [
              41.34285,
              40.13616
            ],
            [
              41.34202,
              40.12093
            ],
            [
              41.33206,
              40.11382
            ],
            [
              41.32211,
              40.1067
            ],
            [
              41.31215,
              40.09959
            ],
            [
              41.30219,
              40.09248
            ],
            [
              41.30136,
              40.07725
            ],
            [
              41.30054,
              40.06202
            ],
            [
              41.29972,
              40.0468
            ],
            [
              41.2989,
              40.03157
            ],
            [
              41.30804,
              40.02346
            ],
            [
              41.32713,
              40.02246
            ],
            [
              41.34623,
              40.02146
            ],
            [
              41.35537,
              40.01335
            ],
            [
              41.3645,
              40.00524
            ],
            [
              41.3836,
              40.00424
            ],
            [
              41.4027,
              40.00324
            ],
            [
              41.41184,
              39.99513
            ],
            [
              41.42097,
              39.98702
            ],
            [
              41.44007,
              39.98602
            ],
            [
              41.45917,
              39.98502
            ],
            [
              41.4683,
              39.97691
            ],
            [
              41.47744,
              39.9688
            ],
            [
              41.49654,
              39.9678
            ],
            [
              41.51563,
              39.9668
            ],
            [
              41.52559,
              39.97391
            ],
            [
              41.53555,
              39.98103
            ],
            [
              41.55465,
              39.98003
            ],
            [
              41.57375,
              39.97903
            ],
            [
              41.59284,
              39.97803
            ],
            [
              41.61194,
              39.97703
            ],
            [
              41.63104,
              39.97604
            ],
            [
              41.65013,
              39.97504
            ],
            [
              41.66923,
              39.97404
            ],
            [
              41.68833,
              39.97304
            ],
            [
              41.70742,
              39.97204
            ],
            [
              41.72652,
              39.97104
            ],
            [
              41.73566,
              39.96293
            ],
            [
              41.7448,
              39.95482
            ],
            [
              41.76389,
              39.95382
            ],
            [
              41.78299,
              39.95282
            ],
            [
              41.80209,
              39.95182
            ],
            [
              41.82118,
              39.95083
            ],
            [
              41.84028,
              39.94983
            ],
            [
              41.84942,
              39.94171
            ],
            [
              41.85855,
              39.9336
            ],
            [
              41.87765,
              39.9326
            ],
            [
              41.89675,
              39.93161
            ],
            [
              41.91584,
              39.93061
            ],
            [
              41.92498,
              39.9225
            ],
            [
              41.93412,
              39.91438
            ],
            [
              41.95322,
              39.91338
            ],
            [
              41.97231,
              39.91239
            ],
            [
              41.99141,
              39.91139
            ],
            [
              42.00137,
              39.9185
            ],
            [
              42.01133,
              39.92562
            ],
            [
              42.03043,
              39.92462
            ],
            [
              42.04952,
              39.92362
            ],
            [
              42.06862,
              39.92262
            ],
            [
              42.08772,
              39.92162
            ],
            [
              42.10681,
              39.92062
            ],
            [
              42.12591,
              39.91962
            ],
            [
              42.13505,
              39.91151
            ],
            [
              42.14418,
              39.9034
            ],
            [
              42.16328,
              39.9024
            ],
            [
              42.18238,
              39.9014
            ],
            [
              42.20147,
              39.90041
            ],
            [
              42.22057,
              39.89941
            ],
            [
              42.23967,
              39.89841
            ],
            [
              42.25876,
              39.89741
            ],
            [
              42.27786,
              39.89641
            ],
            [
              42.29696,
              39.89541
            ],
            [
              42.31605,
              39.89442
            ],
            [
              42.33515,
              39.89342
            ],
            [
              42.35425,
              39.89242
            ],
            [
              42.37334,
              39.89142
            ],
            [
              42.39244,
              39.89042
            ],
            [
              42.40158,
              39.88231
            ],
            [
              42.41072,
              39.8742
            ],
            [
              42.41985,
              39.86608
            ],
            [
              42.42899,
              39.85797
            ],
            [
              42.43813,
              39.84986
            ],
            [
              42.43731,
              39.83463
            ],
            [
              42.44644,
              39.82652
            ],
            [
              42.45558,
              39.81841
            ],
            [
              42.46472,
              39.8103
            ],
            [
              42.48382,
              39.8093
            ],
            [
              42.49295,
              39.80119
            ],
            [
              42.50209,
              39.79307
            ],
            [
              42.52119,
              39.79208
            ],
            [
              42.54028,
              39.79108
            ],
            [
              42.55938,
              39.79008
            ],
            [
              42.56852,
              39.78197
            ],
            [
              42.57766,
              39.77386
            ],
            [
              42.59675,
              39.77286
            ],
            [
              42.61585,
              39.77186
            ],
            [
              42.63495,
              39.77086
            ],
            [
              42.65404,
              39.76986
            ],
            [
              42.67314,
              39.76886
            ],
            [
              42.69224,
              39.76786
            ],
            [
              42.71133,
              39.76687
            ],
            [
              42.73043,
              39.76587
            ],
            [
              42.74953,
              39.76487
            ],
            [
              42.76862,
              39.76387
            ],
            [
              42.78772,
              39.76287
            ],
            [
              42.80682,
              39.76187
            ],
            [
              42.81595,
              39.75376
            ],
            [
              42.81513,
              39.73854
            ],
            [
              42.81431,
              39.72331
            ],
            [
              42.81349,
              39.70808
            ],
            [
              42.80353,
              39.70097
            ],
            [
              42.79357,
              39.69386
            ],
            [
              42.78361,
              39.68674
            ],
            [
              42.77365,
              39.67963
            ],
            [
              42.77283,
              39.6644
            ],
            [
              42.77201,
              39.64918
            ],
            [
              42.77119,
              39.63395
            ],
            [
              42.77036,
              39.61872
            ],
            [
              42.76954,
              39.6035
            ],
            [
              42.77868,
              39.59539
            ],
            [
              42.78782,
              39.58727
            ],
            [
              42.79695,
              39.57916
            ],
            [
              42.80609,
              39.57105
            ],
            [
              42.81523,
              39.56294
            ],
            [
              42.82437,
              39.55483
            ],
            [
              42.82354,
              39.5396
            ],
            [
              42.82272,
              39.52437
            ],
            [
              42.83186,
              39.51626
            ],
            [
              42.841,
              39.50815
            ],
            [
              42.84017,
              39.49292
            ],
            [
              42.83935,
              39.4777
            ],
            [
              42.83853,
              39.46247
            ],
            [
              42.84767,
              39.45436
            ],
            [
              42.85681,
              39.44625
            ],
            [
              42.86594,
              39.43813
            ],
            [
              42.88504,
              39.43714
            ],
            [
              42.89418,
              39.42902
            ],
            [
              42.90331,
              39.42091
            ],
            [
              42.91245,
              39.4128
            ],
            [
              42.92159,
              39.40469
            ],
            [
              42.93073,
              39.39657
            ],
            [
              42.93986,
              39.38846
            ],
            [
              42.95896,
              39.38746
            ],
            [
              42.97806,
              39.38647
            ],
            [
              42.99715,
              39.38547
            ],
            [
              43.00711,
              39.39258
            ],
            [
              43.01707,
              39.3997
            ],
            [
              43.02703,
              39.40681
            ],
            [
              43.03699,
              39.41392
            ],
            [
              43.04695,
              39.42104
            ],
            [
              43.05691,
              39.42815
            ],
            [
              43.06687,
              39.43526
            ],
            [
              43.07683,
              39.44238
            ],
            [
              43.09593,
              39.44138
            ],
            [
              43.11502,
              39.44038
            ],
            [
              43.12498,
              39.4475
            ],
            [
              43.13494,
              39.45461
            ],
            [
              43.15404,
              39.45361
            ],
            [
              43.17313,
              39.45261
            ],
            [
              43.18309,
              39.45973
            ],
            [
              43.19305,
              39.46684
            ],
            [
              43.21215,
              39.46584
            ],
            [
              43.23125,
              39.46484
            ],
            [
              43.24121,
              39.47196
            ],
            [
              43.25117,
              39.47907
            ],
            [
              43.27026,
              39.47807
            ],
            [
              43.28936,
              39.47707
            ],
            [
              43.30846,
              39.47608
            ],
            [
              43.32755,
              39.47508
            ],
            [
              43.33669,
              39.46696
            ],
            [
              43.34583,
              39.45885
            ],
            [
              43.36492,
              39.45785
            ],
            [
              43.37406,
              39.44974
            ],
            [
              43.3832,
              39.44163
            ],
            [
              43.39234,
              39.43352
            ],
            [
              43.40147,
              39.42541
            ],
            [
              43.41061,
              39.41729
            ],
            [
              43.41975,
              39.40918
            ],
            [
              43.43885,
              39.40818
            ],
            [
              43.44798,
              39.40007
            ],
            [
              43.45712,
              39.39196
            ],
            [
              43.47622,
              39.39096
            ],
            [
              43.49531,
              39.38996
            ],
            [
              43.50445,
              39.38185
            ],
            [
              43.51359,
              39.37374
            ],
            [
              43.52273,
              39.36562
            ],
            [
              43.53186,
              39.35751
            ],
            [
              43.541,
              39.3494
            ],
            [
              43.55014,
              39.34129
            ],
            [
              43.5601,
              39.3484
            ],
            [
              43.57006,
              39.35552
            ],
            [
              43.58002,
              39.36263
            ],
            [
              43.58998,
              39.36974
            ],
            [
              43.59994,
              39.37686
            ],
            [
              43.60989,
              39.38397
            ],
            [
              43.61985,
              39.39108
            ],
            [
              43.62068,
              39.40631
            ],
            [
              43.63064,
              39.41342
            ],
            [
              43.64973,
              39.41243
            ],
            [
              43.66883,
              39.41143
            ],
            [
              43.68793,
              39.41043
            ],
            [
              43.70702,
              39.40943
            ],
            [
              43.72612,
              39.40843
            ],
            [
              43.74522,
              39.40743
            ],
            [
              43.76431,
              39.40644
            ],
            [
              43.77345,
              39.39832
            ],
            [
              43.78259,
              39.39021
            ],
            [
              43.80168,
              39.38921
            ],
            [
              43.82078,
              39.38821
            ],
            [
              43.83074,
              39.39533
            ],
            [
              43.8407,
              39.40244
            ],
            [
              43.85066,
              39.40956
            ],
            [
              43.86062,
              39.41667
            ],
            [
              43.87058,
              39.42378
            ],
            [
              43.88054,
              39.4309
            ],
            [
              43.89963,
              39.4299
            ],
            [
              43.90959,
              39.43701
            ],
            [
              43.91955,
              39.44413
            ],
            [
              43.93865,
              39.44313
            ],
            [
              43.95775,
              39.44213
            ],
            [
              43.97684,
              39.44113
            ],
            [
              43.9868,
              39.44825
            ],
            [
              43.99676,
              39.45536
            ],
            [
              44.01586,
              39.45436
            ],
            [
              44.03495,
              39.45336
            ],
            [
              44.05405,
              39.45236
            ],
            [
              44.07315,
              39.45137
            ],
            [
              44.09225,
              39.45037
            ],
            [
              44.11134,
              39.44937
            ],
            [
              44.12048,
              39.44126
            ],
            [
              44.12962,
              39.43314
            ],
            [
              44.14871,
              39.43215
            ],
            [
              44.16781,
              39.43115
            ],
            [
              44.18691,
              39.43015
            ],
            [
              44.206,
              39.42915
            ],
            [
              44.2251,
              39.42815
            ],
            [
              44.2442,
              39.42715
            ],
            [
              44.26329,
              39.42616
            ],
            [
              44.28239,
              39.42516
            ],
            [
              44.30149,
              39.42416
            ],
            [
              44.32058,
              39.42316
            ],
            [
              44.33968,
              39.42216
            ],
            [
              44.35878,
              39.42116
            ],
            [
              44.37787,
              39.42017
            ],
            [
              44.39697,
              39.41917
            ],
            [
              44.41607,
              39.41817
            ],
            [
              44.42603,
              39.42528
            ],
            [
              44.43599,
              39.4324
            ],
            [
              44.44595,
              39.43951
            ],
            [
              44.44677,
              39.45474
            ],
            [
              44.45673,
              39.46185
            ],
            [
              44.46669,
              39.46896
            ],
            [
              44.47665,
              39.47608
            ],
            [
              44.48661,
              39.48319
            ],
            [
              44.49656,
              39.49031
            ],
            [
              44.50652,
              39.49742
            ],
            [
              44.51648,
              39.50453
            ],
            [
              44.53558,
              39.50353
            ],
            [
              44.55468,
              39.50254
            ],
            [
              44.57377,
              39.50154
            ],
            [
              44.59287,
              39.50054
            ],
            [
              44.61197,
              39.49954
            ],
            [
              44.63106,
              39.49854
            ],
            [
              44.65016,
              39.49754
            ],
            [
              44.66926,
              39.49655
            ],
            [
              44.67839,
              39.48843
            ],
            [
              44.68753,
              39.48032
            ],
            [
              44.70663,
              39.47932
            ],
            [
              44.72573,
              39.47832
            ],
            [
              44.74482,
              39.47733
            ],
            [
              44.76392,
              39.47633
            ],
            [
              44.78302,
              39.47533
            ],
            [
              44.80211,
              39.47433
            ],
            [
              44.82121,
              39.47333
            ],
            [
              44.84031,
              39.47233
            ],
            [
              44.8594,
              39.47134
            ],
            [
              44.86936,
              39.47845
            ],
            [
              44.87018,
              39.49368
            ],
            [
              44.88014,
              39.50079
            ],
            [
              44.8901,
              39.5079
            ],
            [
              44.90006,
              39.51502
            ],
            [
              44.91916,
              39.51402
            ],
            [
              44.9283,
              39.50591
            ],
            [
              44.93743,
              39.49779
            ],
            [
              44.94657,
              39.48968
            ],
            [
              44.95571,
              39.48157
            ],
            [
              44.96485,
              39.47346
            ],
            [
              44.96402,
              39.45823
            ],
            [
              44.97316,
              39.45012
            ],
            [
              44.9823,
              39.44201
            ],
            [
              44.99144,
              39.4339
            ],
            [
              45.00057,
              39.42578
            ],
            [
              44.99975,
              39.41056
            ],
            [
              45.00889,
              39.40244
            ],
            [
              45.01803,
              39.39433
            ],
            [
              45.02716,
              39.38622
            ],
            [
              45.0363,
              39.37811
            ],
            [
              45.04544,
              39.37
            ],
            [
              45.0554,
              39.37711
            ],
            [
              45.06536,
              39.38422
            ],
            [
              45.08445,
              39.38323
            ],
            [
              45.09441,
              39.39034
            ],
            [
              45.09524,
              39.40556
            ],
            [
              45.1052,
              39.41268
            ],
            [
              45.11515,
              39.41979
            ],
            [
              45.11598,
              39.43502
            ],
            [
              45.1168,
              39.45024
            ],
            [
              45.11762,
              39.46547
            ],
            [
              45.11844,
              39.4807
            ],
            [
              45.11926,
              39.49592
            ]
          ]
        ]
      }
    }
  ],
  "metadata": {
    "territoryMeasurements": {
      "method": "Geodesic calculation on the WGS84 ellipsoid from the supplied GeoJSON geometry",
      "areaUnit": "km²",
      "distanceUnit": "km",
      "generatedForVersion": "1.3.0",
      "note": "Historical boundaries are interpretive; measurements are cartographic estimates, not legal or cadastral values."
    }
  }
}
