{"type":"FeatureCollection","features":[{"type":"Feature","properties":{"id":"provinces"},"geometry":{"type":"Polygon","coordinates":[[[43.95887,41.94619],[43.968,41.93808],[43.97714,41.92996],[43.99624,41.92897],[44.00538,41.92085],[44.01451,41.91274],[44.03361,41.91174],[44.04275,41.90363],[44.05189,41.89552],[44.06184,41.90263],[44.0718,41.90975],[44.0909,41.90875],[44.11,41.90775],[44.12909,41.90675],[44.14819,41.90575],[44.16729,41.90475],[44.17642,41.89664],[44.18556,41.88853],[44.1947,41.88042],[44.20384,41.87231],[44.21297,41.86419],[44.22211,41.85608],[44.23125,41.84797],[44.24039,41.83986],[44.24952,41.83174],[44.25866,41.82363],[44.2678,41.81552],[44.27694,41.80741],[44.28607,41.7993],[44.29521,41.79118],[44.30435,41.78307],[44.31349,41.77496],[44.32262,41.76685],[44.33176,41.75873],[44.3409,41.75062],[44.35004,41.74251],[44.35917,41.7344],[44.35835,41.71917],[44.36749,41.71106],[44.37663,41.70295],[44.38576,41.69483],[44.3949,41.68672],[44.39408,41.6715],[44.40322,41.66338],[44.41235,41.65527],[44.41153,41.64005],[44.41071,41.62482],[44.40989,41.60959],[44.41903,41.60148],[44.42816,41.59337],[44.42734,41.57814],[44.43648,41.57003],[44.44562,41.56192],[44.45475,41.55381],[44.46389,41.54569],[44.47303,41.53758],[44.48217,41.52947],[44.4913,41.52136],[44.50044,41.51325],[44.50958,41.50513],[44.51871,41.49702],[44.52785,41.48891],[44.53699,41.4808],[44.54613,41.47268],[44.55526,41.46457],[44.5644,41.45646],[44.57354,41.44835],[44.58268,41.44024],[44.59181,41.43212],[44.60095,41.42401],[44.61009,41.4159],[44.61923,41.40779],[44.62919,41.4149],[44.63915,41.42201],[44.6491,41.42913],[44.65906,41.43624],[44.66902,41.44336],[44.67898,41.45047],[44.68894,41.45758],[44.6989,41.4647],[44.70886,41.47181],[44.71882,41.47893],[44.72878,41.48604],[44.73874,41.49315],[44.7487,41.50027],[44.75866,41.50738],[44.76862,41.51449],[44.77858,41.52161],[44.78854,41.52872],[44.79849,41.53584],[44.81759,41.53484],[44.83669,41.53384],[44.85578,41.53284],[44.87488,41.53184],[44.89398,41.53084],[44.91308,41.52985],[44.93217,41.52885],[44.94131,41.52074],[44.95045,41.51262],[44.95958,41.50451],[44.96872,41.4964],[44.97786,41.48829],[44.987,41.48017],[44.99613,41.47206],[45.00527,41.46395],[45.01441,41.45584],[45.02355,41.44773],[45.03268,41.43961],[45.04182,41.4315],[45.05096,41.42339],[45.0601,41.41528],[45.06923,41.40716],[45.07837,41.39905],[45.08751,41.39094],[45.09665,41.38283],[45.10578,41.37472],[45.11492,41.3666],[45.13402,41.3656],[45.15311,41.36461],[45.17221,41.36361],[45.18135,41.3555],[45.19049,41.34738],[45.20958,41.34639],[45.22868,41.34539],[45.23782,41.33727],[45.24695,41.32916],[45.26605,41.32816],[45.27601,41.33528],[45.28597,41.34239],[45.29593,41.34951],[45.30589,41.35662],[45.31585,41.36373],[45.32581,41.37085],[45.3449,41.36985],[45.364,41.36885],[45.37314,41.36074],[45.38227,41.35263],[45.40137,41.35163],[45.42047,41.35063],[45.43956,41.34963],[45.4487,41.34152],[45.45784,41.33341],[45.47694,41.33241],[45.49603,41.33141],[45.51513,41.33041],[45.52427,41.3223],[45.5334,41.31419],[45.5525,41.31319],[45.56164,41.30508],[45.57078,41.29696],[45.58987,41.29597],[45.59901,41.28785],[45.60815,41.27974],[45.61729,41.27163],[45.62642,41.26352],[45.64552,41.26252],[45.65466,41.25441],[45.66379,41.24629],[45.67293,41.23818],[45.68207,41.23007],[45.70117,41.22907],[45.7103,41.22096],[45.71944,41.21285],[45.72858,41.20473],[45.73772,41.19662],[45.74685,41.18851],[45.75599,41.1804],[45.77509,41.1794],[45.78422,41.17129],[45.79336,41.16317],[45.8025,41.15506],[45.81164,41.14695],[45.83073,41.14595],[45.83987,41.13784],[45.84901,41.12973],[45.86811,41.12873],[45.87724,41.12062],[45.88638,41.1125],[45.90548,41.11151],[45.92457,41.11051],[45.94367,41.10951],[45.95281,41.1014],[45.96194,41.09328],[45.98104,41.09229],[46.00014,41.09129],[46.00928,41.08318],[46.01841,41.07506],[46.03751,41.07407],[46.04665,41.06595],[46.05578,41.05784],[46.07488,41.05684],[46.08402,41.04873],[46.09316,41.04062],[46.11225,41.03962],[46.13135,41.03862],[46.15045,41.03762],[46.15958,41.02951],[46.16872,41.0214],[46.17868,41.02851],[46.18864,41.03563],[46.19778,41.02751],[46.20692,41.0194],[46.22601,41.0184],[46.24511,41.0174],[46.26421,41.01641],[46.2833,41.01541],[46.3024,41.01441],[46.3215,41.01341],[46.34059,41.01241],[46.35969,41.01141],[46.37879,41.01042],[46.39788,41.00942],[46.41698,41.00842],[46.42694,41.01553],[46.4369,41.02265],[46.45599,41.02165],[46.47509,41.02065],[46.49419,41.01965],[46.51329,41.01865],[46.53238,41.01766],[46.54152,41.00954],[46.55066,41.00143],[46.56975,41.00043],[46.57971,41.00755],[46.58967,41.01466],[46.59963,41.02177],[46.60959,41.02889],[46.62869,41.02789],[46.64778,41.02689],[46.65774,41.034],[46.6677,41.04112],[46.67684,41.03301],[46.68598,41.02489],[46.70507,41.0239],[46.72417,41.0229],[46.74327,41.0219],[46.76236,41.0209],[46.78146,41.0199],[46.7906,41.01179],[46.79974,41.00368],[46.81883,41.00268],[46.83793,41.00168],[46.85703,41.00068],[46.87612,40.99968],[46.88526,40.99157],[46.8944,40.98346],[46.90354,40.97535],[46.91267,40.96724],[46.93177,40.96624],[46.94091,40.95812],[46.95004,40.95001],[46.95918,40.9419],[46.96832,40.93379],[46.98742,40.93279],[47.00651,40.93179],[47.01565,40.92368],[47.02479,40.91557],[47.04388,40.91457],[47.05302,40.90646],[47.06216,40.89834],[47.0713,40.89023],[47.08043,40.88212],[47.08957,40.87401],[47.09871,40.86589],[47.10785,40.85778],[47.11698,40.84967],[47.12612,40.84156],[47.13526,40.83345],[47.1444,40.82533],[47.15353,40.81722],[47.16267,40.80911],[47.17181,40.801],[47.18095,40.79289],[47.18012,40.77766],[47.1793,40.76243],[47.18844,40.75432],[47.19758,40.74621],[47.19675,40.73098],[47.19593,40.71576],[47.20507,40.70764],[47.21421,40.69953],[47.22334,40.69142],[47.23248,40.68331],[47.24162,40.6752],[47.25076,40.66708],[47.25989,40.65897],[47.26903,40.65086],[47.27817,40.64275],[47.28731,40.63463],[47.29644,40.62652],[47.30558,40.61841],[47.30476,40.60318],[47.3139,40.59507],[47.32303,40.58696],[47.32221,40.57173],[47.33135,40.56362],[47.34049,40.55551],[47.34962,40.5474],[47.35876,40.53928],[47.3679,40.53117],[47.37704,40.52306],[47.38617,40.51495],[47.39531,40.50684],[47.40445,40.49872],[47.41359,40.49061],[47.42272,40.4825],[47.43186,40.47439],[47.441,40.46627],[47.45014,40.45816],[47.45927,40.45005],[47.46841,40.44194],[47.47755,40.43383],[47.48669,40.42571],[47.49582,40.4176],[47.50496,40.40949],[47.5141,40.40138],[47.52324,40.39326],[47.53237,40.38515],[47.54151,40.37704],[47.55065,40.36893],[47.55979,40.36082],[47.56892,40.3527],[47.57806,40.34459],[47.5872,40.33648],[47.59633,40.32837],[47.60547,40.32025],[47.61461,40.31214],[47.62375,40.30403],[47.63288,40.29592],[47.64202,40.28781],[47.65116,40.27969],[47.6603,40.27158],[47.66943,40.26347],[47.67857,40.25536],[47.69767,40.25436],[47.70763,40.26147],[47.71759,40.26859],[47.73668,40.26759],[47.75578,40.26659],[47.76492,40.25848],[47.77406,40.25037],[47.78319,40.24225],[47.79233,40.23414],[47.81143,40.23314],[47.82056,40.22503],[47.8297,40.21692],[47.83884,40.20881],[47.84798,40.20069],[47.85711,40.19258],[47.86625,40.18447],[47.88535,40.18347],[47.89449,40.17536],[47.90362,40.16725],[47.92272,40.16625],[47.94182,40.16525],[47.95095,40.15714],[47.96009,40.14903],[47.97919,40.14803],[47.99828,40.14703],[48.00824,40.15414],[48.0182,40.16126],[48.0373,40.16026],[48.04726,40.16737],[48.05722,40.17449],[48.06718,40.1816],[48.07714,40.18871],[48.0871,40.19583],[48.09706,40.20294],[48.10619,40.19483],[48.11533,40.18672],[48.12447,40.1786],[48.13361,40.17049],[48.1527,40.16949],[48.16184,40.16138],[48.17098,40.15327],[48.19007,40.15227],[48.19921,40.14416],[48.20835,40.13605],[48.22745,40.13505],[48.24654,40.13405],[48.26564,40.13305],[48.27478,40.12494],[48.28391,40.11683],[48.30301,40.11583],[48.32211,40.11483],[48.3412,40.11383],[48.3603,40.11283],[48.3794,40.11183],[48.39849,40.11084],[48.41759,40.10984],[48.43669,40.10884],[48.45578,40.10784],[48.46492,40.09973],[48.47406,40.09162],[48.49316,40.09062],[48.51225,40.08962],[48.53135,40.08862],[48.55045,40.08762],[48.56041,40.09474],[48.57037,40.10185],[48.58946,40.10085],[48.59942,40.10797],[48.60938,40.11508],[48.61934,40.12219],[48.6293,40.12931],[48.63926,40.13642],[48.64922,40.14354],[48.65918,40.15065],[48.66914,40.15776],[48.6791,40.16488],[48.68906,40.17199],[48.69819,40.16388],[48.70733,40.15577],[48.72643,40.15477],[48.73556,40.14666],[48.7447,40.13854],[48.75384,40.13043],[48.76298,40.12232],[48.77211,40.11421],[48.78125,40.10609],[48.80035,40.1051],[48.81945,40.1041],[48.83854,40.1031],[48.85764,40.1021],[48.86678,40.09399],[48.87591,40.08588],[48.89501,40.08488],[48.90415,40.07677],[48.91329,40.06865],[48.92242,40.06054],[48.93156,40.05243],[48.9407,40.04432],[48.94983,40.0362],[48.95897,40.02809],[48.96811,40.01998],[48.97725,40.01187],[48.98638,40.00376],[48.99552,39.99564],[49.00466,39.98753],[49.0138,39.97942],[49.02293,39.97131],[49.03207,39.96319],[49.04121,39.95508],[49.05035,39.94697],[49.05948,39.93886],[49.06862,39.93075],[49.07776,39.92263],[49.0869,39.91452],[49.08607,39.8993],[49.09521,39.89118],[49.10435,39.88307],[49.11349,39.87496],[49.12262,39.86685],[49.1218,39.85162],[49.12098,39.83639],[49.13012,39.82828],[49.13925,39.82017],[49.13843,39.80494],[49.14757,39.79683],[49.15671,39.78872],[49.15589,39.77349],[49.16502,39.76538],[49.17416,39.75727],[49.1642,39.75016],[49.15424,39.74304],[49.15342,39.72782],[49.1526,39.71259],[49.15178,39.69736],[49.15095,39.68214],[49.15013,39.66691],[49.14931,39.65169],[49.14849,39.63646],[49.15763,39.62835],[49.16676,39.62023],[49.16594,39.60501],[49.17508,39.5969],[49.18422,39.58878],[49.19335,39.58067],[49.20249,39.57256],[49.21163,39.56445],[49.22077,39.55634],[49.2299,39.54822],[49.23904,39.54011],[49.24818,39.532],[49.25731,39.52389],[49.26645,39.51577],[49.27559,39.50766],[49.28473,39.49955],[49.29386,39.49144],[49.303,39.48333],[49.31214,39.47521],[49.32128,39.4671],[49.33041,39.45899],[49.33955,39.45088],[49.34869,39.44276],[49.35783,39.43465],[49.36696,39.42654],[49.3761,39.41843],[49.38524,39.41032],[49.39438,39.4022],[49.40351,39.39409],[49.40269,39.37887],[49.40187,39.36364],[49.40105,39.34841],[49.40023,39.33319],[49.3994,39.31796],[49.39858,39.30273],[49.39776,39.28751],[49.39694,39.27228],[49.39612,39.25706],[49.39529,39.24183],[49.39447,39.2266],[49.39365,39.21138],[49.39283,39.19615],[49.39201,39.18093],[49.39118,39.1657],[49.39036,39.15047],[49.38954,39.13525],[49.37958,39.12813],[49.36962,39.12102],[49.35966,39.11391],[49.3497,39.10679],[49.33974,39.09968],[49.32978,39.09257],[49.31982,39.08545],[49.30987,39.07834],[49.29991,39.07122],[49.28995,39.06411],[49.27999,39.057],[49.27003,39.04988],[49.26007,39.04277],[49.25011,39.03566],[49.24015,39.02854],[49.23019,39.02143],[49.22023,39.01431],[49.21027,39.0072],[49.20031,39.00009],[49.19035,38.99297],[49.19949,38.98486],[49.20863,38.97675],[49.20781,38.96152],[49.19785,38.95441],[49.18789,38.94729],[49.18707,38.93207],[49.17711,38.92495],[49.16715,38.91784],[49.16632,38.90261],[49.15637,38.8955],[49.14641,38.88839],[49.13645,38.88127],[49.12649,38.87416],[49.11653,38.86705],[49.10657,38.85993],[49.09661,38.85282],[49.08665,38.8457],[49.08583,38.83048],[49.09497,38.82237],[49.1041,38.81425],[49.10328,38.79903],[49.11242,38.79092],[49.12156,38.7828],[49.12073,38.76758],[49.11991,38.75235],[49.12905,38.74424],[49.13819,38.73613],[49.13736,38.7209],[49.13654,38.70567],[49.14568,38.69756],[49.15482,38.68945],[49.154,38.67422],[49.15317,38.659],[49.15235,38.64377],[49.15153,38.62855],[49.16067,38.62043],[49.1698,38.61232],[49.16898,38.5971],[49.16816,38.58187],[49.16734,38.56664],[49.16652,38.55142],[49.1657,38.53619],[49.16487,38.52097],[49.16405,38.50574],[49.16323,38.49051],[49.15327,38.4834],[49.14331,38.47629],[49.13335,38.46917],[49.12339,38.46206],[49.11343,38.45494],[49.10347,38.44783],[49.09351,38.44072],[49.08355,38.4336],[49.0736,38.42649],[49.06364,38.41937],[49.05368,38.41226],[49.04372,38.40515],[49.03376,38.39803],[49.0238,38.39092],[49.01384,38.38381],[48.99474,38.3848],[48.98478,38.37769],[48.97482,38.37058],[48.95573,38.37157],[48.93663,38.37257],[48.91753,38.37357],[48.89844,38.37457],[48.88848,38.36746],[48.87852,38.36034],[48.85942,38.36134],[48.84032,38.36234],[48.82123,38.36334],[48.80213,38.36434],[48.79217,38.35722],[48.78221,38.35011],[48.76312,38.35111],[48.74402,38.35211],[48.73488,38.36022],[48.72574,38.36833],[48.71661,38.37644],[48.70747,38.38455],[48.69833,38.39267],[48.68919,38.40078],[48.68006,38.40889],[48.67092,38.417],[48.66178,38.42512],[48.65264,38.43323],[48.64351,38.44134],[48.63437,38.44945],[48.62523,38.45756],[48.61609,38.46568],[48.60696,38.47379],[48.59782,38.4819],[48.58868,38.49001],[48.57955,38.49812],[48.57041,38.50624],[48.56127,38.51435],[48.55213,38.52246],[48.543,38.53057],[48.5239,38.53157],[48.5048,38.53257],[48.48571,38.53357],[48.47657,38.54168],[48.46743,38.54979],[48.45829,38.55791],[48.44916,38.56602],[48.44002,38.57413],[48.43088,38.58224],[48.42174,38.59035],[48.41261,38.59847],[48.40347,38.60658],[48.39433,38.61469],[48.38519,38.6228],[48.37606,38.63092],[48.36692,38.63903],[48.35778,38.64714],[48.34864,38.65525],[48.33951,38.66336],[48.33037,38.67148],[48.32123,38.67959],[48.30214,38.68059],[48.293,38.6887],[48.28386,38.69681],[48.27472,38.70492],[48.26559,38.71304],[48.25645,38.72115],[48.24731,38.72926],[48.23817,38.73737],[48.22904,38.74548],[48.2199,38.7536],[48.21076,38.76171],[48.20162,38.76982],[48.19249,38.77793],[48.18335,38.78605],[48.17421,38.79416],[48.16507,38.80227],[48.15594,38.81038],[48.13684,38.81138],[48.11774,38.81238],[48.10778,38.80527],[48.09782,38.79815],[48.08787,38.79104],[48.07791,38.78392],[48.05881,38.78492],[48.04885,38.77781],[48.03889,38.77069],[48.02893,38.76358],[48.01897,38.75647],[48.00901,38.74935],[47.99905,38.74224],[47.98909,38.73513],[47.97913,38.72801],[47.96917,38.7209],[47.95922,38.71378],[47.94926,38.70667],[47.9393,38.69956],[47.9202,38.70056],[47.91024,38.69344],[47.90028,38.68633],[47.88118,38.68733],[47.87123,38.68021],[47.86127,38.6731],[47.84217,38.6741],[47.82307,38.67509],[47.81394,38.68321],[47.8048,38.69132],[47.79566,38.69943],[47.78652,38.70754],[47.76743,38.70854],[47.75829,38.71665],[47.74915,38.72477],[47.73005,38.72576],[47.72092,38.73388],[47.71178,38.74199],[47.69268,38.74299],[47.67359,38.74399],[47.66363,38.73687],[47.65367,38.72976],[47.63457,38.73076],[47.61547,38.73176],[47.60551,38.72464],[47.59556,38.71753],[47.5856,38.71041],[47.57564,38.7033],[47.56568,38.69619],[47.55572,38.68907],[47.54576,38.68196],[47.5358,38.67484],[47.52584,38.66773],[47.51588,38.66062],[47.50592,38.6535],[47.49596,38.64639],[47.486,38.63928],[47.47604,38.63216],[47.46608,38.62505],[47.45612,38.61793],[47.44699,38.62605],[47.43785,38.63416],[47.41875,38.63516],[47.40962,38.64327],[47.40048,38.65138],[47.39134,38.65949],[47.3822,38.66761],[47.37307,38.67572],[47.36393,38.68383],[47.35397,38.67672],[47.34401,38.6696],[47.33405,38.66249],[47.32409,38.65538],[47.31413,38.64826],[47.30417,38.64115],[47.29421,38.63403],[47.28425,38.62692],[47.27429,38.61981],[47.26433,38.61269],[47.25438,38.60558],[47.24442,38.59846],[47.23446,38.59135],[47.2245,38.58424],[47.21454,38.57712],[47.20458,38.57001],[47.19462,38.5629],[47.18466,38.55578],[47.1747,38.54867],[47.16474,38.54155],[47.14564,38.54255],[47.12655,38.54355],[47.11741,38.55166],[47.10827,38.55978],[47.08918,38.56077],[47.07008,38.56177],[47.05098,38.56277],[47.03189,38.56377],[47.01279,38.56477],[46.99369,38.56577],[46.9746,38.56676],[46.9555,38.56776],[46.94636,38.57587],[46.93722,38.58399],[46.91813,38.58499],[46.89903,38.58598],[46.87993,38.58698],[46.86997,38.57987],[46.86002,38.57275],[46.85006,38.56564],[46.8401,38.55853],[46.83014,38.55141],[46.82018,38.5443],[46.80108,38.5453],[46.78198,38.5463],[46.76289,38.54729],[46.74379,38.54829],[46.72469,38.54929],[46.7056,38.55029],[46.6865,38.55129],[46.67654,38.54417],[46.66658,38.53706],[46.65662,38.52995],[46.64666,38.52283],[46.6367,38.51572],[46.62674,38.5086],[46.61679,38.50149],[46.60683,38.49438],[46.59687,38.48726],[46.58691,38.48015],[46.57695,38.47304],[46.56699,38.46592],[46.55703,38.45881],[46.54707,38.45169],[46.53711,38.44458],[46.52715,38.43747],[46.51719,38.43035],[46.50723,38.42324],[46.49727,38.41613],[46.48731,38.40901],[46.47735,38.4019],[46.46739,38.39478],[46.45744,38.38767],[46.45661,38.37244],[46.44665,38.36533],[46.43669,38.35822],[46.43587,38.34299],[46.43505,38.32776],[46.42509,38.32065],[46.41513,38.31354],[46.41431,38.29831],[46.41349,38.28308],[46.41267,38.26786],[46.40271,38.26074],[46.39275,38.25363],[46.39193,38.2384],[46.38197,38.23129],[46.37201,38.22418],[46.37119,38.20895],[46.37036,38.19372],[46.36954,38.1785],[46.35958,38.17139],[46.34962,38.16427],[46.33966,38.15716],[46.3297,38.15004],[46.31974,38.14293],[46.30979,38.13582],[46.29983,38.1287],[46.28987,38.12159],[46.27991,38.11447],[46.26995,38.10736],[46.25999,38.10025],[46.25003,38.09313],[46.24007,38.08602],[46.23011,38.07891],[46.22015,38.07179],[46.21019,38.06468],[46.20023,38.05756],[46.19027,38.05045],[46.18031,38.04334],[46.16122,38.04433],[46.15126,38.03722],[46.1413,38.03011],[46.13134,38.02299],[46.12138,38.01588],[46.10228,38.01688],[46.08319,38.01788],[46.07323,38.01076],[46.06327,38.00365],[46.04417,38.00465],[46.03421,37.99753],[46.02425,37.99042],[46.00516,37.99142],[45.9952,37.9843],[45.98524,37.97719],[45.96614,37.97819],[45.95618,37.97107],[45.94622,37.96396],[45.92712,37.96496],[45.91716,37.95785],[45.90721,37.95073],[45.89725,37.94362],[45.88729,37.9365],[45.86819,37.9375],[45.85823,37.93039],[45.84827,37.92327],[45.83831,37.91616],[45.82835,37.90905],[45.80926,37.91005],[45.7993,37.90293],[45.78934,37.89582],[45.77024,37.89682],[45.76028,37.8897],[45.75032,37.88259],[45.73122,37.88359],[45.71213,37.88459],[45.69303,37.88558],[45.67393,37.88658],[45.65484,37.88758],[45.63574,37.88858],[45.61664,37.88958],[45.60751,37.89769],[45.59837,37.9058],[45.58841,37.89869],[45.57845,37.89157],[45.55935,37.89257],[45.55022,37.90068],[45.54108,37.9088],[45.53194,37.91691],[45.5228,37.92502],[45.51367,37.93313],[45.50453,37.94125],[45.49539,37.94936],[45.48625,37.95747],[45.47712,37.96558],[45.46798,37.97369],[45.45884,37.98181],[45.44971,37.98992],[45.44057,37.99803],[45.43143,38.00614],[45.42229,38.01426],[45.41316,38.02237],[45.40402,38.03048],[45.39488,38.03859],[45.38574,38.0467],[45.37661,38.05482],[45.36747,38.06293],[45.35833,38.07104],[45.34837,38.06393],[45.33841,38.05681],[45.32845,38.0497],[45.31849,38.04259],[45.30853,38.03547],[45.29858,38.02836],[45.28862,38.02124],[45.27866,38.01413],[45.2687,38.00702],[45.25874,37.9999],[45.24878,37.99279],[45.23882,37.98568],[45.22886,37.97856],[45.2189,37.97145],[45.20894,37.96433],[45.19898,37.95722],[45.18902,37.95011],[45.17906,37.94299],[45.1691,37.93588],[45.15914,37.92876],[45.14918,37.92165],[45.14836,37.90642],[45.1575,37.89831],[45.16664,37.8902],[45.17578,37.88209],[45.18491,37.87398],[45.19405,37.86586],[45.20319,37.85775],[45.21232,37.84964],[45.22146,37.84153],[45.2306,37.83341],[45.23974,37.8253],[45.24887,37.81719],[45.25801,37.80908],[45.26715,37.80097],[45.27629,37.79285],[45.28542,37.78474],[45.29456,37.77663],[45.3037,37.76852],[45.31284,37.7604],[45.32197,37.75229],[45.33111,37.74418],[45.34025,37.73607],[45.34939,37.72796],[45.34856,37.71273],[45.34774,37.6975],[45.34692,37.68228],[45.3461,37.66705],[45.34528,37.65183],[45.34445,37.6366],[45.34363,37.62137],[45.34281,37.60615],[45.34199,37.59092],[45.34117,37.5757],[45.3503,37.56758],[45.35944,37.55947],[45.35862,37.54425],[45.3578,37.52902],[45.35698,37.51379],[45.35615,37.49857],[45.35533,37.48334],[45.35451,37.46812],[45.35369,37.45289],[45.36282,37.44478],[45.37196,37.43666],[45.37114,37.42144],[45.38028,37.41333],[45.38942,37.40521],[45.38859,37.38999],[45.39773,37.38188],[45.40687,37.37376],[45.40605,37.35854],[45.40522,37.34331],[45.4044,37.32809],[45.40358,37.31286],[45.40276,37.29763],[45.40194,37.28241],[45.41107,37.2743],[45.42021,37.26618],[45.42935,37.25807],[45.43849,37.24996],[45.44762,37.24185],[45.45676,37.23373],[45.4659,37.22562],[45.47504,37.21751],[45.48417,37.2094],[45.49331,37.20129],[45.50245,37.19317],[45.51159,37.18506],[45.52072,37.17695],[45.52986,37.16884],[45.539,37.16072],[45.54813,37.15261],[45.55727,37.1445],[45.56641,37.13639],[45.57555,37.12828],[45.58468,37.12016],[45.59382,37.11205],[45.61292,37.11105],[45.62206,37.10294],[45.63119,37.09483],[45.64033,37.08672],[45.64947,37.0786],[45.65861,37.07049],[45.66774,37.06238],[45.67688,37.05427],[45.68602,37.04615],[45.69516,37.03804],[45.70429,37.02993],[45.71343,37.02182],[45.72257,37.01371],[45.73171,37.00559],[45.74084,36.99748],[45.74998,36.98937],[45.75912,36.98126],[45.76825,36.97315],[45.77739,36.96503],[45.78653,36.95692],[45.79567,36.94881],[45.8048,36.9407],[45.79484,36.93358],[45.78489,36.92647],[45.77493,36.91935],[45.76497,36.91224],[45.75501,36.90513],[45.74505,36.89801],[45.73509,36.8909],[45.72513,36.88379],[45.71517,36.87667],[45.70521,36.86956],[45.69525,36.86244],[45.68529,36.85533],[45.67533,36.84822],[45.66537,36.8411],[45.65541,36.83399],[45.63632,36.83499],[45.61722,36.83599],[45.59812,36.83698],[45.57903,36.83798],[45.55993,36.83898],[45.54083,36.83998],[45.52174,36.84098],[45.50264,36.84198],[45.48354,36.84297],[45.46445,36.84397],[45.44535,36.84497],[45.42625,36.84597],[45.41629,36.83886],[45.40633,36.83174],[45.38724,36.83274],[45.36814,36.83374],[45.34904,36.83474],[45.32995,36.83574],[45.31085,36.83673],[45.30171,36.84485],[45.29258,36.85296],[45.27348,36.85396],[45.25438,36.85496],[45.23529,36.85595],[45.21619,36.85695],[45.19709,36.85795],[45.178,36.85895],[45.1589,36.85995],[45.1398,36.86095],[45.1207,36.86194],[45.10161,36.86294],[45.08251,36.86394],[45.06341,36.86494],[45.04432,36.86594],[45.02522,36.86694],[45.00612,36.86793],[44.99699,36.87605],[44.98785,36.88416],[44.96875,36.88516],[44.95962,36.89327],[44.95048,36.90138],[44.94134,36.90949],[44.9322,36.91761],[44.92307,36.92572],[44.91393,36.93383],[44.90479,36.94194],[44.89565,36.95005],[44.87656,36.95105],[44.86742,36.95917],[44.85828,36.96728],[44.84914,36.97539],[44.84001,36.9835],[44.83087,36.99161],[44.82173,36.99973],[44.81259,37.00784],[44.80346,37.01595],[44.79432,37.02406],[44.78518,37.03218],[44.77605,37.04029],[44.76691,37.0484],[44.75777,37.05651],[44.74863,37.06462],[44.7395,37.07274],[44.73036,37.08085],[44.72122,37.08896],[44.71208,37.09707],[44.70295,37.10519],[44.69381,37.1133],[44.68467,37.12141],[44.67553,37.12952],[44.6664,37.13763],[44.65726,37.14575],[44.64812,37.15386],[44.63898,37.16197],[44.62985,37.17008],[44.62071,37.1782],[44.60161,37.17919],[44.58252,37.18019],[44.56342,37.18119],[44.54432,37.18219],[44.52523,37.18319],[44.50613,37.18419],[44.48703,37.18518],[44.46794,37.18618],[44.44884,37.18718],[44.42974,37.18818],[44.41065,37.18918],[44.39155,37.19018],[44.38241,37.19829],[44.37327,37.2064],[44.35418,37.2074],[44.34504,37.21551],[44.3359,37.22362],[44.31681,37.22462],[44.29771,37.22562],[44.28857,37.23373],[44.27943,37.24184],[44.26034,37.24284],[44.24124,37.24384],[44.23128,37.23673],[44.22132,37.22961],[44.20222,37.23061],[44.18313,37.23161],[44.16403,37.23261],[44.14493,37.23361],[44.12584,37.23461],[44.10674,37.2356],[44.08764,37.2366],[44.06855,37.2376],[44.04945,37.2386],[44.03035,37.2396],[44.01126,37.2406],[44.00212,37.24871],[43.99298,37.25682],[43.97389,37.25782],[43.95479,37.25882],[43.93569,37.25982],[43.92655,37.26793],[43.91742,37.27604],[43.89832,37.27704],[43.88918,37.28515],[43.88005,37.29326],[43.86095,37.29426],[43.84185,37.29526],[43.82276,37.29626],[43.80366,37.29726],[43.78456,37.29825],[43.76547,37.29925],[43.74637,37.30025],[43.72727,37.30125],[43.70817,37.30225],[43.68908,37.30325],[43.67912,37.29613],[43.66916,37.28902],[43.6592,37.2819],[43.64924,37.27479],[43.63928,37.26768],[43.62932,37.26056],[43.61936,37.25345],[43.6094,37.24634],[43.59944,37.23922],[43.58948,37.23211],[43.57039,37.23311],[43.55129,37.23411],[43.53219,37.2351],[43.52223,37.22799],[43.51228,37.22088],[43.50232,37.21376],[43.49236,37.20665],[43.4824,37.19953],[43.47244,37.19242],[43.46248,37.18531],[43.45252,37.17819],[43.44256,37.17108],[43.4326,37.16397],[43.42264,37.15685],[43.41268,37.14974],[43.40272,37.14262],[43.39276,37.13551],[43.3828,37.1284],[43.37284,37.12128],[43.36289,37.11417],[43.35293,37.10705],[43.33383,37.10805],[43.32387,37.10094],[43.31391,37.09383],[43.30395,37.08671],[43.29399,37.0796],[43.28403,37.07248],[43.27407,37.06537],[43.26411,37.05826],[43.25415,37.05114],[43.2442,37.04403],[43.23424,37.03691],[43.22428,37.0298],[43.21432,37.02269],[43.20436,37.01557],[43.1944,37.00846],[43.18444,37.00135],[43.17448,36.99423],[43.16452,36.98712],[43.15456,36.98],[43.1446,36.97289],[43.13464,36.96578],[43.11555,36.96677],[43.09645,36.96777],[43.07735,36.96877],[43.05826,36.96977],[43.03916,36.97077],[43.02006,36.97177],[43.00096,36.97277],[42.99183,36.98088],[42.98269,36.98899],[42.96359,36.98999],[42.95446,36.9981],[42.94532,37.00621],[42.92622,37.00721],[42.90712,37.00821],[42.89799,37.01632],[42.88885,37.02443],[42.86975,37.02543],[42.85066,37.02643],[42.83156,37.02743],[42.81246,37.02843],[42.79337,37.02943],[42.77427,37.03042],[42.75517,37.03142],[42.73608,37.03242],[42.71698,37.03342],[42.69788,37.03442],[42.67879,37.03542],[42.65969,37.03641],[42.64059,37.03741],[42.63145,37.04553],[42.62232,37.05364],[42.61318,37.06175],[42.60404,37.06986],[42.59491,37.07797],[42.58577,37.08609],[42.56667,37.08708],[42.54757,37.08808],[42.53844,37.0962],[42.5293,37.10431],[42.51934,37.09719],[42.50938,37.09008],[42.49028,37.09108],[42.48115,37.09919],[42.47201,37.1073],[42.45291,37.1083],[42.43382,37.1093],[42.41472,37.1103],[42.39562,37.1113],[42.37653,37.11229],[42.35743,37.11329],[42.33833,37.11429],[42.31924,37.11529],[42.30014,37.11629],[42.28104,37.11729],[42.26194,37.11828],[42.24285,37.11928],[42.22375,37.12028],[42.20465,37.12128],[42.19552,37.12939],[42.18638,37.1375],[42.17724,37.14562],[42.16811,37.15373],[42.15897,37.16184],[42.14983,37.16995],[42.14069,37.17807],[42.13156,37.18618],[42.12242,37.19429],[42.11328,37.2024],[42.10414,37.21051],[42.09501,37.21863],[42.08587,37.22674],[42.07673,37.23485],[42.06759,37.24296],[42.05846,37.25108],[42.04932,37.25919],[42.04018,37.2673],[42.03104,37.27541],[42.02191,37.28352],[42.01277,37.29164],[42.00363,37.29975],[41.99449,37.30786],[41.98536,37.31597],[41.97622,37.32409],[41.96708,37.3322],[41.95794,37.34031],[41.94881,37.34842],[41.93967,37.35653],[41.93053,37.36465],[41.9214,37.37276],[41.91226,37.38087],[41.90312,37.38898],[41.89398,37.3971],[41.88485,37.40521],[41.87571,37.41332],[41.85661,37.41432],[41.84747,37.42243],[41.83834,37.43054],[41.81924,37.43154],[41.8101,37.43965],[41.80096,37.44777],[41.78187,37.44876],[41.76277,37.44976],[41.75363,37.45787],[41.7445,37.46599],[41.73536,37.4741],[41.72622,37.48221],[41.71708,37.49032],[41.70795,37.49844],[41.69881,37.50655],[41.68967,37.51466],[41.68053,37.52277],[41.6714,37.53088],[41.66226,37.539],[41.65312,37.54711],[41.64399,37.55522],[41.63485,37.56333],[41.62571,37.57145],[41.61657,37.57956],[41.60744,37.58767],[41.5983,37.59578],[41.58916,37.60389],[41.58998,37.61912],[41.5908,37.63435],[41.58167,37.64246],[41.57253,37.65057],[41.56339,37.65868],[41.55425,37.6668],[41.54512,37.67491],[41.53598,37.68302],[41.52684,37.69113],[41.51771,37.69924],[41.50857,37.70736],[41.49943,37.71547],[41.49029,37.72358],[41.48116,37.73169],[41.47202,37.73981],[41.46288,37.74792],[41.45374,37.75603],[41.44461,37.76414],[41.43547,37.77225],[41.42633,37.78037],[41.41719,37.78848],[41.40806,37.79659],[41.39892,37.8047],[41.38896,37.79759],[41.379,37.79048],[41.3599,37.79147],[41.34081,37.79247],[41.32171,37.79347],[41.30261,37.79447],[41.28352,37.79547],[41.26442,37.79647],[41.24532,37.79746],[41.22623,37.79846],[41.20713,37.79946],[41.18803,37.80046],[41.16894,37.80146],[41.14984,37.80246],[41.13074,37.80345],[41.11165,37.80445],[41.09255,37.80545],[41.07345,37.80645],[41.05436,37.80745],[41.03526,37.80845],[41.02612,37.81656],[41.01698,37.82467],[40.99789,37.82567],[40.97879,37.82667],[40.95969,37.82767],[40.9406,37.82866],[40.93146,37.83678],[40.92232,37.84489],[40.91318,37.853],[40.90405,37.86111],[40.88495,37.86211],[40.86585,37.86311],[40.84676,37.86411],[40.82766,37.86511],[40.80856,37.8661],[40.79943,37.87422],[40.79029,37.88233],[40.78115,37.89044],[40.77201,37.89855],[40.76288,37.90667],[40.75374,37.91478],[40.73464,37.91578],[40.7255,37.92389],[40.71637,37.932],[40.69727,37.933],[40.67817,37.934],[40.65908,37.935],[40.63998,37.93599],[40.62088,37.93699],[40.60179,37.93799],[40.58269,37.93899],[40.56359,37.93999],[40.5445,37.94099],[40.5254,37.94198],[40.5063,37.94298],[40.48721,37.94398],[40.47807,37.95209],[40.46893,37.96021],[40.44983,37.9612],[40.4407,37.96932],[40.43156,37.97743],[40.41246,37.97843],[40.39337,37.97943],[40.37427,37.98042],[40.35517,37.98142],[40.33608,37.98242],[40.31698,37.98342],[40.29788,37.98442],[40.27879,37.98542],[40.25969,37.98641],[40.24059,37.98741],[40.23063,37.9803],[40.22067,37.97319],[40.21154,37.9813],[40.2024,37.98941],[40.19244,37.9823],[40.18248,37.97518],[40.16338,37.97618],[40.14429,37.97718],[40.12519,37.97818],[40.10609,37.97918],[40.087,37.98017],[40.0679,37.98117],[40.05876,37.98928],[40.04962,37.9974],[40.03053,37.9984],[40.01143,37.99939],[40.00229,38.00751],[39.99316,38.01562],[39.98402,38.02373],[39.97488,38.03184],[39.96574,38.03995],[39.95661,38.04807],[39.94747,38.05618],[39.93833,38.06429],[39.92919,38.0724],[39.92006,38.08052],[39.91092,38.08863],[39.90178,38.09674],[39.89264,38.10485],[39.88351,38.11296],[39.87437,38.12108],[39.86523,38.12919],[39.8561,38.1373],[39.84696,38.14541],[39.83782,38.15353],[39.82868,38.16164],[39.81955,38.16975],[39.81041,38.17786],[39.80127,38.18597],[39.79213,38.19409],[39.783,38.2022],[39.77386,38.21031],[39.76472,38.21842],[39.75558,38.22654],[39.74645,38.23465],[39.73731,38.24276],[39.72817,38.25087],[39.71903,38.25898],[39.7099,38.2671],[39.70076,38.27521],[39.69162,38.28332],[39.68248,38.29143],[39.66339,38.29243],[39.64429,38.29343],[39.62519,38.29443],[39.6061,38.29543],[39.59696,38.30354],[39.58782,38.31165],[39.57869,38.31976],[39.56955,38.32788],[39.55045,38.32887],[39.54131,38.33699],[39.53218,38.3451],[39.51308,38.3461],[39.49398,38.3471],[39.48485,38.35521],[39.47571,38.36332],[39.45661,38.36432],[39.44747,38.37243],[39.43834,38.38054],[39.41924,38.38154],[39.4101,38.38965],[39.40096,38.39777],[39.39183,38.40588],[39.38269,38.41399],[39.37355,38.4221],[39.36442,38.43021],[39.35528,38.43833],[39.34614,38.44644],[39.337,38.45455],[39.32787,38.46266],[39.31873,38.47078],[39.30959,38.47889],[39.30045,38.487],[39.29132,38.49511],[39.28218,38.50322],[39.27304,38.51134],[39.2639,38.51945],[39.25477,38.52756],[39.24563,38.53567],[39.23649,38.54379],[39.22735,38.5519],[39.21822,38.56001],[39.20908,38.56812],[39.19994,38.57623],[39.1908,38.58435],[39.18167,38.59246],[39.17253,38.60057],[39.16339,38.60868],[39.1443,38.60968],[39.13434,38.60257],[39.12438,38.59545],[39.10528,38.59645],[39.09532,38.58934],[39.08536,38.58222],[39.06626,38.58322],[39.04717,38.58422],[39.03721,38.57711],[39.02725,38.56999],[39.00815,38.57099],[38.98906,38.57199],[38.96996,38.57299],[38.96,38.56587],[38.95004,38.55876],[38.94008,38.55165],[38.93012,38.54453],[38.92016,38.53742],[38.9102,38.53031],[38.90107,38.53842],[38.89193,38.54653],[38.88279,38.55464],[38.87365,38.56275],[38.86452,38.57087],[38.85538,38.57898],[38.84624,38.58709],[38.8371,38.5952],[38.82797,38.60332],[38.81883,38.61143],[38.80969,38.61954],[38.80055,38.62765],[38.79142,38.63576],[38.78228,38.64388],[38.76318,38.64488],[38.74409,38.64587],[38.72499,38.64687],[38.70589,38.64787],[38.6868,38.64887],[38.67766,38.65698],[38.66852,38.66509],[38.65938,38.67321],[38.65025,38.68132],[38.64111,38.68943],[38.63197,38.69754],[38.62283,38.70565],[38.6137,38.71377],[38.60456,38.72188],[38.59542,38.72999],[38.58628,38.7381],[38.57715,38.74622],[38.56801,38.75433],[38.55887,38.76244],[38.54973,38.77055],[38.5406,38.77866],[38.5215,38.77966],[38.5024,38.78066],[38.48331,38.78166],[38.46421,38.78266],[38.44511,38.78366],[38.42602,38.78465],[38.40692,38.78565],[38.39778,38.79377],[38.38864,38.80188],[38.36955,38.80288],[38.35045,38.80387],[38.34131,38.81199],[38.33218,38.8201],[38.31308,38.8211],[38.30394,38.82921],[38.2948,38.83732],[38.27571,38.83832],[38.26657,38.84643],[38.25743,38.85454],[38.23834,38.85554],[38.21924,38.85654],[38.2101,38.86465],[38.20096,38.87277],[38.19183,38.88088],[38.18269,38.88899],[38.17355,38.8971],[38.16442,38.90521],[38.15528,38.91333],[38.14614,38.92144],[38.137,38.92955],[38.12787,38.93766],[38.11873,38.94578],[38.10959,38.95389],[38.10045,38.962],[38.09132,38.97011],[38.08218,38.97822],[38.07304,38.98634],[38.0639,38.99445],[38.06473,39.00967],[38.06555,39.0249],[38.06637,39.04013],[38.06719,39.05535],[38.06801,39.07058],[38.07797,39.07769],[38.08793,39.08481],[38.09789,39.09192],[38.10785,39.09903],[38.11781,39.10615],[38.12777,39.11326],[38.12859,39.12849],[38.12941,39.14371],[38.13937,39.15083],[38.14933,39.15794],[38.15929,39.16506],[38.16925,39.17217],[38.17921,39.17928],[38.18917,39.1864],[38.19913,39.19351],[38.20909,39.20062],[38.21905,39.20774],[38.22901,39.21485],[38.23897,39.22197],[38.24893,39.22908],[38.25889,39.23619],[38.26884,39.24331],[38.2788,39.25042],[38.2979,39.24942],[38.317,39.24842],[38.32696,39.25554],[38.33692,39.26265],[38.34688,39.26977],[38.35683,39.27688],[38.36679,39.28399],[38.37675,39.29111],[38.38671,39.29822],[38.39667,39.30533],[38.40663,39.31245],[38.41659,39.31956],[38.42655,39.32668],[38.43651,39.33379],[38.44647,39.3409],[38.45643,39.34802],[38.46639,39.35513],[38.47635,39.36225],[38.48631,39.36936],[38.49627,39.37647],[38.50622,39.38359],[38.51618,39.3907],[38.52614,39.39781],[38.52697,39.41304],[38.52779,39.42827],[38.51865,39.43638],[38.50951,39.44449],[38.51033,39.45972],[38.51116,39.47494],[38.51198,39.49017],[38.5128,39.5054],[38.50366,39.51351],[38.49453,39.52162],[38.49535,39.53685],[38.48621,39.54496],[38.47707,39.55307],[38.46794,39.56118],[38.4588,39.56929],[38.44966,39.57741],[38.44052,39.58552],[38.43139,39.59363],[38.42225,39.60174],[38.41311,39.60986],[38.40397,39.61797],[38.39484,39.62608],[38.3857,39.63419],[38.37656,39.6423],[38.36742,39.65042],[38.35829,39.65853],[38.34915,39.66664],[38.34001,39.67475],[38.33087,39.68287],[38.32174,39.69098],[38.3126,39.69909],[38.30346,39.7072],[38.29432,39.71531],[38.28519,39.72343],[38.27605,39.73154],[38.26691,39.73965],[38.25777,39.74776],[38.24864,39.75588],[38.2395,39.76399],[38.23036,39.7721],[38.22123,39.78021],[38.22205,39.79544],[38.21291,39.80355],[38.20377,39.81166],[38.19464,39.81977],[38.1855,39.82789],[38.17636,39.836],[38.16722,39.84411],[38.15809,39.85222],[38.14895,39.86034],[38.14977,39.87556],[38.15973,39.88268],[38.16969,39.88979],[38.17965,39.8969],[38.18961,39.90402],[38.19957,39.91113],[38.20953,39.91824],[38.21949,39.92536],[38.22944,39.93247],[38.2394,39.93959],[38.24936,39.9467],[38.25932,39.95381],[38.26928,39.96093],[38.27924,39.96804],[38.2892,39.97516],[38.29002,39.99038],[38.28089,39.99849],[38.27175,40.00661],[38.26261,40.01472],[38.25347,40.02283],[38.24434,40.03094],[38.2352,40.03905],[38.22606,40.04717],[38.21692,40.05528],[38.20779,40.06339],[38.19865,40.0715],[38.18951,40.07962],[38.18037,40.08773],[38.1812,40.10295],[38.18202,40.11818],[38.18284,40.13341],[38.18366,40.14863],[38.18448,40.16386],[38.19444,40.17097],[38.2044,40.17809],[38.21436,40.1852],[38.22432,40.19231],[38.22514,40.20754],[38.2351,40.21465],[38.24506,40.22177],[38.25502,40.22888],[38.26498,40.23599],[38.27494,40.24311],[38.2849,40.25022],[38.29486,40.25734],[38.30482,40.26445],[38.31478,40.27156],[38.32474,40.27868],[38.3347,40.28579],[38.34466,40.29291],[38.35461,40.30002],[38.36457,40.30713],[38.37453,40.31425],[38.39363,40.31325],[38.40359,40.32036],[38.41355,40.32748],[38.42351,40.33459],[38.43347,40.3417],[38.45256,40.34071],[38.46252,40.34782],[38.47248,40.35493],[38.49158,40.35393],[38.51068,40.35294],[38.52977,40.35194],[38.54887,40.35094],[38.56797,40.34994],[38.58706,40.34894],[38.60616,40.34794],[38.62526,40.34695],[38.63439,40.33883],[38.64353,40.33072],[38.65349,40.33784],[38.66345,40.34495],[38.68255,40.34395],[38.70164,40.34295],[38.72074,40.34195],[38.7307,40.34907],[38.74066,40.35618],[38.75976,40.35518],[38.77885,40.35418],[38.79795,40.35319],[38.81705,40.35219],[38.83614,40.35119],[38.85524,40.35019],[38.87434,40.34919],[38.89343,40.34819],[38.90339,40.35531],[38.91335,40.36242],[38.93245,40.36142],[38.94241,40.36854],[38.95237,40.37565],[38.96233,40.38276],[38.97229,40.38988],[38.99138,40.38888],[39.01048,40.38788],[39.02958,40.38688],[39.04867,40.38589],[39.05863,40.393],[39.06859,40.40011],[39.08769,40.39911],[39.09683,40.391],[39.10596,40.38289],[39.12506,40.38189],[39.14416,40.38089],[39.15329,40.37278],[39.16243,40.36467],[39.18153,40.36367],[39.20063,40.36267],[39.20976,40.35456],[39.2189,40.34645],[39.238,40.34545],[39.24713,40.33734],[39.25627,40.32922],[39.27537,40.32823],[39.29447,40.32723],[39.3036,40.31912],[39.31274,40.311],[39.33184,40.31001],[39.3418,40.31712],[39.35176,40.32423],[39.36171,40.33135],[39.37167,40.33846],[39.38163,40.34557],[39.39159,40.35269],[39.40155,40.3598],[39.41151,40.36692],[39.42147,40.37403],[39.43143,40.38114],[39.44139,40.38826],[39.45135,40.39537],[39.46131,40.40248],[39.47127,40.4096],[39.48123,40.41671],[39.49119,40.42383],[39.50115,40.43094],[39.51111,40.43805],[39.52106,40.44517],[39.53102,40.45228],[39.54098,40.4594],[39.55094,40.46651],[39.5609,40.47362],[39.57086,40.48074],[39.58082,40.48785],[39.59078,40.49496],[39.60074,40.50208],[39.6107,40.50919],[39.62066,40.51631],[39.63062,40.52342],[39.64058,40.53053],[39.65054,40.53765],[39.6605,40.54476],[39.67045,40.55188],[39.68041,40.55899],[39.69037,40.5661],[39.70033,40.57322],[39.71029,40.58033],[39.72025,40.58744],[39.73021,40.59456],[39.74017,40.60167],[39.75013,40.60879],[39.76009,40.6159],[39.77005,40.62301],[39.78001,40.63013],[39.78997,40.63724],[39.79993,40.64435],[39.80989,40.65147],[39.81984,40.65858],[39.8298,40.6657],[39.83976,40.67281],[39.84972,40.67992],[39.85968,40.68704],[39.8605,40.70226],[39.87046,40.70938],[39.88042,40.71649],[39.89038,40.72361],[39.90034,40.73072],[39.9103,40.73783],[39.92026,40.74495],[39.93022,40.75206],[39.94018,40.75917],[39.95014,40.76629],[39.9601,40.7734],[39.97006,40.78052],[39.98002,40.78763],[39.98998,40.79474],[39.99994,40.80186],[40.00989,40.80897],[40.01985,40.81608],[40.02981,40.8232],[40.04891,40.8222],[40.05887,40.82931],[40.06883,40.83643],[40.07879,40.84354],[40.08875,40.85066],[40.10784,40.84966],[40.1178,40.85677],[40.12776,40.86388],[40.14686,40.86289],[40.15682,40.87],[40.16678,40.87711],[40.18588,40.87612],[40.20497,40.87512],[40.22407,40.87412],[40.24317,40.87312],[40.26226,40.87212],[40.28136,40.87112],[40.30046,40.87013],[40.31955,40.86913],[40.33865,40.86813],[40.35775,40.86713],[40.37684,40.86613],[40.39594,40.86513],[40.41504,40.86413],[40.43413,40.86314],[40.45323,40.86214],[40.47233,40.86114],[40.49142,40.86014],[40.50138,40.86726],[40.51134,40.87437],[40.53044,40.87337],[40.54954,40.87237],[40.55949,40.87949],[40.56945,40.8866],[40.58855,40.8856],[40.59851,40.89272],[40.60847,40.89983],[40.61843,40.90694],[40.62839,40.91406],[40.64749,40.91306],[40.66658,40.91206],[40.67654,40.91917],[40.6865,40.92629],[40.7056,40.92529],[40.71556,40.9324],[40.72552,40.93952],[40.74461,40.93852],[40.76371,40.93752],[40.77367,40.94463],[40.78363,40.95175],[40.80272,40.95075],[40.81268,40.95786],[40.82264,40.96498],[40.84174,40.96398],[40.8517,40.97109],[40.86166,40.97821],[40.88076,40.97721],[40.89072,40.98432],[40.90067,40.99144],[40.91977,40.99044],[40.92973,40.99755],[40.93969,41.00466],[40.95879,41.00367],[40.97788,41.00267],[40.98784,41.00978],[40.9978,41.0169],[41.0169,41.0159],[41.036,41.0149],[41.04596,41.02201],[41.05591,41.02913],[41.06587,41.03624],[41.07583,41.04335],[41.08579,41.05047],[41.09575,41.05758],[41.10571,41.0647],[41.11567,41.07181],[41.12563,41.07892],[41.13559,41.08604],[41.14555,41.09315],[41.15551,41.10026],[41.16547,41.10738],[41.17543,41.11449],[41.18539,41.12161],[41.19535,41.12872],[41.2053,41.13583],[41.21526,41.14295],[41.22522,41.15006],[41.23518,41.15718],[41.24514,41.16429],[41.24596,41.17952],[41.25592,41.18663],[41.26588,41.19374],[41.27584,41.20086],[41.2858,41.20797],[41.29576,41.21508],[41.30572,41.2222],[41.31568,41.22931],[41.32564,41.23643],[41.3356,41.24354],[41.34556,41.25065],[41.35552,41.25777],[41.36548,41.26488],[41.37544,41.27199],[41.38539,41.27911],[41.39535,41.28622],[41.40531,41.29334],[41.41527,41.30045],[41.42523,41.30756],[41.43519,41.31468],[41.44515,41.32179],[41.45511,41.32891],[41.46507,41.33602],[41.47503,41.34313],[41.48499,41.35025],[41.49495,41.35736],[41.50491,41.36447],[41.51487,41.37159],[41.52483,41.3787],[41.53479,41.38582],[41.55388,41.38482],[41.57298,41.38382],[41.58212,41.37571],[41.59125,41.36759],[41.60039,41.35948],[41.60953,41.35137],[41.61867,41.34326],[41.6278,41.33515],[41.63694,41.32703],[41.64608,41.31892],[41.65522,41.31081],[41.66435,41.3027],[41.67349,41.29458],[41.68263,41.28647],[41.69176,41.27836],[41.7009,41.27025],[41.71004,41.26214],[41.71918,41.25402],[41.72831,41.24591],[41.73745,41.2378],[41.74659,41.22969],[41.75573,41.22157],[41.76486,41.21346],[41.774,41.20535],[41.7931,41.20435],[41.8122,41.20335],[41.82215,41.21047],[41.83211,41.21758],[41.85121,41.21658],[41.87031,41.21558],[41.8894,41.21459],[41.9085,41.21359],[41.91764,41.20548],[41.92678,41.19736],[41.94587,41.19636],[41.96497,41.19537],[41.98407,41.19437],[42.00316,41.19337],[42.02226,41.19237],[42.04136,41.19137],[42.06045,41.19037],[42.07041,41.19749],[42.08037,41.2046],[42.09033,41.21172],[42.10029,41.21883],[42.10943,41.21072],[42.11857,41.20261],[42.13766,41.20161],[42.1468,41.19349],[42.15594,41.18538],[42.17503,41.18438],[42.19413,41.18339],[42.21323,41.18239],[42.23232,41.18139],[42.25142,41.18039],[42.27052,41.17939],[42.28961,41.17839],[42.30871,41.1774],[42.32781,41.1764],[42.3469,41.1754],[42.366,41.1744],[42.3851,41.1734],[42.40419,41.1724],[42.42329,41.17141],[42.44239,41.17041],[42.46148,41.16941],[42.48058,41.16841],[42.49968,41.16741],[42.51878,41.16641],[42.53787,41.16541],[42.55697,41.16442],[42.57607,41.16342],[42.59516,41.16242],[42.61426,41.16142],[42.63336,41.16042],[42.65245,41.15942],[42.67155,41.15843],[42.69065,41.15743],[42.70974,41.15643],[42.7197,41.16354],[42.72966,41.17066],[42.74876,41.16966],[42.7579,41.16155],[42.76703,41.15343],[42.78613,41.15244],[42.80523,41.15144],[42.81436,41.14333],[42.8235,41.13521],[42.8426,41.13421],[42.85256,41.14133],[42.86252,41.14844],[42.87248,41.15556],[42.88244,41.16267],[42.89239,41.16978],[42.90235,41.1769],[42.91231,41.18401],[42.92227,41.19113],[42.93223,41.19824],[42.94219,41.20535],[42.95215,41.21247],[42.96211,41.21958],[42.97207,41.22669],[42.98203,41.23381],[42.99199,41.24092],[43.00195,41.24804],[43.01191,41.25515],[43.02187,41.26226],[43.03183,41.26938],[43.04179,41.27649],[43.05174,41.2836],[43.04261,41.29172],[43.03347,41.29983],[43.04343,41.30694],[43.05339,41.31406],[43.06335,41.32117],[43.07331,41.32828],[43.08327,41.3354],[43.09323,41.34251],[43.10319,41.34963],[43.11314,41.35674],[43.1231,41.36385],[43.13306,41.37097],[43.14302,41.37808],[43.15298,41.38519],[43.16294,41.39231],[43.1729,41.39942],[43.18286,41.40654],[43.19282,41.41365],[43.20278,41.42076],[43.21274,41.42788],[43.21356,41.4431],[43.22352,41.45022],[43.23348,41.45733],[43.24344,41.46445],[43.2534,41.47156],[43.26336,41.47867],[43.27332,41.48579],[43.27414,41.50101],[43.27496,41.51624],[43.27578,41.53146],[43.2766,41.54669],[43.27743,41.56192],[43.27825,41.57714],[43.27907,41.59237],[43.27989,41.6076],[43.28071,41.62282],[43.28154,41.63805],[43.28236,41.65327],[43.28318,41.6685],[43.29314,41.67561],[43.3031,41.68273],[43.31306,41.68984],[43.32302,41.69695],[43.33298,41.70407],[43.34294,41.71118],[43.34376,41.72641],[43.35372,41.73352],[43.36368,41.74064],[43.37364,41.74775],[43.38359,41.75486],[43.39355,41.76198],[43.40351,41.76909],[43.41347,41.7762],[43.42343,41.78332],[43.43339,41.79043],[43.44335,41.79755],[43.45331,41.80466],[43.46327,41.81177],[43.47323,41.81889],[43.48319,41.826],[43.49315,41.83312],[43.50311,41.84023],[43.51307,41.84734],[43.53216,41.84634],[43.54212,41.85346],[43.55208,41.86057],[43.57118,41.85957],[43.59028,41.85858],[43.60937,41.85758],[43.62847,41.85658],[43.63843,41.86369],[43.64839,41.87081],[43.65835,41.87792],[43.66831,41.88503],[43.6874,41.88404],[43.7065,41.88304],[43.7256,41.88204],[43.74469,41.88104],[43.76379,41.88004],[43.78289,41.87904],[43.80198,41.87805],[43.82108,41.87705],[43.83104,41.88416],[43.841,41.89127],[43.8601,41.89028],[43.87919,41.88928],[43.88915,41.89639],[43.89911,41.90351],[43.90907,41.91062],[43.91903,41.91773],[43.92899,41.92485],[43.93895,41.93196],[43.94891,41.93907],[43.95887,41.94619]]]}},{"type":"Feature","properties":{"id":"regions"},"geometry":{"type":"Polygon","coordinates":[[[43.91925,41.71572],[43.92294,41.71308],[43.92663,41.71044],[43.93418,41.71064],[43.94172,41.71084],[43.94541,41.7082],[43.9491,41.70557],[43.95279,41.70293],[43.95649,41.70029],[43.96403,41.70049],[43.97157,41.70069],[43.97526,41.69805],[43.97896,41.69541],[43.98265,41.69278],[43.98634,41.69014],[43.99388,41.69034],[44.00143,41.69054],[44.00897,41.69073],[44.01266,41.6881],[44.01635,41.68546],[44.0239,41.68566],[44.03144,41.68585],[44.03898,41.68605],[44.04653,41.68625],[44.05407,41.68645],[44.06161,41.68664],[44.06546,41.68948],[44.06932,41.69231],[44.07686,41.69251],[44.0844,41.69271],[44.09195,41.6929],[44.09949,41.6931],[44.10703,41.6933],[44.11458,41.69349],[44.12212,41.69369],[44.12966,41.69389],[44.13721,41.69409],[44.14475,41.69428],[44.15229,41.69448],[44.15598,41.69184],[44.15968,41.68921],[44.16722,41.6894],[44.17476,41.6896],[44.18231,41.6898],[44.18985,41.69],[44.19354,41.68736],[44.19723,41.68472],[44.20092,41.68209],[44.20462,41.67945],[44.21216,41.67965],[44.2197,41.67984],[44.22725,41.68004],[44.23479,41.68024],[44.23848,41.6776],[44.24217,41.67497],[44.24586,41.67233],[44.24956,41.66969],[44.25325,41.66706],[44.25694,41.66442],[44.26063,41.66178],[44.26047,41.65631],[44.25662,41.65348],[44.25277,41.65065],[44.25261,41.64518],[44.25245,41.63971],[44.25229,41.63424],[44.25213,41.62877],[44.25197,41.6233],[44.25181,41.61783],[44.24795,41.61499],[44.2441,41.61216],[44.24394,41.60669],[44.24378,41.60122],[44.23993,41.59839],[44.23608,41.59555],[44.23592,41.59008],[44.23576,41.58461],[44.23191,41.58178],[44.22806,41.57894],[44.2242,41.57611],[44.22035,41.57328],[44.22019,41.56781],[44.22003,41.56234],[44.21987,41.55687],[44.21602,41.55403],[44.21217,41.5512],[44.21201,41.54573],[44.21185,41.54026],[44.21169,41.53479],[44.20784,41.53196],[44.20398,41.52912],[44.20013,41.52629],[44.19628,41.52346],[44.19612,41.51799],[44.19227,41.51515],[44.18842,41.51232],[44.18457,41.50949],[44.18071,41.50665],[44.17686,41.50382],[44.17301,41.50098],[44.16916,41.49815],[44.16531,41.49532],[44.16145,41.49248],[44.1576,41.48965],[44.15375,41.48682],[44.14621,41.48662],[44.14236,41.48379],[44.1385,41.48095],[44.13465,41.47812],[44.1308,41.47529],[44.12695,41.47245],[44.1231,41.46962],[44.11555,41.46942],[44.10801,41.46922],[44.10416,41.46639],[44.10031,41.46356],[44.09276,41.46336],[44.08891,41.46053],[44.08506,41.45769],[44.07752,41.45749],[44.07367,41.45466],[44.06981,41.45183],[44.06596,41.44899],[44.06211,41.44616],[44.05826,41.44333],[44.05441,41.44049],[44.05056,41.43766],[44.0467,41.43483],[44.04285,41.43199],[44.039,41.42916],[44.03515,41.42633],[44.0313,41.42349],[44.02744,41.42066],[44.02359,41.41782],[44.01974,41.41499],[44.01589,41.41216],[44.01204,41.40932],[44.00819,41.40649],[44.00433,41.40366],[44.00417,41.39819],[44.00401,41.39272],[44.00385,41.38725],[44.00369,41.38178],[44.00739,41.37914],[44.01108,41.3765],[44.01092,41.37103],[44.01076,41.36556],[44.0106,41.36009],[44.01044,41.35462],[44.01028,41.34915],[44.01397,41.34652],[44.01766,41.34388],[44.0175,41.33841],[44.01734,41.33294],[44.02103,41.3303],[44.02472,41.32767],[44.02456,41.3222],[44.02825,41.31956],[44.03195,41.31693],[44.03564,41.31429],[44.03933,41.31165],[44.04302,41.30902],[44.04671,41.30638],[44.0504,41.30374],[44.0541,41.30111],[44.05779,41.29847],[44.06148,41.29583],[44.06517,41.2932],[44.06886,41.29056],[44.07255,41.28792],[44.07625,41.28529],[44.07994,41.28265],[44.08363,41.28002],[44.08732,41.27738],[44.09101,41.27474],[44.0947,41.27211],[44.10225,41.2723],[44.10979,41.2725],[44.11733,41.2727],[44.12488,41.27289],[44.13242,41.27309],[44.13996,41.27329],[44.14751,41.27349],[44.15136,41.27632],[44.15521,41.27915],[44.16275,41.27935],[44.1703,41.27955],[44.17784,41.27975],[44.18169,41.28258],[44.18554,41.28541],[44.1894,41.28825],[44.19325,41.29108],[44.1971,41.29391],[44.20095,41.29675],[44.2048,41.29958],[44.20865,41.30241],[44.21251,41.30525],[44.21636,41.30808],[44.2239,41.30828],[44.23144,41.30848],[44.2353,41.31131],[44.23915,41.31414],[44.24669,41.31434],[44.25423,41.31454],[44.26178,41.31473],[44.26932,41.31493],[44.27686,41.31513],[44.28441,41.31533],[44.29195,41.31552],[44.29949,41.31572],[44.30704,41.31592],[44.31458,41.31611],[44.31843,41.31895],[44.32228,41.32178],[44.32983,41.32198],[44.33368,41.32481],[44.33753,41.32765],[44.34507,41.32784],[44.35262,41.32804],[44.36016,41.32824],[44.36401,41.33107],[44.36786,41.3339],[44.37541,41.3341],[44.38295,41.3343],[44.3868,41.33713],[44.39065,41.33997],[44.3982,41.34016],[44.40205,41.343],[44.4059,41.34583],[44.41345,41.34603],[44.4173,41.34886],[44.42115,41.35169],[44.425,41.35453],[44.42885,41.35736],[44.4327,41.3602],[44.43656,41.36303],[44.44041,41.36586],[44.44426,41.3687],[44.4518,41.36889],[44.45565,41.37173],[44.45951,41.37456],[44.46336,41.37739],[44.46721,41.38023],[44.47106,41.38306],[44.47491,41.38589],[44.48246,41.38609],[44.48631,41.38893],[44.49016,41.39176],[44.49401,41.39459],[44.49786,41.39743],[44.50541,41.39762],[44.50926,41.40046],[44.51311,41.40329],[44.52065,41.40349],[44.5282,41.40368],[44.53205,41.40652],[44.5359,41.40935],[44.54344,41.40955],[44.54729,41.41238],[44.55115,41.41522],[44.55869,41.41541],[44.56623,41.41561],[44.57378,41.41581],[44.58132,41.416],[44.58517,41.41884],[44.58902,41.42167],[44.59657,41.42187],[44.60411,41.42207],[44.60796,41.4249],[44.61181,41.42773],[44.61936,41.42793],[44.6269,41.42813],[44.63075,41.43096],[44.6346,41.43379],[44.64215,41.43399],[44.646,41.43683],[44.64985,41.43966],[44.65739,41.43986],[44.66494,41.44005],[44.66879,41.44289],[44.67264,41.44572],[44.68018,41.44592],[44.68404,41.44875],[44.68789,41.45159],[44.69543,41.45178],[44.70297,41.45198],[44.71052,41.45218],[44.71806,41.45237],[44.7256,41.45257],[44.7293,41.44993],[44.73299,41.4473],[44.74053,41.4475],[44.74807,41.44769],[44.75562,41.44789],[44.75931,41.44525],[44.763,41.44262],[44.76669,41.43998],[44.77038,41.43734],[44.77408,41.43471],[44.77777,41.43207],[44.78146,41.42943],[44.78515,41.4268],[44.78884,41.42416],[44.79253,41.42153],[44.79623,41.41889],[44.79992,41.41625],[44.80361,41.41362],[44.8073,41.41098],[44.81099,41.40834],[44.81468,41.40571],[44.81837,41.40307],[44.82207,41.40043],[44.82576,41.3978],[44.82945,41.39516],[44.83314,41.39252],[44.83298,41.38705],[44.83667,41.38442],[44.84036,41.38178],[44.84406,41.37915],[44.84775,41.37651],[44.85144,41.37387],[44.85513,41.37124],[44.85497,41.36577],[44.85866,41.36313],[44.86235,41.36049],[44.86605,41.35786],[44.86974,41.35522],[44.87343,41.35258],[44.87712,41.34995],[44.88081,41.34731],[44.8845,41.34467],[44.88434,41.3392],[44.88803,41.33657],[44.89173,41.33393],[44.89542,41.3313],[44.89911,41.32866],[44.9028,41.32602],[44.90649,41.32339],[44.91018,41.32075],[44.91388,41.31811],[44.91757,41.31548],[44.92126,41.31284],[44.92495,41.3102],[44.92864,41.30757],[44.93233,41.30493],[44.93603,41.30229],[44.93972,41.29966],[44.94341,41.29702],[44.9471,41.29439],[44.95079,41.29175],[44.95448,41.28911],[44.95818,41.28648],[44.96187,41.28384],[44.96941,41.28404],[44.97695,41.28423],[44.9845,41.28443],[44.99204,41.28463],[44.99589,41.28746],[44.99974,41.2903],[45.00729,41.29049],[45.01114,41.29333],[45.01499,41.29616],[45.02253,41.29636],[45.02639,41.29919],[45.03024,41.30202],[45.03409,41.30486],[45.03794,41.30769],[45.04179,41.31053],[45.04564,41.31336],[45.05319,41.31356],[45.06073,41.31375],[45.06827,41.31395],[45.07582,41.31415],[45.07967,41.31698],[45.08352,41.31981],[45.08737,41.32265],[45.09122,41.32548],[45.09877,41.32568],[45.10262,41.32851],[45.10647,41.33135],[45.11032,41.33418],[45.11417,41.33701],[45.12172,41.33721],[45.12557,41.34004],[45.12942,41.34288],[45.13697,41.34307],[45.14451,41.34327],[45.15205,41.34347],[45.15574,41.34083],[45.15944,41.3382],[45.16313,41.33556],[45.16682,41.33292],[45.17051,41.33029],[45.1742,41.32765],[45.17789,41.32501],[45.18158,41.32238],[45.18528,41.31974],[45.18897,41.3171],[45.19651,41.3173],[45.2002,41.31467],[45.20389,41.31203],[45.20759,41.30939],[45.21128,41.30676],[45.21497,41.30412],[45.21866,41.30148],[45.22235,41.29885],[45.22604,41.29621],[45.22974,41.29357],[45.23343,41.29094],[45.24097,41.29113],[45.24466,41.2885],[45.24835,41.28586],[45.2559,41.28606],[45.25959,41.28342],[45.26328,41.28079],[45.27082,41.28098],[45.27837,41.28118],[45.28591,41.28138],[45.2896,41.27874],[45.29329,41.27611],[45.30084,41.2763],[45.30838,41.2765],[45.31592,41.2767],[45.32347,41.27689],[45.32716,41.27426],[45.33085,41.27162],[45.33839,41.27182],[45.34594,41.27202],[45.35348,41.27221],[45.36102,41.27241],[45.36472,41.26977],[45.36841,41.26714],[45.37595,41.26733],[45.38349,41.26753],[45.39104,41.26773],[45.39858,41.26793],[45.40612,41.26812],[45.40982,41.26549],[45.41351,41.26285],[45.42105,41.26305],[45.42859,41.26324],[45.43614,41.26344],[45.43983,41.2608],[45.44352,41.25817],[45.45106,41.25837],[45.45861,41.25856],[45.46615,41.25876],[45.47369,41.25896],[45.48124,41.25915],[45.48878,41.25935],[45.49632,41.25955],[45.50018,41.26238],[45.50403,41.26522],[45.50788,41.26805],[45.51173,41.27088],[45.51558,41.27372],[45.51943,41.27655],[45.52329,41.27938],[45.52714,41.28222],[45.53099,41.28505],[45.53484,41.28788],[45.53869,41.29072],[45.54254,41.29355],[45.5464,41.29638],[45.55025,41.29922],[45.5541,41.30205],[45.55795,41.30489],[45.5618,41.30772],[45.56565,41.31055],[45.56951,41.31339],[45.57336,41.31622],[45.57721,41.31905],[45.58106,41.32189],[45.5886,41.32208],[45.59615,41.32228],[45.6,41.32512],[45.60385,41.32795],[45.61139,41.32815],[45.61894,41.32834],[45.62279,41.33118],[45.62664,41.33401],[45.63049,41.33684],[45.63435,41.33968],[45.6382,41.34251],[45.64205,41.34534],[45.6459,41.34818],[45.64975,41.35101],[45.6536,41.35385],[45.65746,41.35668],[45.665,41.35688],[45.66885,41.35971],[45.6727,41.36254],[45.67655,41.36538],[45.68041,41.36821],[45.6841,41.36557],[45.68779,41.36294],[45.69533,41.36313],[45.70288,41.36333],[45.71042,41.36353],[45.71796,41.36373],[45.72165,41.36109],[45.72535,41.35845],[45.72904,41.35582],[45.73273,41.35318],[45.73642,41.35054],[45.74011,41.34791],[45.7438,41.34527],[45.7475,41.34263],[45.75119,41.34],[45.75488,41.33736],[45.75857,41.33473],[45.76226,41.33209],[45.76595,41.32945],[45.76964,41.32682],[45.77334,41.32418],[45.77703,41.32154],[45.78072,41.31891],[45.78441,41.31627],[45.79195,41.31647],[45.7995,41.31666],[45.80704,41.31686],[45.81458,41.31706],[45.82213,41.31726],[45.82967,41.31745],[45.83336,41.31482],[45.83705,41.31218],[45.8446,41.31238],[45.84829,41.30974],[45.85198,41.30711],[45.85952,41.3073],[45.86707,41.3075],[45.87076,41.30486],[45.87445,41.30223],[45.87814,41.29959],[45.88183,41.29695],[45.88553,41.29432],[45.88922,41.29168],[45.89291,41.28904],[45.8966,41.28641],[45.90414,41.28661],[45.90784,41.28397],[45.91153,41.28133],[45.91907,41.28153],[45.92661,41.28173],[45.93031,41.27909],[45.934,41.27645],[45.93769,41.27382],[45.94138,41.27118],[45.94507,41.26854],[45.94876,41.26591],[45.95246,41.26327],[45.95615,41.26064],[45.95984,41.258],[45.96353,41.25536],[45.96722,41.25273],[45.96706,41.24726],[45.9669,41.24179],[45.96674,41.23632],[45.96658,41.23085],[45.96642,41.22538],[45.96626,41.21991],[45.9661,41.21444],[45.96594,41.20897],[45.96578,41.2035],[45.96562,41.19803],[45.96546,41.19256],[45.9653,41.18709],[45.96899,41.18445],[45.97268,41.18181],[45.97252,41.17634],[45.97236,41.17087],[45.9722,41.1654],[45.97204,41.15993],[45.96819,41.1571],[45.96434,41.15427],[45.96418,41.1488],[45.96402,41.14333],[45.96386,41.13786],[45.9637,41.13239],[45.96354,41.12692],[45.95969,41.12408],[45.95584,41.12125],[45.95198,41.11842],[45.94813,41.11558],[45.94428,41.11275],[45.94043,41.10991],[45.93658,41.10708],[45.93273,41.10425],[45.92887,41.10141],[45.92502,41.09858],[45.92486,41.09311],[45.92101,41.09028],[45.91716,41.08744],[45.917,41.08197],[45.91315,41.07914],[45.90929,41.07631],[45.90913,41.07084],[45.90897,41.06537],[45.90881,41.0599],[45.90865,41.05443],[45.90849,41.04896],[45.90833,41.04349],[45.90448,41.04065],[45.90063,41.03782],[45.89678,41.03498],[45.89293,41.03215],[45.88908,41.02932],[45.88522,41.02648],[45.88137,41.02365],[45.87752,41.02082],[45.87367,41.01798],[45.86982,41.01515],[45.86596,41.01232],[45.86211,41.00948],[45.85826,41.00665],[45.85441,41.00382],[45.85056,41.00098],[45.84671,40.99815],[45.84285,40.99531],[45.839,40.99248],[45.83515,40.98965],[45.8313,40.98681],[45.82745,40.98398],[45.8236,40.98115],[45.81974,40.97831],[45.81589,40.97548],[45.81204,40.97265],[45.80819,40.96981],[45.80434,40.96698],[45.80049,40.96415],[45.79663,40.96131],[45.79278,40.95848],[45.78893,40.95564],[45.78508,40.95281],[45.78123,40.94998],[45.77737,40.94714],[45.78107,40.94451],[45.78476,40.94187],[45.78845,40.93923],[45.79214,40.9366],[45.79583,40.93396],[45.79952,40.93133],[45.80322,40.92869],[45.80691,40.92605],[45.8106,40.92342],[45.81429,40.92078],[45.81798,40.91814],[45.82167,40.91551],[45.82537,40.91287],[45.82906,40.91023],[45.83275,40.9076],[45.83644,40.90496],[45.84013,40.90232],[45.84382,40.89969],[45.84752,40.89705],[45.85506,40.89725],[45.8626,40.89745],[45.87015,40.89764],[45.87769,40.89784],[45.88138,40.8952],[45.88507,40.89257],[45.88876,40.88993],[45.89246,40.88729],[45.89615,40.88466],[45.89984,40.88202],[45.90353,40.87939],[45.90722,40.87675],[45.91091,40.87411],[45.91461,40.87148],[45.9183,40.86884],[45.92199,40.8662],[45.92568,40.86357],[45.92937,40.86093],[45.93306,40.85829],[45.93675,40.85566],[45.94045,40.85302],[45.94414,40.85038],[45.94783,40.84775],[45.95152,40.84511],[45.95521,40.84248],[45.9589,40.83984],[45.9626,40.8372],[45.96629,40.83457],[45.96998,40.83193],[45.97367,40.82929],[45.98121,40.82949],[45.98876,40.82969],[45.9963,40.82989],[46.00384,40.83008],[46.01139,40.83028],[46.01893,40.83048],[46.02262,40.82784],[46.02631,40.8252],[46.03386,40.8254],[46.03755,40.82276],[46.04124,40.82013],[46.04493,40.81749],[46.04862,40.81486],[46.05617,40.81505],[46.05986,40.81242],[46.06355,40.80978],[46.06724,40.80714],[46.07093,40.80451],[46.07848,40.8047],[46.08602,40.8049],[46.09356,40.8051],[46.10111,40.8053],[46.10865,40.80549],[46.11619,40.80569],[46.12374,40.80589],[46.13128,40.80608],[46.13882,40.80628],[46.14637,40.80648],[46.15391,40.80668],[46.16145,40.80687],[46.16515,40.80424],[46.16884,40.8016],[46.17253,40.79896],[46.17622,40.79633],[46.18376,40.79652],[46.18746,40.79389],[46.19115,40.79125],[46.19484,40.78861],[46.19853,40.78598],[46.20222,40.78334],[46.20591,40.78071],[46.2096,40.77807],[46.20944,40.7726],[46.21314,40.76996],[46.21683,40.76733],[46.22052,40.76469],[46.22421,40.76205],[46.2279,40.75942],[46.23159,40.75678],[46.23529,40.75414],[46.23898,40.75151],[46.24267,40.74887],[46.24636,40.74623],[46.25005,40.7436],[46.25374,40.74096],[46.25744,40.73833],[46.26113,40.73569],[46.26482,40.73305],[46.26851,40.73042],[46.2722,40.72778],[46.27589,40.72514],[46.27959,40.72251],[46.28328,40.71987],[46.28697,40.71723],[46.29066,40.7146],[46.29435,40.71196],[46.29804,40.70932],[46.30173,40.70669],[46.30928,40.70689],[46.31682,40.70708],[46.32436,40.70728],[46.33191,40.70748],[46.33945,40.70767],[46.34699,40.70787],[46.35454,40.70807],[46.36208,40.70827],[46.36962,40.70846],[46.37348,40.7113],[46.37733,40.71413],[46.38487,40.71433],[46.39242,40.71452],[46.39996,40.71472],[46.4075,40.71492],[46.41505,40.71512],[46.42259,40.71531],[46.43013,40.71551],[46.43382,40.71287],[46.43751,40.71024],[46.44121,40.7076],[46.4449,40.70496],[46.44859,40.70233],[46.45228,40.69969],[46.45597,40.69706],[46.45966,40.69442],[46.46336,40.69178],[46.46705,40.68915],[46.47459,40.68934],[46.47828,40.68671],[46.48197,40.68407],[46.48567,40.68143],[46.48936,40.6788],[46.49305,40.67616],[46.49674,40.67352],[46.50428,40.67372],[46.50798,40.67109],[46.51167,40.66845],[46.51536,40.66581],[46.51905,40.66318],[46.52274,40.66054],[46.52643,40.6579],[46.53013,40.65527],[46.53382,40.65263],[46.53751,40.64999],[46.5412,40.64736],[46.54489,40.64472],[46.54858,40.64208],[46.55613,40.64228],[46.56367,40.64248],[46.56736,40.63984],[46.57105,40.63721],[46.5786,40.6374],[46.58614,40.6376],[46.59368,40.6378],[46.60123,40.638],[46.60877,40.63819],[46.61631,40.63839],[46.62001,40.63575],[46.6237,40.63312],[46.63124,40.63331],[46.63878,40.63351],[46.64633,40.63371],[46.65387,40.63391],[46.66141,40.6341],[46.66896,40.6343],[46.6765,40.6345],[46.68404,40.63469],[46.69159,40.63489],[46.69913,40.63509],[46.70667,40.63529],[46.71422,40.63548],[46.72176,40.63568],[46.7293,40.63588],[46.73685,40.63607],[46.74439,40.63627],[46.75193,40.63647],[46.75948,40.63667],[46.76702,40.63686],[46.77456,40.63706],[46.78211,40.63726],[46.78965,40.63745],[46.79334,40.63482],[46.79703,40.63218],[46.80458,40.63238],[46.81212,40.63258],[46.81581,40.62994],[46.8195,40.6273],[46.82319,40.62467],[46.82689,40.62203],[46.83058,40.61939],[46.83427,40.61676],[46.83796,40.61412],[46.8378,40.60865],[46.84149,40.60601],[46.84518,40.60338],[46.84888,40.60074],[46.85257,40.5981],[46.85241,40.59263],[46.8561,40.59],[46.85979,40.58736],[46.85963,40.58189],[46.85947,40.57642],[46.85931,40.57095],[46.85915,40.56548],[46.85899,40.56001],[46.85883,40.55454],[46.85867,40.54907],[46.85851,40.5436],[46.85835,40.53813],[46.85819,40.53266],[46.85803,40.52719],[46.86172,40.52456],[46.86541,40.52192],[46.8691,40.51928],[46.8728,40.51665],[46.87649,40.51401],[46.88018,40.51137],[46.88387,40.50874],[46.88756,40.5061],[46.89125,40.50346],[46.89495,40.50083],[46.89864,40.49819],[46.90233,40.49555],[46.90602,40.49292],[46.90971,40.49028],[46.9134,40.48765],[46.9171,40.48501],[46.92079,40.48237],[46.92448,40.47974],[46.92817,40.4771],[46.93186,40.47446],[46.9317,40.46899],[46.93539,40.46636],[46.93908,40.46372],[46.93892,40.45825],[46.94262,40.45561],[46.94631,40.45298],[46.94615,40.44751],[46.94984,40.44487],[46.95353,40.44224],[46.95337,40.43677],[46.95706,40.43413],[46.96075,40.43149],[46.96059,40.42602],[46.96429,40.42339],[46.96798,40.42075],[46.96782,40.41528],[46.96766,40.40981],[46.97135,40.40717],[46.97504,40.40454],[46.97488,40.39907],[46.97857,40.39643],[46.98226,40.39379],[46.9821,40.38832],[46.98579,40.38569],[46.98949,40.38305],[46.98933,40.37758],[46.99302,40.37494],[46.99671,40.37231],[46.99655,40.36684],[47.00024,40.3642],[47.00393,40.36157],[47.00762,40.35893],[47.01132,40.35629],[47.01501,40.35366],[47.0187,40.35102],[47.02239,40.34838],[47.02608,40.34575],[47.02977,40.34311],[47.03347,40.34047],[47.03716,40.33784],[47.04085,40.3352],[47.04454,40.33256],[47.04823,40.32993],[47.04807,40.32446],[47.05176,40.32182],[47.05545,40.31919],[47.05529,40.31372],[47.05513,40.30825],[47.05497,40.30278],[47.05481,40.29731],[47.05096,40.29447],[47.04711,40.29164],[47.04695,40.28617],[47.0431,40.28333],[47.03925,40.2805],[47.03909,40.27503],[47.03524,40.2722],[47.03138,40.26936],[47.02753,40.26653],[47.02368,40.2637],[47.02352,40.25823],[47.01967,40.25539],[47.01582,40.25256],[47.01566,40.24709],[47.01181,40.24426],[47.00795,40.24142],[47.00779,40.23595],[47.00394,40.23312],[47.00009,40.23028],[46.99993,40.22481],[46.99977,40.21934],[46.99961,40.21387],[46.99576,40.21104],[46.99191,40.20821],[46.98805,40.20537],[46.9842,40.20254],[46.98404,40.19707],[46.98019,40.19424],[46.97634,40.1914],[46.97249,40.18857],[46.96864,40.18574],[46.96478,40.1829],[46.96093,40.18007],[46.95708,40.17724],[46.95323,40.1744],[46.94938,40.17157],[46.94553,40.16873],[46.94536,40.16326],[46.9452,40.15779],[46.94135,40.15496],[46.9375,40.15213],[46.93734,40.14666],[46.93718,40.14119],[46.93702,40.13572],[46.93317,40.13288],[46.92932,40.13005],[46.92916,40.12458],[46.929,40.11911],[46.93269,40.11647],[46.93638,40.11384],[46.94007,40.1112],[46.94376,40.10856],[46.94746,40.10593],[46.95115,40.10329],[46.95484,40.10066],[46.95853,40.09802],[46.96222,40.09538],[46.96591,40.09275],[46.96961,40.09011],[46.9733,40.08747],[46.97699,40.08484],[46.98068,40.0822],[46.98437,40.07956],[46.98806,40.07693],[46.99175,40.07429],[46.99545,40.07165],[46.99914,40.06902],[47.00668,40.06922],[47.01422,40.06941],[47.01808,40.07225],[47.02193,40.07508],[47.02947,40.07528],[47.03701,40.07547],[47.04456,40.07567],[47.0521,40.07587],[47.05964,40.07607],[47.06719,40.07626],[47.07104,40.0791],[47.07489,40.08193],[47.08243,40.08213],[47.08998,40.08232],[47.09367,40.07969],[47.09736,40.07705],[47.10105,40.07442],[47.10474,40.07178],[47.10844,40.06914],[47.11213,40.06651],[47.11582,40.06387],[47.11951,40.06123],[47.1232,40.0586],[47.12689,40.05596],[47.13059,40.05332],[47.13428,40.05069],[47.13797,40.04805],[47.14166,40.04541],[47.1492,40.04561],[47.15675,40.04581],[47.16429,40.04601],[47.17183,40.0462],[47.17938,40.0464],[47.18692,40.0466],[47.19446,40.04679],[47.20201,40.04699],[47.20955,40.04719],[47.21709,40.04739],[47.22464,40.04758],[47.23218,40.04778],[47.23972,40.04798],[47.24727,40.04817],[47.25481,40.04837],[47.2585,40.04574],[47.26219,40.0431],[47.26974,40.0433],[47.27343,40.04066],[47.27712,40.03802],[47.28466,40.03822],[47.29221,40.03842],[47.2959,40.03578],[47.29959,40.03314],[47.30713,40.03334],[47.31083,40.03071],[47.31452,40.02807],[47.31821,40.02543],[47.3219,40.0228],[47.32559,40.02016],[47.32928,40.01752],[47.33298,40.01489],[47.33667,40.01225],[47.34036,40.00961],[47.3402,40.00414],[47.34389,40.00151],[47.34758,39.99887],[47.35127,39.99623],[47.35496,39.9936],[47.3548,39.98813],[47.3585,39.98549],[47.36219,39.98286],[47.36588,39.98022],[47.36957,39.97758],[47.37326,39.97495],[47.37695,39.97231],[47.37679,39.96684],[47.37663,39.96137],[47.38033,39.95873],[47.38402,39.9561],[47.38386,39.95063],[47.3837,39.94516],[47.37985,39.94232],[47.37599,39.93949],[47.37214,39.93666],[47.36829,39.93382],[47.36813,39.92835],[47.36428,39.92552],[47.36043,39.92269],[47.35657,39.91985],[47.35272,39.91702],[47.34887,39.91418],[47.34502,39.91135],[47.34117,39.90852],[47.33732,39.90568],[47.33346,39.90285],[47.32961,39.90002],[47.32576,39.89718],[47.32191,39.89435],[47.31806,39.89152],[47.31421,39.88868],[47.31035,39.88585],[47.3065,39.88302],[47.30265,39.88018],[47.2988,39.87735],[47.29495,39.87451],[47.2874,39.87432],[47.28355,39.87148],[47.2797,39.86865],[47.27585,39.86582],[47.272,39.86298],[47.26815,39.86015],[47.26429,39.85732],[47.25675,39.85712],[47.2529,39.85429],[47.24905,39.85145],[47.24519,39.84862],[47.24134,39.84578],[47.23749,39.84295],[47.23364,39.84012],[47.22979,39.83728],[47.22594,39.83445],[47.22208,39.83162],[47.21823,39.82878],[47.21438,39.82595],[47.21053,39.82312],[47.20668,39.82028],[47.20283,39.81745],[47.19897,39.81462],[47.19512,39.81178],[47.19127,39.80895],[47.18742,39.80611],[47.18357,39.80328],[47.17972,39.80045],[47.17586,39.79761],[47.17201,39.79478],[47.16816,39.79195],[47.16431,39.78911],[47.16046,39.78628],[47.1603,39.78081],[47.16014,39.77534],[47.15998,39.76987],[47.16367,39.76723],[47.16736,39.7646],[47.1672,39.75913],[47.16704,39.75366],[47.16688,39.74819],[47.16672,39.74272],[47.17041,39.74008],[47.1741,39.73744],[47.17394,39.73197],[47.17378,39.7265],[47.16993,39.72367],[47.16608,39.72084],[47.16592,39.71537],[47.16576,39.7099],[47.16191,39.70706],[47.15806,39.70423],[47.15789,39.69876],[47.15773,39.69329],[47.15388,39.69046],[47.15003,39.68762],[47.14987,39.68215],[47.14971,39.67668],[47.14955,39.67121],[47.1457,39.66838],[47.14185,39.66554],[47.14169,39.66007],[47.14153,39.6546],[47.13768,39.65177],[47.13382,39.64894],[47.12997,39.6461],[47.12612,39.64327],[47.12596,39.6378],[47.1258,39.63233],[47.12195,39.6295],[47.1181,39.62666],[47.11424,39.62383],[47.11039,39.621],[47.10654,39.61816],[47.10269,39.61533],[47.09884,39.6125],[47.09499,39.60966],[47.09483,39.60419],[47.09097,39.60136],[47.08712,39.59852],[47.08327,39.59569],[47.07942,39.59286],[47.07557,39.59002],[47.07172,39.58719],[47.06786,39.58436],[47.06032,39.58416],[47.05647,39.58133],[47.05262,39.57849],[47.04877,39.57566],[47.04491,39.57283],[47.03737,39.57263],[47.03352,39.56979],[47.02967,39.56696],[47.02582,39.56413],[47.02196,39.56129],[47.01811,39.55846],[47.01426,39.55563],[47.00672,39.55543],[46.99917,39.55523],[46.99163,39.55504],[46.98778,39.5522],[46.98393,39.54937],[46.98007,39.54653],[46.97622,39.5437],[46.96868,39.5435],[46.96114,39.54331],[46.95359,39.54311],[46.9499,39.54575],[46.94621,39.54838],[46.94252,39.55102],[46.93883,39.55366],[46.93514,39.55629],[46.93144,39.55893],[46.92775,39.56156],[46.92406,39.5642],[46.92037,39.56684],[46.91668,39.56947],[46.91299,39.57211],[46.90929,39.57475],[46.9056,39.57738],[46.90191,39.58002],[46.89822,39.58266],[46.89453,39.58529],[46.89084,39.58793],[46.88714,39.59056],[46.88345,39.5932],[46.87976,39.59584],[46.87591,39.593],[46.87206,39.59017],[46.86821,39.58734],[46.86435,39.5845],[46.8605,39.58167],[46.85665,39.57884],[46.8528,39.576],[46.84895,39.57317],[46.8451,39.57034],[46.84124,39.5675],[46.83739,39.56467],[46.83354,39.56183],[46.82969,39.559],[46.82584,39.55617],[46.82199,39.55333],[46.81813,39.5505],[46.81059,39.5503],[46.80305,39.55011],[46.7955,39.54991],[46.78796,39.54971],[46.78427,39.55235],[46.78058,39.55498],[46.77689,39.55762],[46.77319,39.56026],[46.7695,39.56289],[46.76581,39.56553],[46.76212,39.56817],[46.75843,39.5708],[46.75474,39.57344],[46.75104,39.57608],[46.74735,39.57871],[46.74366,39.58135],[46.73997,39.58399],[46.73628,39.58662],[46.73259,39.58926],[46.72889,39.59189],[46.7252,39.59453],[46.72151,39.59717],[46.71782,39.5998],[46.71413,39.60244],[46.71044,39.60508],[46.70674,39.60771],[46.70305,39.61035],[46.69936,39.61299],[46.69567,39.61562],[46.69198,39.61826],[46.68813,39.61543],[46.68427,39.61259],[46.68042,39.60976],[46.67657,39.60692],[46.67272,39.60409],[46.66887,39.60126],[46.66502,39.59842],[46.66116,39.59559],[46.65731,39.59276],[46.65346,39.58992],[46.64961,39.58709],[46.64576,39.58426],[46.64191,39.58142],[46.63805,39.57859],[46.6342,39.57575],[46.63035,39.57292],[46.6265,39.57009],[46.62265,39.56725],[46.6188,39.56442],[46.61494,39.56159],[46.61109,39.55875],[46.60724,39.55592],[46.60339,39.55309],[46.60323,39.54762],[46.60307,39.54215],[46.59922,39.53931],[46.59536,39.53648],[46.5952,39.53101],[46.59504,39.52554],[46.59488,39.52007],[46.59472,39.5146],[46.59456,39.50913],[46.59071,39.5063],[46.58686,39.50346],[46.5867,39.49799],[46.58285,39.49516],[46.579,39.49232],[46.57515,39.48949],[46.57129,39.48666],[46.56744,39.48382],[46.56359,39.48099],[46.55974,39.47816],[46.55589,39.47532],[46.55203,39.47249],[46.54818,39.46966],[46.54433,39.46682],[46.54048,39.46399],[46.53663,39.46116],[46.53278,39.45832],[46.53262,39.45285],[46.53246,39.44738],[46.5286,39.44455],[46.52475,39.44171],[46.5209,39.43888],[46.51705,39.43605],[46.51689,39.43058],[46.51673,39.42511],[46.52042,39.42247],[46.52411,39.41983],[46.52395,39.41436],[46.52764,39.41173],[46.53134,39.40909],[46.53118,39.40362],[46.53487,39.40099],[46.53856,39.39835],[46.5384,39.39288],[46.53824,39.38741],[46.54193,39.38477],[46.54562,39.38214],[46.54546,39.37667],[46.5453,39.3712],[46.54899,39.36856],[46.55268,39.36592],[46.55638,39.36329],[46.56007,39.36065],[46.56376,39.35801],[46.56745,39.35538],[46.57114,39.35274],[46.57483,39.3501],[46.57467,39.34463],[46.57837,39.342],[46.58206,39.33936],[46.58575,39.33673],[46.58944,39.33409],[46.59313,39.33145],[46.59682,39.32882],[46.59666,39.32335],[46.60035,39.32071],[46.60405,39.31807],[46.60389,39.3126],[46.60758,39.30997],[46.61127,39.30733],[46.61111,39.30186],[46.61095,39.29639],[46.61464,39.29375],[46.61833,39.29112],[46.61817,39.28565],[46.61801,39.28018],[46.61785,39.27471],[46.62154,39.27207],[46.62524,39.26943],[46.62508,39.26396],[46.62122,39.26113],[46.61737,39.2583],[46.61352,39.25546],[46.60967,39.25263],[46.60951,39.24716],[46.60935,39.24169],[46.6055,39.23886],[46.60164,39.23602],[46.60148,39.23055],[46.60132,39.22508],[46.60116,39.21961],[46.601,39.21414],[46.59715,39.21131],[46.5933,39.20848],[46.59314,39.20301],[46.58929,39.20017],[46.58544,39.19734],[46.58528,39.19187],[46.58512,39.1864],[46.58496,39.18093],[46.5848,39.17546],[46.58464,39.16999],[46.58448,39.16452],[46.58817,39.16188],[46.59186,39.15925],[46.59555,39.15661],[46.59924,39.15397],[46.59908,39.1485],[46.60277,39.14587],[46.60647,39.14323],[46.61016,39.14059],[46.61385,39.13796],[46.61754,39.13532],[46.62123,39.13268],[46.62492,39.13005],[46.62862,39.12741],[46.62846,39.12194],[46.63215,39.11931],[46.63584,39.11667],[46.63568,39.1112],[46.63183,39.10837],[46.62798,39.10553],[46.62412,39.1027],[46.62027,39.09986],[46.61642,39.09703],[46.61257,39.0942],[46.60872,39.09136],[46.60486,39.08853],[46.60101,39.0857],[46.59716,39.08286],[46.59331,39.08003],[46.58946,39.0772],[46.58561,39.07436],[46.58175,39.07153],[46.5779,39.0687],[46.57036,39.0685],[46.56651,39.06566],[46.56266,39.06283],[46.55511,39.06263],[46.54757,39.06244],[46.54372,39.0596],[46.53987,39.05677],[46.53232,39.05657],[46.52478,39.05637],[46.51724,39.05618],[46.50969,39.05598],[46.50215,39.05578],[46.4983,39.05295],[46.49445,39.05012],[46.4869,39.04992],[46.47936,39.04972],[46.47182,39.04952],[46.46427,39.04933],[46.45673,39.04913],[46.44919,39.04893],[46.44164,39.04874],[46.4341,39.04854],[46.43025,39.04571],[46.4264,39.04287],[46.41885,39.04267],[46.41131,39.04248],[46.40377,39.04228],[46.39622,39.04208],[46.38868,39.04189],[46.38499,39.04452],[46.3813,39.04716],[46.37375,39.04696],[46.36621,39.04676],[46.36252,39.0494],[46.35883,39.05204],[46.35128,39.05184],[46.34374,39.05164],[46.34005,39.05428],[46.33636,39.05692],[46.32881,39.05672],[46.32127,39.05652],[46.31373,39.05632],[46.30618,39.05613],[46.29864,39.05593],[46.29479,39.0531],[46.29094,39.05026],[46.28339,39.05007],[46.27954,39.04723],[46.27569,39.0444],[46.26815,39.0442],[46.26429,39.04137],[46.26044,39.03853],[46.2529,39.03834],[46.24905,39.0355],[46.2452,39.03267],[46.23765,39.03247],[46.23011,39.03228],[46.22257,39.03208],[46.21502,39.03188],[46.20748,39.03168],[46.19994,39.03149],[46.19608,39.02865],[46.19223,39.02582],[46.18469,39.02562],[46.17715,39.02543],[46.17329,39.02259],[46.16944,39.01976],[46.1619,39.01956],[46.15805,39.01673],[46.15419,39.01389],[46.14665,39.0137],[46.13911,39.0135],[46.13156,39.0133],[46.12402,39.01311],[46.11648,39.01291],[46.10893,39.01271],[46.10139,39.01251],[46.09385,39.01232],[46.0863,39.01212],[46.07876,39.01192],[46.07122,39.01173],[46.06737,39.00889],[46.06351,39.00606],[46.05982,39.00869],[46.05613,39.01133],[46.04859,39.01113],[46.0449,39.01377],[46.0412,39.01641],[46.03366,39.01621],[46.02612,39.01601],[46.01857,39.01582],[46.01488,39.01845],[46.01119,39.02109],[46.00365,39.02089],[45.99611,39.02069],[45.99241,39.02333],[45.98872,39.02597],[45.98118,39.02577],[45.97364,39.02557],[45.96609,39.02537],[45.9624,39.02801],[45.95871,39.03065],[45.95117,39.03045],[45.94362,39.03025],[45.93608,39.03006],[45.92854,39.02986],[45.92099,39.02966],[45.9173,39.0323],[45.91361,39.03493],[45.90607,39.03474],[45.89852,39.03454],[45.89098,39.03434],[45.88344,39.03415],[45.87589,39.03395],[45.86835,39.03375],[45.86081,39.03355],[45.85326,39.03336],[45.84572,39.03316],[45.83818,39.03296],[45.83063,39.03277],[45.82309,39.03257],[45.81555,39.03237],[45.81185,39.03501],[45.80816,39.03764],[45.80062,39.03745],[45.79693,39.04008],[45.79324,39.04272],[45.78954,39.04536],[45.78585,39.04799],[45.78216,39.05063],[45.77847,39.05327],[45.77093,39.05307],[45.76723,39.05571],[45.76354,39.05834],[45.756,39.05814],[45.74846,39.05795],[45.74091,39.05775],[45.73337,39.05755],[45.72583,39.05736],[45.71828,39.05716],[45.71074,39.05696],[45.70705,39.0596],[45.70336,39.06223],[45.69581,39.06204],[45.68827,39.06184],[45.68458,39.06448],[45.68089,39.06711],[45.67334,39.06692],[45.6658,39.06672],[45.65826,39.06652],[45.65456,39.06916],[45.65087,39.07179],[45.64333,39.0716],[45.63964,39.07423],[45.63595,39.07687],[45.6284,39.07667],[45.62086,39.07648],[45.61332,39.07628],[45.60962,39.07891],[45.60593,39.08155],[45.59839,39.08135],[45.5947,39.08399],[45.59101,39.08663],[45.58346,39.08643],[45.57592,39.08623],[45.57223,39.08887],[45.56854,39.09151],[45.56099,39.09131],[45.5573,39.09394],[45.55361,39.09658],[45.54607,39.09638],[45.53852,39.09619],[45.53098,39.09599],[45.52729,39.09863],[45.5236,39.10126],[45.51605,39.10107],[45.50851,39.10087],[45.50097,39.10067],[45.49342,39.10047],[45.48973,39.10311],[45.48604,39.10575],[45.4785,39.10555],[45.47095,39.10535],[45.46726,39.10799],[45.46357,39.11063],[45.45988,39.11326],[45.45619,39.1159],[45.4525,39.11853],[45.4488,39.12117],[45.44511,39.12381],[45.44142,39.12644],[45.43773,39.12908],[45.43404,39.13172],[45.43035,39.13435],[45.43051,39.13982],[45.42681,39.14246],[45.42312,39.1451],[45.41943,39.14773],[45.41574,39.15037],[45.41205,39.15301],[45.40836,39.15564],[45.40852,39.16111],[45.40482,39.16375],[45.40113,39.16638],[45.40129,39.17185],[45.3976,39.17449],[45.39391,39.17713],[45.39022,39.17976],[45.38653,39.1824],[45.38669,39.18787],[45.383,39.19051],[45.3793,39.19314],[45.37946,39.19861],[45.37577,39.20125],[45.37208,39.20389],[45.36839,39.20652],[45.3647,39.20916],[45.36486,39.21463],[45.36117,39.21726],[45.35747,39.2199],[45.35763,39.22537],[45.35394,39.22801],[45.35025,39.23064],[45.34656,39.23328],[45.34287,39.23592],[45.33918,39.23855],[45.33548,39.24119],[45.33179,39.24383],[45.3281,39.24646],[45.32441,39.2491],[45.32072,39.25174],[45.31703,39.25437],[45.31334,39.25701],[45.30964,39.25964],[45.30595,39.26228],[45.30226,39.26492],[45.29857,39.26755],[45.29488,39.27019],[45.29119,39.27283],[45.28749,39.27546],[45.2838,39.2781],[45.28011,39.28074],[45.27642,39.28337],[45.27273,39.28601],[45.26904,39.28865],[45.26534,39.29128],[45.2578,39.29108],[45.25411,39.29372],[45.25042,39.29636],[45.24287,39.29616],[45.23533,39.29596],[45.23164,39.2986],[45.22795,39.30124],[45.2204,39.30104],[45.21286,39.30084],[45.20532,39.30064],[45.20163,39.30328],[45.19793,39.30592],[45.19039,39.30572],[45.18285,39.30552],[45.17916,39.30816],[45.17546,39.3108],[45.17177,39.31343],[45.16808,39.31607],[45.16054,39.31587],[45.15685,39.31851],[45.15315,39.32114],[45.14946,39.32378],[45.14577,39.32642],[45.14208,39.32905],[45.13839,39.33169],[45.1347,39.33433],[45.13101,39.33696],[45.12731,39.3396],[45.12362,39.34224],[45.11993,39.34487],[45.11624,39.34751],[45.11255,39.35015],[45.11271,39.35562],[45.10902,39.35825],[45.10532,39.36089],[45.10548,39.36636],[45.10564,39.37183],[45.1058,39.3773],[45.10211,39.37993],[45.09842,39.38257],[45.09473,39.38521],[45.09104,39.38784],[45.0912,39.39331],[45.09136,39.39878],[45.08767,39.40142],[45.08397,39.40406],[45.08413,39.40953],[45.0843,39.415],[45.0806,39.41763],[45.07691,39.42027],[45.07322,39.42291],[45.06953,39.42554],[45.06584,39.42818],[45.06215,39.43082],[45.05845,39.43345],[45.05476,39.43609],[45.05107,39.43872],[45.04738,39.44136],[45.04369,39.444],[45.04,39.44663],[45.0363,39.44927],[45.03261,39.45191],[45.02892,39.45454],[45.02523,39.45718],[45.02154,39.45982],[45.01785,39.46245],[45.01415,39.46509],[45.01046,39.46772],[45.00677,39.47036],[45.00308,39.473],[44.99939,39.47563],[44.99184,39.47544],[44.98815,39.47807],[44.98446,39.48071],[44.98077,39.48335],[44.97708,39.48598],[44.97339,39.48862],[44.9697,39.49126],[44.966,39.49389],[44.96231,39.49653],[44.95862,39.49916],[44.95493,39.5018],[44.95124,39.50444],[44.94755,39.50707],[44.94385,39.50971],[44.94016,39.51235],[44.93647,39.51498],[44.93278,39.51762],[44.92909,39.52026],[44.92925,39.52573],[44.92556,39.52836],[44.92186,39.531],[44.92202,39.53647],[44.91833,39.53911],[44.91464,39.54174],[44.9148,39.54721],[44.91496,39.55268],[44.91127,39.55532],[44.90758,39.55795],[44.90774,39.56342],[44.90405,39.56606],[44.90036,39.5687],[44.90052,39.57417],[44.89682,39.5768],[44.89313,39.57944],[44.88944,39.58208],[44.88575,39.58471],[44.88591,39.59018],[44.88222,39.59282],[44.87853,39.59546],[44.87869,39.60093],[44.87499,39.60356],[44.8713,39.6062],[44.87146,39.61167],[44.87162,39.61714],[44.86793,39.61978],[44.86424,39.62241],[44.86055,39.62505],[44.85686,39.62768],[44.85316,39.63032],[44.84947,39.63296],[44.84963,39.63843],[44.84594,39.64106],[44.84225,39.6437],[44.83856,39.64634],[44.83487,39.64897],[44.83503,39.65444],[44.83134,39.65708],[44.82764,39.65972],[44.8278,39.66519],[44.82411,39.66782],[44.82042,39.67046],[44.82058,39.67593],[44.81689,39.67857],[44.8132,39.6812],[44.81336,39.68667],[44.81352,39.69214],[44.80983,39.69478],[44.80613,39.69741],[44.80629,39.70288],[44.8026,39.70552],[44.79891,39.70816],[44.79907,39.71363],[44.79538,39.71626],[44.79169,39.7189],[44.788,39.72154],[44.78431,39.72417],[44.78447,39.72964],[44.78077,39.73228],[44.77708,39.73492],[44.77339,39.73755],[44.7697,39.74019],[44.76986,39.74566],[44.76617,39.7483],[44.76248,39.75093],[44.76264,39.7564],[44.75894,39.75904],[44.75525,39.76167],[44.75541,39.76714],[44.75557,39.77261],[44.75188,39.77525],[44.74819,39.77789],[44.74835,39.78336],[44.74466,39.78599],[44.74097,39.78863],[44.74113,39.7941],[44.73743,39.79674],[44.73374,39.79937],[44.73005,39.80201],[44.72636,39.80465],[44.72267,39.80728],[44.71898,39.80992],[44.71529,39.81256],[44.71159,39.81519],[44.7079,39.81783],[44.70421,39.82046],[44.70052,39.8231],[44.69683,39.82574],[44.69314,39.82837],[44.68944,39.83101],[44.68575,39.83365],[44.68206,39.83628],[44.67837,39.83892],[44.67468,39.84156],[44.67099,39.84419],[44.66729,39.84683],[44.6636,39.84947],[44.65991,39.8521],[44.65622,39.85474],[44.65253,39.85737],[44.64884,39.86001],[44.64514,39.86265],[44.64145,39.86528],[44.63776,39.86792],[44.63407,39.87056],[44.63038,39.87319],[44.62669,39.87583],[44.623,39.87847],[44.6193,39.8811],[44.61561,39.88374],[44.61192,39.88638],[44.60823,39.88901],[44.60454,39.89165],[44.59699,39.89145],[44.58945,39.89125],[44.58191,39.89106],[44.57436,39.89086],[44.56682,39.89066],[44.55928,39.89046],[44.55173,39.89027],[44.54419,39.89007],[44.54034,39.88724],[44.53649,39.8844],[44.53264,39.88157],[44.52878,39.87874],[44.52493,39.8759],[44.52108,39.87307],[44.51723,39.87024],[44.51338,39.8674],[44.50952,39.86457],[44.50567,39.86173],[44.50182,39.8589],[44.49797,39.85607],[44.49412,39.85323],[44.49027,39.8504],[44.48641,39.84757],[44.48256,39.84473],[44.47871,39.8419],[44.47486,39.83907],[44.47101,39.83623],[44.47085,39.83076],[44.467,39.82793],[44.46314,39.8251],[44.45929,39.82226],[44.45544,39.81943],[44.45159,39.81659],[44.44774,39.81376],[44.44389,39.81093],[44.44003,39.80809],[44.43618,39.80526],[44.43233,39.80243],[44.43217,39.79696],[44.42832,39.79412],[44.42447,39.79129],[44.42061,39.78846],[44.41676,39.78562],[44.41291,39.78279],[44.40906,39.77996],[44.4089,39.77449],[44.40874,39.76902],[44.40489,39.76618],[44.40104,39.76335],[44.40088,39.75788],[44.40072,39.75241],[44.40056,39.74694],[44.4004,39.74147],[44.40024,39.736],[44.40008,39.73053],[44.39622,39.72769],[44.39237,39.72486],[44.39221,39.71939],[44.39205,39.71392],[44.39189,39.70845],[44.39173,39.70298],[44.39157,39.69751],[44.39526,39.69487],[44.39895,39.69224],[44.40265,39.6896],[44.40634,39.68697],[44.40618,39.6815],[44.40602,39.67603],[44.40217,39.67319],[44.39831,39.67036],[44.39446,39.66752],[44.39061,39.66469],[44.38676,39.66186],[44.38291,39.65902],[44.37906,39.65619],[44.3752,39.65336],[44.37504,39.64789],[44.37488,39.64242],[44.37472,39.63695],[44.37456,39.63148],[44.3744,39.62601],[44.37424,39.62054],[44.37408,39.61507],[44.37392,39.6096],[44.37376,39.60413],[44.3736,39.59866],[44.37344,39.59319],[44.37328,39.58772],[44.37312,39.58225],[44.37296,39.57678],[44.3728,39.57131],[44.37264,39.56584],[44.36879,39.563],[44.36494,39.56017],[44.36478,39.5547],[44.36462,39.54923],[44.36446,39.54376],[44.3643,39.53829],[44.36045,39.53546],[44.35659,39.53262],[44.35643,39.52715],[44.35258,39.52432],[44.34873,39.52148],[44.34488,39.51865],[44.34103,39.51582],[44.33718,39.51298],[44.33332,39.51015],[44.32947,39.50732],[44.32562,39.50448],[44.32177,39.50165],[44.31792,39.49882],[44.31407,39.49598],[44.30652,39.49579],[44.29898,39.49559],[44.29143,39.49539],[44.28774,39.49803],[44.28405,39.50066],[44.27651,39.50047],[44.27282,39.5031],[44.26913,39.50574],[44.26158,39.50554],[44.25789,39.50818],[44.2542,39.51082],[44.25051,39.51345],[44.24682,39.51609],[44.24312,39.51872],[44.23943,39.52136],[44.23189,39.52116],[44.2282,39.5238],[44.22451,39.52644],[44.21696,39.52624],[44.21327,39.52888],[44.20958,39.53151],[44.20204,39.53132],[44.19449,39.53112],[44.18695,39.53092],[44.17941,39.53072],[44.17186,39.53053],[44.16432,39.53033],[44.15678,39.53013],[44.14923,39.52993],[44.14538,39.5271],[44.14153,39.52427],[44.13768,39.52143],[44.13383,39.5186],[44.12997,39.51577],[44.12612,39.51293],[44.12227,39.5101],[44.11842,39.50727],[44.11457,39.50443],[44.11072,39.5016],[44.10686,39.49877],[44.10301,39.49593],[44.09916,39.4931],[44.09531,39.49026],[44.09146,39.48743],[44.0876,39.4846],[44.08375,39.48176],[44.0799,39.47893],[44.07605,39.4761],[44.0722,39.47326],[44.06835,39.47043],[44.07204,39.46779],[44.07573,39.46516],[44.07942,39.46252],[44.08311,39.45988],[44.08295,39.45441],[44.08279,39.44894],[44.08648,39.44631],[44.09018,39.44367],[44.09387,39.44103],[44.09756,39.4384],[44.0974,39.43293],[44.09724,39.42746],[44.09708,39.42199],[44.09692,39.41652],[44.09676,39.41105],[44.0966,39.40558],[44.09644,39.40011],[44.10013,39.39747],[44.10382,39.39484],[44.10366,39.38937],[44.1035,39.3839],[44.10334,39.37843],[44.10318,39.37296],[44.10302,39.36749],[44.10671,39.36485],[44.1104,39.36221],[44.1141,39.35958],[44.11779,39.35694],[44.12148,39.3543],[44.12517,39.35167],[44.12886,39.34903],[44.13255,39.34639],[44.13625,39.34376],[44.13994,39.34112],[44.14363,39.33848],[44.14732,39.33585],[44.15101,39.33321],[44.1547,39.33058],[44.15839,39.32794],[44.16209,39.3253],[44.16578,39.32267],[44.16947,39.32003],[44.17316,39.31739],[44.17685,39.31476],[44.18054,39.31212],[44.18424,39.30948],[44.18793,39.30685],[44.19162,39.30421],[44.19146,39.29874],[44.19515,39.2961],[44.19884,39.29347],[44.19868,39.288],[44.20237,39.28536],[44.20607,39.28273],[44.20591,39.27726],[44.20575,39.27179],[44.20559,39.26632],[44.20928,39.26368],[44.21297,39.26104],[44.21281,39.25557],[44.21265,39.2501],[44.21249,39.24463],[44.21618,39.242],[44.21987,39.23936],[44.21971,39.23389],[44.21955,39.22842],[44.21939,39.22295],[44.21923,39.21748],[44.21907,39.21201],[44.21891,39.20654],[44.21875,39.20107],[44.21859,39.1956],[44.21843,39.19013],[44.21827,39.18466],[44.21811,39.17919],[44.21795,39.17372],[44.21779,39.16825],[44.21763,39.16278],[44.21747,39.15731],[44.21731,39.15184],[44.21715,39.14637],[44.21699,39.1409],[44.21314,39.13807],[44.20929,39.13523],[44.20913,39.12976],[44.20897,39.12429],[44.20881,39.11882],[44.20865,39.11335],[44.20848,39.10788],[44.20832,39.10241],[44.20816,39.09694],[44.208,39.09147],[44.20784,39.086],[44.20768,39.08053],[44.21138,39.0779],[44.21507,39.07526],[44.21491,39.06979],[44.21475,39.06432],[44.21844,39.06168],[44.22213,39.05905],[44.22197,39.05358],[44.22181,39.04811],[44.2255,39.04547],[44.22919,39.04283],[44.22903,39.03736],[44.23273,39.03473],[44.23642,39.03209],[44.23626,39.02662],[44.23995,39.02398],[44.24364,39.02135],[44.24733,39.01871],[44.25102,39.01608],[44.25086,39.01061],[44.25455,39.00797],[44.25825,39.00533],[44.26194,39.0027],[44.26563,39.00006],[44.26932,38.99742],[44.27301,38.99479],[44.2767,38.99215],[44.2804,38.98951],[44.28409,38.98688],[44.28778,38.98424],[44.29147,38.9816],[44.29516,38.97897],[44.29885,38.97633],[44.30255,38.9737],[44.30624,38.97106],[44.30993,38.96842],[44.31362,38.96579],[44.31731,38.96315],[44.321,38.96051],[44.3247,38.95788],[44.32839,38.95524],[44.33208,38.9526],[44.33577,38.94997],[44.33946,38.94733],[44.34315,38.94469],[44.34684,38.94206],[44.34668,38.93659],[44.35038,38.93395],[44.35407,38.93132],[44.35776,38.92868],[44.36145,38.92604],[44.36129,38.92057],[44.36498,38.91794],[44.36867,38.9153],[44.37237,38.91266],[44.37606,38.91003],[44.37975,38.90739],[44.38344,38.90475],[44.38328,38.89928],[44.38312,38.89381],[44.38296,38.88834],[44.37911,38.88551],[44.37526,38.88268],[44.37141,38.87984],[44.36755,38.87701],[44.3637,38.87418],[44.35985,38.87134],[44.35969,38.86587],[44.35953,38.8604],[44.35937,38.85493],[44.35921,38.84946],[44.35905,38.84399],[44.35889,38.83852],[44.35873,38.83305],[44.35857,38.82758],[44.35472,38.82475],[44.35087,38.82192],[44.35071,38.81645],[44.35055,38.81098],[44.35039,38.80551],[44.34653,38.80267],[44.34268,38.79984],[44.33883,38.797],[44.33498,38.79417],[44.33482,38.7887],[44.33097,38.78587],[44.32711,38.78303],[44.32695,38.77756],[44.3231,38.77473],[44.31925,38.7719],[44.31909,38.76643],[44.31524,38.76359],[44.31139,38.76076],[44.31123,38.75529],[44.31107,38.74982],[44.31091,38.74435],[44.31075,38.73888],[44.31059,38.73341],[44.31043,38.72794],[44.31027,38.72247],[44.31011,38.717],[44.30995,38.71153],[44.30979,38.70606],[44.30963,38.70059],[44.30947,38.69512],[44.30931,38.68965],[44.30915,38.68418],[44.30899,38.67871],[44.30883,38.67324],[44.31252,38.6706],[44.31621,38.66797],[44.31605,38.6625],[44.31589,38.65703],[44.31573,38.65156],[44.31942,38.64892],[44.32311,38.64628],[44.32295,38.64081],[44.32279,38.63534],[44.32263,38.62987],[44.32247,38.6244],[44.32231,38.61893],[44.32215,38.61346],[44.32199,38.60799],[44.32183,38.60252],[44.32167,38.59705],[44.32151,38.59158],[44.32135,38.58611],[44.32119,38.58064],[44.32103,38.57517],[44.32087,38.5697],[44.32071,38.56423],[44.32055,38.55876],[44.32039,38.55329],[44.32023,38.54782],[44.31638,38.54499],[44.31253,38.54216],[44.30867,38.53932],[44.30482,38.53649],[44.30097,38.53366],[44.29712,38.53082],[44.29327,38.52799],[44.28572,38.52779],[44.28187,38.52496],[44.27802,38.52212],[44.27417,38.51929],[44.27032,38.51646],[44.26647,38.51362],[44.26261,38.51079],[44.25876,38.50796],[44.25491,38.50512],[44.24737,38.50493],[44.23982,38.50473],[44.23597,38.5019],[44.23212,38.49906],[44.22827,38.49623],[44.22442,38.49339],[44.22056,38.49056],[44.21671,38.48773],[44.21286,38.48489],[44.20901,38.48206],[44.20516,38.47923],[44.20131,38.47639],[44.19745,38.47356],[44.1936,38.47073],[44.18975,38.46789],[44.1859,38.46506],[44.18205,38.46222],[44.1782,38.45939],[44.17434,38.45656],[44.17049,38.45372],[44.16664,38.45089],[44.16279,38.44806],[44.15894,38.44522],[44.15878,38.43975],[44.15862,38.43428],[44.15846,38.42881],[44.15461,38.42598],[44.15075,38.42315],[44.15059,38.41768],[44.15043,38.41221],[44.14658,38.40937],[44.14273,38.40654],[44.14257,38.40107],[44.14241,38.3956],[44.13856,38.39277],[44.13471,38.38993],[44.13455,38.38446],[44.13069,38.38163],[44.12684,38.37879],[44.12299,38.37596],[44.11914,38.37313],[44.11529,38.37029],[44.11144,38.36746],[44.10758,38.36463],[44.10373,38.36179],[44.09988,38.35896],[44.09603,38.35613],[44.09218,38.35329],[44.08833,38.35046],[44.08447,38.34763],[44.07693,38.34743],[44.07308,38.34459],[44.06923,38.34176],[44.06537,38.33893],[44.06152,38.33609],[44.05398,38.3359],[44.05013,38.33306],[44.04628,38.33023],[44.03873,38.33003],[44.03488,38.3272],[44.03103,38.32437],[44.02718,38.32153],[44.02333,38.3187],[44.01947,38.31586],[44.01562,38.31303],[44.01177,38.3102],[44.00792,38.30736],[44.00407,38.30453],[44.00022,38.3017],[43.99636,38.29886],[43.99251,38.29603],[43.98866,38.2932],[43.98481,38.29036],[43.98096,38.28753],[43.97711,38.28469],[43.97325,38.28186],[43.9694,38.27903],[43.96555,38.27619],[43.9617,38.27336],[43.95785,38.27053],[43.954,38.26769],[43.95014,38.26486],[43.94998,38.25939],[43.94982,38.25392],[43.94966,38.24845],[43.94581,38.24562],[43.94196,38.24278],[43.93811,38.23995],[43.93426,38.23712],[43.9341,38.23165],[43.93394,38.22618],[43.93008,38.22334],[43.92623,38.22051],[43.92607,38.21504],[43.92591,38.20957],[43.92206,38.20673],[43.91821,38.2039],[43.91805,38.19843],[43.91789,38.19296],[43.91404,38.19013],[43.91018,38.18729],[43.91002,38.18182],[43.90617,38.17899],[43.90232,38.17616],[43.90216,38.17069],[43.89831,38.16785],[43.89446,38.16502],[43.8943,38.15955],[43.89045,38.15672],[43.88659,38.15388],[43.88643,38.14841],[43.88627,38.14294],[43.88242,38.14011],[43.87857,38.13728],[43.87841,38.13181],[43.87825,38.12634],[43.8744,38.1235],[43.87055,38.12067],[43.8667,38.11783],[43.86284,38.115],[43.85899,38.11217],[43.85514,38.10933],[43.85129,38.1065],[43.84744,38.10367],[43.84358,38.10083],[43.83604,38.10064],[43.83219,38.0978],[43.82834,38.09497],[43.82449,38.09214],[43.82063,38.0893],[43.81309,38.0891],[43.80555,38.08891],[43.798,38.08871],[43.79415,38.08588],[43.7903,38.08304],[43.78276,38.08285],[43.77521,38.08265],[43.76767,38.08245],[43.76382,38.07962],[43.75997,38.07678],[43.75612,38.07395],[43.75226,38.07112],[43.74472,38.07092],[43.73718,38.07072],[43.73333,38.06789],[43.72947,38.06506],[43.72193,38.06486],[43.71808,38.06202],[43.71423,38.05919],[43.70668,38.05899],[43.70283,38.05616],[43.69898,38.05333],[43.69144,38.05313],[43.68389,38.05293],[43.68004,38.0501],[43.67619,38.04727],[43.66865,38.04707],[43.6611,38.04687],[43.65356,38.04667],[43.64602,38.04648],[43.63847,38.04628],[43.63093,38.04608],[43.62339,38.04589],[43.61584,38.04569],[43.6083,38.04549],[43.60445,38.04266],[43.6006,38.03982],[43.59305,38.03963],[43.58551,38.03943],[43.57797,38.03923],[43.57042,38.03904],[43.56288,38.03884],[43.55534,38.03864],[43.54779,38.03844],[43.54025,38.03825],[43.53271,38.03805],[43.52516,38.03785],[43.51762,38.03765],[43.51008,38.03746],[43.50253,38.03726],[43.49868,38.03443],[43.49483,38.03159],[43.48729,38.0314],[43.47974,38.0312],[43.4722,38.031],[43.46466,38.0308],[43.45711,38.03061],[43.44957,38.03041],[43.44203,38.03021],[43.43448,38.03002],[43.42694,38.02982],[43.4194,38.02962],[43.41185,38.02942],[43.40431,38.02923],[43.39677,38.02903],[43.38922,38.02883],[43.38168,38.02864],[43.37414,38.02844],[43.36659,38.02824],[43.35905,38.02804],[43.35151,38.02785],[43.34396,38.02765],[43.33642,38.02745],[43.32888,38.02726],[43.32133,38.02706],[43.31379,38.02686],[43.30625,38.02666],[43.2987,38.02647],[43.29116,38.02627],[43.28362,38.02607],[43.27607,38.02588],[43.26853,38.02568],[43.26468,38.02285],[43.26083,38.02001],[43.25328,38.01981],[43.24574,38.01962],[43.2382,38.01942],[43.23065,38.01922],[43.22311,38.01903],[43.21557,38.01883],[43.20802,38.01863],[43.20048,38.01843],[43.19294,38.01824],[43.18539,38.01804],[43.17785,38.01784],[43.17031,38.01765],[43.16276,38.01745],[43.15522,38.01725],[43.15153,38.01989],[43.14784,38.02252],[43.14029,38.02233],[43.13275,38.02213],[43.12521,38.02193],[43.11766,38.02174],[43.11397,38.02437],[43.11028,38.02701],[43.10274,38.02681],[43.09519,38.02661],[43.08765,38.02642],[43.08011,38.02622],[43.07256,38.02602],[43.06502,38.02583],[43.05748,38.02563],[43.04993,38.02543],[43.04239,38.02523],[43.03485,38.02504],[43.0273,38.02484],[43.01976,38.02464],[43.01222,38.02445],[43.00467,38.02425],[42.99713,38.02405],[42.99344,38.02669],[42.98975,38.02932],[42.9822,38.02913],[42.97466,38.02893],[42.96712,38.02873],[42.95957,38.02853],[42.95203,38.02834],[42.94834,38.03097],[42.94465,38.03361],[42.9371,38.03341],[42.93341,38.03605],[42.92972,38.03869],[42.92218,38.03849],[42.91463,38.03829],[42.90709,38.03809],[42.89955,38.0379],[42.892,38.0377],[42.88446,38.0375],[42.87692,38.03731],[42.86937,38.03711],[42.86183,38.03691],[42.85429,38.03671],[42.84674,38.03652],[42.8392,38.03632],[42.83166,38.03612],[42.8278,38.03329],[42.82395,38.03046],[42.81641,38.03026],[42.80887,38.03006],[42.80501,38.02723],[42.80116,38.02439],[42.79362,38.0242],[42.78608,38.024],[42.77853,38.0238],[42.77099,38.02361],[42.76345,38.02341],[42.7559,38.02321],[42.75205,38.02038],[42.7482,38.01754],[42.74066,38.01735],[42.73696,38.01998],[42.73327,38.02262],[42.72573,38.02242],[42.72204,38.02506],[42.71835,38.0277],[42.71465,38.03033],[42.71096,38.03297],[42.70342,38.03277],[42.69973,38.03541],[42.69604,38.03804],[42.69234,38.04068],[42.68865,38.04332],[42.68496,38.04595],[42.68127,38.04859],[42.67758,38.05123],[42.67389,38.05386],[42.6702,38.0565],[42.67036,38.06197],[42.67052,38.06744],[42.66682,38.07008],[42.66313,38.07271],[42.66329,38.07818],[42.6596,38.08082],[42.65591,38.08345],[42.65607,38.08892],[42.65623,38.09439],[42.65639,38.09986],[42.65655,38.10533],[42.65671,38.1108],[42.65687,38.11627],[42.65318,38.11891],[42.64949,38.12155],[42.6458,38.12418],[42.6421,38.12682],[42.63841,38.12946],[42.63472,38.13209],[42.63103,38.13473],[42.62734,38.13737],[42.62365,38.14],[42.61995,38.14264],[42.61626,38.14528],[42.61257,38.14791],[42.60888,38.15055],[42.60519,38.15318],[42.6015,38.15582],[42.5978,38.15846],[42.59411,38.16109],[42.59042,38.16373],[42.58673,38.16637],[42.57919,38.16617],[42.57164,38.16597],[42.56795,38.16861],[42.56426,38.17125],[42.55672,38.17105],[42.54917,38.17085],[42.54163,38.17065],[42.53409,38.17046],[42.52654,38.17026],[42.52285,38.1729],[42.51916,38.17553],[42.51162,38.17534],[42.50407,38.17514],[42.49653,38.17494],[42.48899,38.17474],[42.48144,38.17455],[42.4739,38.17435],[42.46636,38.17415],[42.45881,38.17396],[42.45127,38.17376],[42.44373,38.17356],[42.43618,38.17336],[42.42864,38.17317],[42.4211,38.17297],[42.41355,38.17277],[42.40601,38.17258],[42.40232,38.17521],[42.39863,38.17785],[42.39108,38.17765],[42.38354,38.17745],[42.376,38.17726],[42.36845,38.17706],[42.36476,38.1797],[42.36107,38.18233],[42.35353,38.18213],[42.34598,38.18194],[42.33844,38.18174],[42.3309,38.18154],[42.3272,38.18418],[42.32351,38.18682],[42.31597,38.18662],[42.30843,38.18642],[42.30088,38.18622],[42.29334,38.18603],[42.2858,38.18583],[42.27825,38.18563],[42.27071,38.18544],[42.26702,38.18807],[42.26333,38.19071],[42.25578,38.19051],[42.24824,38.19031],[42.2407,38.19012],[42.23315,38.18992],[42.22561,38.18972],[42.21807,38.18953],[42.21052,38.18933],[42.20298,38.18913],[42.19544,38.18893],[42.19174,38.19157],[42.18805,38.19421],[42.18051,38.19401],[42.17682,38.19665],[42.17313,38.19928],[42.16558,38.19909],[42.15804,38.19889],[42.15435,38.20153],[42.15066,38.20416],[42.14311,38.20396],[42.13942,38.2066],[42.13573,38.20924],[42.12819,38.20904],[42.1245,38.21168],[42.1208,38.21431],[42.11326,38.21412],[42.10572,38.21392],[42.09817,38.21372],[42.09063,38.21352],[42.08309,38.21333],[42.07554,38.21313],[42.068,38.21293],[42.06046,38.21274],[42.05291,38.21254],[42.04906,38.2097],[42.04521,38.20687],[42.04136,38.20404],[42.03751,38.2012],[42.03365,38.19837],[42.0298,38.19554],[42.02595,38.1927],[42.0221,38.18987],[42.01825,38.18704],[42.0144,38.1842],[42.01054,38.18137],[42.00669,38.17854],[42.00284,38.1757],[41.99899,38.17287],[41.99514,38.17003],[41.99129,38.1672],[41.98743,38.16437],[41.98358,38.16153],[41.97604,38.16134],[41.97219,38.1585],[41.96834,38.15567],[41.96448,38.15284],[41.96063,38.15],[41.95678,38.14717],[41.95293,38.14434],[41.94539,38.14414],[41.94153,38.1413],[41.93768,38.13847],[41.93383,38.13564],[41.92998,38.1328],[41.92244,38.13261],[41.91874,38.13524],[41.91505,38.13788],[41.90751,38.13768],[41.90382,38.14032],[41.90013,38.14296],[41.89258,38.14276],[41.88889,38.14539],[41.8852,38.14803],[41.88151,38.15067],[41.87782,38.1533],[41.87412,38.15594],[41.87043,38.15858],[41.86674,38.16121],[41.86305,38.16385],[41.85936,38.16649],[41.85567,38.16912],[41.85197,38.17176],[41.84828,38.1744],[41.84459,38.17703],[41.8409,38.17967],[41.83336,38.17947],[41.82581,38.17927],[41.82196,38.17644],[41.81811,38.17361],[41.81057,38.17341],[41.80671,38.17058],[41.80286,38.16774],[41.79901,38.16491],[41.79516,38.16207],[41.79131,38.15924],[41.78746,38.15641],[41.78376,38.15904],[41.78007,38.16168],[41.77638,38.16432],[41.77269,38.16695],[41.76515,38.16676],[41.76145,38.16939],[41.75776,38.17203],[41.75022,38.17183],[41.74268,38.17163],[41.73898,38.17427],[41.73529,38.17691],[41.72775,38.17671],[41.72406,38.17935],[41.72037,38.18198],[41.71282,38.18179],[41.70913,38.18442],[41.70544,38.18706],[41.70175,38.1897],[41.69806,38.19233],[41.69436,38.19497],[41.69067,38.1976],[41.68698,38.20024],[41.68329,38.20288],[41.6796,38.20551],[41.67591,38.20815],[41.67222,38.21079],[41.66852,38.21342],[41.66483,38.21606],[41.66114,38.2187],[41.65745,38.22133],[41.65376,38.22397],[41.64621,38.22377],[41.63867,38.22357],[41.63113,38.22338],[41.62358,38.22318],[41.61973,38.22035],[41.61588,38.21751],[41.60834,38.21732],[41.60079,38.21712],[41.59325,38.21692],[41.58571,38.21672],[41.58186,38.21389],[41.578,38.21106],[41.57046,38.21086],[41.56292,38.21066],[41.55923,38.2133],[41.55553,38.21594],[41.55184,38.21857],[41.54815,38.22121],[41.54061,38.22101],[41.53306,38.22081],[41.52937,38.22345],[41.52568,38.22609],[41.52199,38.22872],[41.5183,38.23136],[41.51461,38.234],[41.51091,38.23663],[41.50722,38.23927],[41.50353,38.24191],[41.49984,38.24454],[41.49615,38.24718],[41.49246,38.24981],[41.48876,38.25245],[41.48507,38.25509],[41.48138,38.25772],[41.47769,38.26036],[41.474,38.263],[41.47031,38.26563],[41.46661,38.26827],[41.46292,38.27091],[41.45923,38.27354],[41.45169,38.27335],[41.448,38.27598],[41.4443,38.27862],[41.44061,38.28125],[41.43692,38.28389],[41.43323,38.28653],[41.42954,38.28916],[41.42585,38.2918],[41.42216,38.29444],[41.41461,38.29424],[41.41092,38.29688],[41.40723,38.29951],[41.39969,38.29932],[41.39214,38.29912],[41.3846,38.29892],[41.38091,38.30156],[41.37722,38.30419],[41.36967,38.304],[41.36598,38.30663],[41.36229,38.30927],[41.35475,38.30907],[41.3472,38.30888],[41.34351,38.31151],[41.33982,38.31415],[41.33613,38.31678],[41.33244,38.31942],[41.32489,38.31922],[41.3212,38.32186],[41.31751,38.3245],[41.30997,38.3243],[41.30627,38.32694],[41.30258,38.32957],[41.29889,38.33221],[41.2952,38.33485],[41.29151,38.33748],[41.28782,38.34012],[41.28412,38.34275],[41.28043,38.34539],[41.27674,38.34803],[41.27305,38.35066],[41.26936,38.3533],[41.26567,38.35594],[41.26197,38.35857],[41.25828,38.36121],[41.25459,38.36385],[41.25475,38.36932],[41.25491,38.37479],[41.25122,38.37742],[41.24753,38.38006],[41.24769,38.38553],[41.244,38.38817],[41.24031,38.3908],[41.24047,38.39627],[41.24063,38.40174],[41.23693,38.40438],[41.23324,38.40701],[41.2334,38.41248],[41.22971,38.41512],[41.22602,38.41776],[41.22618,38.42323],[41.22634,38.4287],[41.22265,38.43133],[41.21896,38.43397],[41.21526,38.43661],[41.21157,38.43924],[41.21173,38.44471],[41.21189,38.45018],[41.2082,38.45282],[41.20451,38.45546],[41.20082,38.45809],[41.19713,38.46073],[41.19344,38.46337],[41.18974,38.466],[41.18605,38.46864],[41.18236,38.47127],[41.17867,38.47391],[41.17498,38.47655],[41.17129,38.47918],[41.16759,38.48182],[41.1639,38.48446],[41.16021,38.48709],[41.15652,38.48973],[41.15283,38.49237],[41.14914,38.495],[41.14544,38.49764],[41.14175,38.50027],[41.13421,38.50008],[41.13052,38.50271],[41.12683,38.50535],[41.11928,38.50515],[41.11174,38.50496],[41.1042,38.50476],[41.1005,38.5074],[41.09681,38.51003],[41.08927,38.50983],[41.08173,38.50964],[41.07418,38.50944],[41.06664,38.50924],[41.0591,38.50905],[41.05155,38.50885],[41.04401,38.50865],[41.03647,38.50845],[41.02892,38.50826],[41.02523,38.51089],[41.02154,38.51353],[41.01785,38.51617],[41.01416,38.5188],[41.00661,38.51861],[41.00292,38.52124],[40.99923,38.52388],[40.99554,38.52652],[40.99185,38.52915],[40.98816,38.53179],[40.98446,38.53442],[40.98077,38.53706],[40.98093,38.54253],[40.97724,38.54517],[40.97355,38.5478],[40.96986,38.55044],[40.96617,38.55308],[40.96247,38.55571],[40.95878,38.55835],[40.95894,38.56382],[40.95525,38.56646],[40.95156,38.56909],[40.95172,38.57456],[40.95188,38.58003],[40.95204,38.5855],[40.94835,38.58814],[40.94466,38.59078],[40.94096,38.59341],[40.93727,38.59605],[40.93743,38.60152],[40.93759,38.60699],[40.9339,38.60962],[40.93021,38.61226],[40.93037,38.61773],[40.93053,38.6232],[40.92684,38.62584],[40.92315,38.62847],[40.92331,38.63394],[40.91962,38.63658],[40.91592,38.63922],[40.91608,38.64469],[40.91624,38.65016],[40.91255,38.65279],[40.90886,38.65543],[40.90902,38.6609],[40.90533,38.66354],[40.90164,38.66617],[40.9018,38.67164],[40.89811,38.67428],[40.89442,38.67692],[40.89072,38.67955],[40.88703,38.68219],[40.88334,38.68482],[40.87965,38.68746],[40.87981,38.69293],[40.87997,38.6984],[40.87628,38.70104],[40.87259,38.70367],[40.86889,38.70631],[40.8652,38.70895],[40.86536,38.71442],[40.86167,38.71705],[40.85798,38.71969],[40.85429,38.72233],[40.8506,38.72496],[40.8469,38.7276],[40.84321,38.73024],[40.83952,38.73287],[40.83583,38.73551],[40.83214,38.73814],[40.82845,38.74078],[40.82475,38.74342],[40.82106,38.74605],[40.81737,38.74869],[40.81368,38.75133],[40.81384,38.7568],[40.814,38.76227],[40.81416,38.76774],[40.81432,38.77321],[40.81448,38.77868],[40.81464,38.78415],[40.8148,38.78962],[40.81496,38.79509],[40.81512,38.80056],[40.81528,38.80603],[40.81544,38.8115],[40.8156,38.81697],[40.81576,38.82244],[40.81961,38.82527],[40.82346,38.8281],[40.82363,38.83357],[40.82379,38.83904],[40.82395,38.84451],[40.82411,38.84998],[40.82041,38.85262],[40.81672,38.85526],[40.81688,38.86073],[40.81319,38.86336],[40.8095,38.866],[40.80966,38.87147],[40.80597,38.87411],[40.80228,38.87674],[40.79858,38.87938],[40.79489,38.88202],[40.7912,38.88465],[40.78751,38.88729],[40.78382,38.88992],[40.78013,38.89256],[40.77643,38.8952],[40.77274,38.89783],[40.76905,38.90047],[40.76536,38.90311],[40.76167,38.90574],[40.75798,38.90838],[40.75429,38.91102],[40.75059,38.91365],[40.7469,38.91629],[40.74321,38.91893],[40.73952,38.92156],[40.73583,38.9242],[40.73214,38.92683],[40.72459,38.92664],[40.7209,38.92927],[40.71721,38.93191],[40.70967,38.93171],[40.70212,38.93152],[40.69458,38.93132],[40.69089,38.93395],[40.6872,38.93659],[40.67965,38.93639],[40.67211,38.9362],[40.66842,38.93883],[40.66473,38.94147],[40.66103,38.94411],[40.65734,38.94674],[40.65365,38.94938],[40.64996,38.95202],[40.64627,38.95465],[40.64258,38.95729],[40.63888,38.95992],[40.63904,38.96539],[40.63535,38.96803],[40.63166,38.97067],[40.62797,38.9733],[40.62428,38.97594],[40.62059,38.97858],[40.61689,38.98121],[40.6132,38.98385],[40.60951,38.98649],[40.60582,38.98912],[40.60213,38.99176],[40.59844,38.9944],[40.59475,38.99703],[40.59491,39.0025],[40.59507,39.00797],[40.59137,39.01061],[40.58768,39.01324],[40.58784,39.01871],[40.58415,39.02135],[40.58046,39.02399],[40.57677,39.02662],[40.57308,39.02926],[40.57324,39.03473],[40.5734,39.0402],[40.57356,39.04567],[40.57372,39.05114],[40.57002,39.05378],[40.56633,39.05641],[40.56649,39.06188],[40.56665,39.06735],[40.56681,39.07282],[40.56697,39.07829],[40.56713,39.08376],[40.56729,39.08923],[40.57115,39.09207],[40.575,39.0949],[40.57885,39.09773],[40.5827,39.10057],[40.58286,39.10604],[40.58671,39.10887],[40.59056,39.1117],[40.59442,39.11454],[40.59827,39.11737],[40.59843,39.12284],[40.60228,39.12568],[40.60613,39.12851],[40.60998,39.13134],[40.61383,39.13418],[40.61399,39.13965],[40.61785,39.14248],[40.6217,39.14531],[40.62555,39.14815],[40.6294,39.15098],[40.63325,39.15381],[40.63711,39.15665],[40.63727,39.16212],[40.64112,39.16495],[40.64497,39.16778],[40.64882,39.17062],[40.65267,39.17345],[40.65652,39.17629],[40.66038,39.17912],[40.66423,39.18195],[40.66808,39.18479],[40.66824,39.19026],[40.6684,39.19573],[40.67225,39.19856],[40.6761,39.20139],[40.67626,39.20686],[40.67642,39.21233],[40.68027,39.21517],[40.68413,39.218],[40.68044,39.22064],[40.67674,39.22327],[40.67305,39.22591],[40.66936,39.22855],[40.66567,39.23118],[40.66198,39.23382],[40.65829,39.23646],[40.65459,39.23909],[40.6509,39.24173],[40.64721,39.24437],[40.64352,39.247],[40.63983,39.24964],[40.63614,39.25227],[40.63244,39.25491],[40.62875,39.25755],[40.62506,39.26018],[40.62137,39.26282],[40.61768,39.26546],[40.61399,39.26809],[40.60644,39.2679],[40.5989,39.2677],[40.59136,39.2675],[40.58381,39.2673],[40.57627,39.26711],[40.56873,39.26691],[40.56118,39.26671],[40.55364,39.26652],[40.5461,39.26632],[40.53855,39.26612],[40.53101,39.26592],[40.52347,39.26573],[40.51592,39.26553],[40.50838,39.26533],[40.50084,39.26514],[40.49329,39.26494],[40.48575,39.26474],[40.47821,39.26454],[40.47066,39.26435],[40.46312,39.26415],[40.45558,39.26395],[40.44803,39.26376],[40.44434,39.26639],[40.44065,39.26903],[40.43311,39.26883],[40.42941,39.27147],[40.42572,39.2741],[40.42203,39.27674],[40.41834,39.27938],[40.4108,39.27918],[40.4071,39.28182],[40.40341,39.28445],[40.39972,39.28709],[40.39603,39.28973],[40.39234,39.29236],[40.38865,39.295],[40.3811,39.2948],[40.37741,39.29744],[40.37372,39.30007],[40.36618,39.29988],[40.36249,39.30251],[40.35879,39.30515],[40.3551,39.30779],[40.35141,39.31042],[40.34387,39.31023],[40.34018,39.31286],[40.33648,39.3155],[40.32894,39.3153],[40.32525,39.31794],[40.32156,39.32057],[40.31401,39.32038],[40.30647,39.32018],[40.29893,39.31998],[40.29524,39.32262],[40.29154,39.32525],[40.284,39.32506],[40.28031,39.32769],[40.27662,39.33033],[40.27293,39.33297],[40.26923,39.3356],[40.26169,39.33541],[40.258,39.33804],[40.25431,39.34068],[40.24676,39.34048],[40.24307,39.34312],[40.23938,39.34575],[40.23184,39.34556],[40.22429,39.34536],[40.2206,39.348],[40.21691,39.35063],[40.20937,39.35044],[40.20568,39.35307],[40.20198,39.35571],[40.19444,39.35551],[40.19075,39.35815],[40.18706,39.36078],[40.17951,39.36059],[40.17582,39.36322],[40.17213,39.36586],[40.16459,39.36566],[40.1609,39.3683],[40.1572,39.37094],[40.14966,39.37074],[40.14597,39.37338],[40.14228,39.37601],[40.13859,39.37865],[40.1349,39.38128],[40.12735,39.38109],[40.12366,39.38372],[40.11997,39.38636],[40.11243,39.38616],[40.10488,39.38597],[40.10119,39.3886],[40.0975,39.39124],[40.09381,39.39388],[40.09012,39.39651],[40.08257,39.39631],[40.07503,39.39612],[40.07134,39.39875],[40.06765,39.40139],[40.0601,39.40119],[40.05256,39.401],[40.04502,39.4008],[40.04116,39.39797],[40.03731,39.39513],[40.02977,39.39493],[40.02223,39.39474],[40.01468,39.39454],[40.01083,39.39171],[40.00698,39.38887],[39.99944,39.38868],[39.99558,39.38584],[39.99173,39.38301],[39.98419,39.38281],[39.97665,39.38261],[39.97279,39.37978],[39.96894,39.37695],[39.9614,39.37675],[39.95385,39.37655],[39.95,39.37372],[39.94615,39.37089],[39.93861,39.37069],[39.93106,39.37049],[39.92721,39.36766],[39.92336,39.36482],[39.91582,39.36463],[39.90827,39.36443],[39.90073,39.36423],[39.89319,39.36404],[39.88564,39.36384],[39.8781,39.36364],[39.87056,39.36344],[39.86301,39.36325],[39.85547,39.36305],[39.85178,39.36569],[39.84809,39.36832],[39.8444,39.37096],[39.8407,39.3736],[39.83316,39.3734],[39.82947,39.37603],[39.82578,39.37867],[39.81824,39.37847],[39.81069,39.37828],[39.80315,39.37808],[39.79946,39.38072],[39.79577,39.38335],[39.78822,39.38316],[39.78453,39.38579],[39.78084,39.38843],[39.7733,39.38823],[39.76575,39.38803],[39.75821,39.38784],[39.75067,39.38764],[39.74312,39.38744],[39.73943,39.39008],[39.73574,39.39271],[39.73205,39.39535],[39.72836,39.39799],[39.72081,39.39779],[39.71712,39.40043],[39.71343,39.40306],[39.70974,39.4057],[39.70605,39.40834],[39.70235,39.41097],[39.69866,39.41361],[39.69497,39.41625],[39.69128,39.41888],[39.68759,39.42152],[39.6839,39.42415],[39.6802,39.42679],[39.67651,39.42943],[39.67282,39.43206],[39.66913,39.4347],[39.66544,39.43734],[39.66175,39.43997],[39.65805,39.44261],[39.65436,39.44525],[39.65067,39.44788],[39.64698,39.45052],[39.64329,39.45316],[39.6396,39.45579],[39.63591,39.45843],[39.63221,39.46106],[39.62852,39.4637],[39.62483,39.46634],[39.62114,39.46897],[39.61745,39.47161],[39.6099,39.47141],[39.60621,39.47405],[39.60252,39.47669],[39.59498,39.47649],[39.59129,39.47913],[39.58759,39.48176],[39.58005,39.48156],[39.57251,39.48137],[39.56496,39.48117],[39.55742,39.48097],[39.55373,39.48361],[39.55004,39.48625],[39.54249,39.48605],[39.53864,39.48322],[39.53479,39.48038],[39.53094,39.47755],[39.52709,39.47471],[39.52324,39.47188],[39.51938,39.46905],[39.51553,39.46621],[39.51168,39.46338],[39.50783,39.46055],[39.50398,39.45771],[39.50012,39.45488],[39.49627,39.45205],[39.49242,39.44921],[39.48857,39.44638],[39.48472,39.44355],[39.48087,39.44071],[39.47701,39.43788],[39.47316,39.43504],[39.46931,39.43221],[39.46546,39.42938],[39.46161,39.42654],[39.45776,39.42371],[39.4539,39.42088],[39.45005,39.41804],[39.44251,39.41785],[39.43497,39.41765],[39.43127,39.42028],[39.42758,39.42292],[39.42004,39.42272],[39.41635,39.42536],[39.41266,39.428],[39.40511,39.4278],[39.39757,39.4276],[39.39388,39.43024],[39.39019,39.43288],[39.38264,39.43268],[39.37895,39.43531],[39.37526,39.43795],[39.36772,39.43775],[39.36017,39.43756],[39.35263,39.43736],[39.34894,39.44],[39.34525,39.44263],[39.34155,39.44527],[39.33786,39.44791],[39.33417,39.45054],[39.33048,39.45318],[39.32294,39.45298],[39.31539,39.45278],[39.3117,39.45542],[39.30801,39.45806],[39.30432,39.46069],[39.30063,39.46333],[39.29308,39.46313],[39.28939,39.46577],[39.2857,39.46841],[39.28201,39.47104],[39.27832,39.47368],[39.27463,39.47631],[39.27093,39.47895],[39.26339,39.47875],[39.2597,39.48139],[39.25601,39.48403],[39.24846,39.48383],[39.24092,39.48363],[39.23338,39.48344],[39.22583,39.48324],[39.21829,39.48304],[39.21444,39.48021],[39.21059,39.47737],[39.20304,39.47718],[39.19919,39.47434],[39.19534,39.47151],[39.1878,39.47131],[39.18395,39.46848],[39.18009,39.46565],[39.17624,39.46281],[39.17239,39.45998],[39.16485,39.45978],[39.1573,39.45958],[39.15345,39.45675],[39.1496,39.45392],[39.14206,39.45372],[39.1382,39.45089],[39.13435,39.44805],[39.1305,39.44522],[39.12665,39.44238],[39.1228,39.43955],[39.11895,39.43672],[39.11509,39.43388],[39.11124,39.43105],[39.1037,39.43085],[39.09616,39.43066],[39.08861,39.43046],[39.08476,39.42763],[39.08091,39.42479],[39.07706,39.42196],[39.07321,39.41912],[39.06566,39.41893],[39.05812,39.41873],[39.05058,39.41853],[39.04303,39.41834],[39.03934,39.42097],[39.03565,39.42361],[39.02811,39.42341],[39.02441,39.42605],[39.02072,39.42868],[39.01703,39.43132],[39.01334,39.43396],[39.0058,39.43376],[39.0021,39.4364],[38.99841,39.43903],[38.99472,39.44167],[38.99103,39.44431],[38.98734,39.44694],[38.98365,39.44958],[38.97995,39.45222],[38.97626,39.45485],[38.97257,39.45749],[38.97273,39.46296],[38.96904,39.46559],[38.96535,39.46823],[38.96551,39.4737],[38.96567,39.47917],[38.96198,39.48181],[38.95829,39.48444],[38.95845,39.48991],[38.95861,39.49538],[38.95877,39.50085],[38.95893,39.50632],[38.95523,39.50896],[38.95154,39.5116],[38.9517,39.51707],[38.94801,39.5197],[38.94432,39.52234],[38.94448,39.52781],[38.94464,39.53328],[38.94095,39.53592],[38.93726,39.53855],[38.93742,39.54402],[38.93758,39.54949],[38.93389,39.55213],[38.93019,39.55477],[38.93035,39.56024],[38.93051,39.56571],[38.92682,39.56834],[38.92313,39.57098],[38.92329,39.57645],[38.92345,39.58192],[38.91976,39.58455],[38.91607,39.58719],[38.91623,39.59266],[38.91254,39.5953],[38.90884,39.59793],[38.909,39.6034],[38.90916,39.60887],[38.90932,39.61434],[38.90949,39.61981],[38.90965,39.62528],[38.90981,39.63075],[38.90997,39.63622],[38.91013,39.64169],[38.90643,39.64433],[38.90274,39.64697],[38.9029,39.65244],[38.90306,39.65791],[38.90691,39.66074],[38.91077,39.66357],[38.91462,39.66641],[38.91847,39.66924],[38.92232,39.67207],[38.92617,39.67491],[38.93002,39.67774],[38.93388,39.68058],[38.93773,39.68341],[38.94158,39.68624],[38.94543,39.68908],[38.94928,39.69191],[38.95314,39.69474],[38.95699,39.69758],[38.96084,39.70041],[38.96469,39.70324],[38.96854,39.70608],[38.97239,39.70891],[38.97625,39.71174],[38.9801,39.71458],[38.98395,39.71741],[38.9878,39.72025],[38.99165,39.72308],[38.9955,39.72591],[38.99566,39.73138],[38.99952,39.73422],[39.00337,39.73705],[39.00722,39.73988],[39.01107,39.74272],[39.01492,39.74555],[39.01877,39.74838],[39.01508,39.75102],[39.01139,39.75366],[39.0077,39.75629],[39.00401,39.75893],[39.00032,39.76157],[38.99662,39.7642],[38.99293,39.76684],[38.98924,39.76948],[38.98555,39.77211],[38.98186,39.77475],[38.97817,39.77738],[38.97448,39.78002],[38.97078,39.78266],[38.96709,39.78529],[38.9634,39.78793],[38.95971,39.79057],[38.95602,39.7932],[38.95233,39.79584],[38.94863,39.79848],[38.94494,39.80111],[38.94125,39.80375],[38.93756,39.80639],[38.93387,39.80902],[38.93018,39.81166],[38.93034,39.81713],[38.9305,39.8226],[38.93066,39.82807],[38.93082,39.83354],[38.92712,39.83617],[38.92343,39.83881],[38.92359,39.84428],[38.92375,39.84975],[38.92391,39.85522],[38.92777,39.85805],[38.93162,39.86089],[38.93547,39.86372],[38.93932,39.86656],[38.94317,39.86939],[38.94702,39.87222],[38.95088,39.87506],[38.95842,39.87525],[38.96227,39.87809],[38.96612,39.88092],[38.96997,39.88375],[38.97383,39.88659],[38.97768,39.88942],[38.98153,39.89225],[38.98538,39.89509],[38.98923,39.89792],[38.99308,39.90076],[38.99694,39.90359],[39.00079,39.90642],[39.00464,39.90926],[39.00849,39.91209],[39.01234,39.91492],[39.01619,39.91776],[39.02005,39.92059],[39.0239,39.92342],[39.02775,39.92626],[39.0316,39.92909],[39.02791,39.93173],[39.02422,39.93436],[39.02053,39.937],[39.01684,39.93964],[39.01314,39.94227],[39.00945,39.94491],[39.00576,39.94755],[39.00207,39.95018],[38.99838,39.95282],[38.99469,39.95546],[38.99099,39.95809],[38.9873,39.96073],[38.98361,39.96336],[38.97992,39.966],[38.97623,39.96864],[38.97254,39.97127],[38.96884,39.97391],[38.96515,39.97655],[38.96146,39.97918],[38.95392,39.97899],[38.94637,39.97879],[38.94268,39.98143],[38.93899,39.98406],[38.93145,39.98386],[38.9239,39.98367],[38.92021,39.9863],[38.91652,39.98894],[38.90898,39.98874],[38.90143,39.98855],[38.89774,39.99118],[38.89405,39.99382],[38.89036,39.99646],[38.88667,39.99909],[38.88298,40.00173],[38.87929,40.00436],[38.87559,40.007],[38.8719,40.00964],[38.86821,40.01227],[38.86452,40.01491],[38.86083,40.01755],[38.85714,40.02018],[38.85344,40.02282],[38.84975,40.02546],[38.84606,40.02809],[38.84237,40.03073],[38.83483,40.03053],[38.82728,40.03033],[38.82359,40.03297],[38.8199,40.03561],[38.81621,40.03824],[38.81252,40.04088],[38.80882,40.04352],[38.80513,40.04615],[38.80144,40.04879],[38.79775,40.05143],[38.79406,40.05406],[38.79422,40.05953],[38.79438,40.065],[38.79454,40.07047],[38.7947,40.07594],[38.79486,40.08141],[38.79502,40.08688],[38.79518,40.09235],[38.79534,40.09782],[38.7955,40.10329],[38.79566,40.10876],[38.79582,40.11423],[38.79967,40.11707],[38.80352,40.1199],[38.80368,40.12537],[38.80384,40.13084],[38.804,40.13631],[38.80785,40.13914],[38.81171,40.14198],[38.81187,40.14745],[38.81572,40.15028],[38.81957,40.15311],[38.81973,40.15858],[38.81989,40.16405],[38.82374,40.16689],[38.82759,40.16972],[38.82775,40.17519],[38.82791,40.18066],[38.82807,40.18613],[38.83193,40.18896],[38.83578,40.1918],[38.83594,40.19727],[38.8361,40.20274],[38.83626,40.20821],[38.83642,40.21368],[38.83658,40.21915],[38.83674,40.22462],[38.8369,40.23009],[38.83706,40.23556],[38.83722,40.24103],[38.83738,40.2465],[38.83369,40.24913],[38.83,40.25177],[38.83016,40.25724],[38.83032,40.26271],[38.83048,40.26818],[38.82678,40.27082],[38.82309,40.27345],[38.8194,40.27609],[38.81571,40.27873],[38.81956,40.28156],[38.82341,40.28439],[38.82726,40.28723],[38.83112,40.29006],[38.83497,40.29289],[38.83882,40.29573],[38.84267,40.29856],[38.84652,40.3014],[38.85037,40.30423],[38.85423,40.30706],[38.85808,40.3099],[38.86193,40.31273],[38.86578,40.31556],[38.86963,40.3184],[38.87349,40.32123],[38.87734,40.32406],[38.88119,40.3269],[38.88504,40.32973],[38.88889,40.33256],[38.89274,40.3354],[38.8966,40.33823],[38.90045,40.34107],[38.9043,40.3439],[38.90815,40.34673],[38.90446,40.34937],[38.90077,40.35201],[38.89708,40.35464],[38.89338,40.35728],[38.88969,40.35991],[38.886,40.36255],[38.88231,40.36519],[38.87862,40.36782],[38.87493,40.37046],[38.87123,40.3731],[38.86754,40.37573],[38.86385,40.37837],[38.86016,40.38101],[38.85647,40.38364],[38.85278,40.38628],[38.84909,40.38892],[38.84539,40.39155],[38.8417,40.39419],[38.83801,40.39682],[38.83432,40.39946],[38.83063,40.4021],[38.82308,40.4019],[38.81939,40.40454],[38.8157,40.40717],[38.80816,40.40698],[38.80061,40.40678],[38.79692,40.40942],[38.79323,40.41205],[38.78569,40.41185],[38.77814,40.41166],[38.77445,40.41429],[38.77076,40.41693],[38.76322,40.41673],[38.75567,40.41654],[38.74813,40.41634],[38.74059,40.41614],[38.73304,40.41594],[38.7255,40.41575],[38.71796,40.41555],[38.71041,40.41535],[38.70287,40.41516],[38.69533,40.41496],[38.69148,40.41213],[38.68762,40.40929],[38.68008,40.40909],[38.67254,40.4089],[38.66499,40.4087],[38.65745,40.4085],[38.64991,40.40831],[38.64606,40.40547],[38.6422,40.40264],[38.63466,40.40244],[38.62712,40.40224],[38.61957,40.40205],[38.61203,40.40185],[38.60449,40.40165],[38.60064,40.39882],[38.59678,40.39599],[38.58924,40.39579],[38.5817,40.39559],[38.57415,40.39539],[38.56661,40.3952],[38.55907,40.395],[38.55152,40.3948],[38.54398,40.39461],[38.53644,40.39441],[38.52889,40.39421],[38.52135,40.39401],[38.51381,40.39382],[38.50626,40.39362],[38.49872,40.39342],[38.49503,40.39606],[38.49134,40.3987],[38.48379,40.3985],[38.4801,40.40113],[38.47641,40.40377],[38.47272,40.40641],[38.46903,40.40904],[38.46534,40.41168],[38.46164,40.41432],[38.45795,40.41695],[38.45811,40.42242],[38.45442,40.42506],[38.45073,40.4277],[38.45089,40.43317],[38.45105,40.43864],[38.45121,40.44411],[38.44752,40.44674],[38.44383,40.44938],[38.44399,40.45485],[38.44029,40.45749],[38.4366,40.46012],[38.43676,40.46559],[38.43307,40.46823],[38.42938,40.47086],[38.42954,40.47633],[38.4297,40.4818],[38.42601,40.48444],[38.42232,40.48708],[38.42248,40.49255],[38.41879,40.49518],[38.41509,40.49782],[38.41525,40.50329],[38.41156,40.50593],[38.40787,40.50856],[38.41172,40.5114],[38.41557,40.51423],[38.41573,40.5197],[38.41589,40.52517],[38.41975,40.528],[38.4236,40.53084],[38.42376,40.53631],[38.42761,40.53914],[38.43146,40.54197],[38.43531,40.54481],[38.43917,40.54764],[38.44302,40.55048],[38.44687,40.55331],[38.45072,40.55614],[38.45457,40.55898],[38.45473,40.56445],[38.45858,40.56728],[38.46244,40.57011],[38.4626,40.57558],[38.46276,40.58105],[38.46292,40.58652],[38.46308,40.59199],[38.46324,40.59746],[38.4634,40.60293],[38.46356,40.6084],[38.46372,40.61387],[38.46388,40.61934],[38.46404,40.62481],[38.4642,40.63028],[38.46436,40.63575],[38.46452,40.64122],[38.46468,40.64669],[38.46099,40.64933],[38.45729,40.65197],[38.45745,40.65744],[38.45376,40.66007],[38.45007,40.66271],[38.44638,40.66535],[38.44269,40.66798],[38.439,40.67062],[38.4353,40.67325],[38.43161,40.67589],[38.42792,40.67853],[38.42423,40.68116],[38.42054,40.6838],[38.41685,40.68644],[38.41315,40.68907],[38.41331,40.69454],[38.41348,40.70001],[38.41364,40.70548],[38.4138,40.71095],[38.41396,40.71642],[38.41412,40.72189],[38.41428,40.72736],[38.41444,40.73283],[38.41074,40.73547],[38.40705,40.73811],[38.40721,40.74358],[38.40737,40.74905],[38.40753,40.75452],[38.40769,40.75999],[38.40785,40.76546],[38.40416,40.76809],[38.40047,40.77073],[38.40063,40.7762],[38.40079,40.78167],[38.40095,40.78714],[38.40111,40.79261],[38.40127,40.79808],[38.40143,40.80355],[38.39774,40.80619],[38.39405,40.80882],[38.39421,40.81429],[38.39437,40.81976],[38.39453,40.82523],[38.39469,40.8307],[38.39485,40.83617],[38.39501,40.84164],[38.39517,40.84711],[38.39533,40.85258],[38.39549,40.85805],[38.39565,40.86352],[38.39581,40.86899],[38.39212,40.87163],[38.38843,40.87426],[38.38859,40.87973],[38.38875,40.8852],[38.38891,40.89067],[38.38907,40.89614],[38.38923,40.90161],[38.39308,40.90445],[38.39693,40.90728],[38.40078,40.91012],[38.40463,40.91295],[38.40848,40.91578],[38.41234,40.91862],[38.41619,40.92145],[38.42373,40.92165],[38.43127,40.92184],[38.43882,40.92204],[38.44267,40.92487],[38.44652,40.92771],[38.45406,40.92791],[38.46161,40.9281],[38.46546,40.93094],[38.46931,40.93377],[38.47686,40.93397],[38.4844,40.93416],[38.48825,40.937],[38.4921,40.93983],[38.49965,40.94003],[38.5035,40.94286],[38.50735,40.9457],[38.51489,40.94589],[38.51874,40.94873],[38.5226,40.95156],[38.53014,40.95176],[38.53399,40.95459],[38.53784,40.95742],[38.54539,40.95762],[38.55293,40.95782],[38.55678,40.96065],[38.56063,40.96349],[38.56818,40.96368],[38.57203,40.96652],[38.57588,40.96935],[38.58342,40.96955],[38.59097,40.96974],[38.59851,40.96994],[38.60605,40.97014],[38.6136,40.97034],[38.62114,40.97053],[38.62868,40.97073],[38.63623,40.97093],[38.64377,40.97112],[38.65131,40.97132],[38.65886,40.97152],[38.6664,40.97172],[38.67394,40.97191],[38.68149,40.97211],[38.68903,40.97231],[38.69657,40.9725],[38.70412,40.9727],[38.71166,40.9729],[38.71551,40.97573],[38.71936,40.97857],[38.72691,40.97876],[38.73445,40.97896],[38.7383,40.98179],[38.74215,40.98463],[38.746,40.98746],[38.74986,40.9903],[38.7574,40.99049],[38.76494,40.99069],[38.76879,40.99352],[38.77265,40.99636],[38.78019,40.99655],[38.78404,40.99939],[38.78789,41.00222],[38.79175,41.00505],[38.7956,41.00789],[38.80314,41.00809],[38.80699,41.01092],[38.81084,41.01375],[38.81839,41.01395],[38.82593,41.01415],[38.82978,41.01698],[38.83363,41.01981],[38.84118,41.02001],[38.84872,41.02021],[38.85626,41.02041],[38.86381,41.0206],[38.87135,41.0208],[38.87889,41.021],[38.88644,41.02119],[38.89398,41.02139],[38.89783,41.02422],[38.90168,41.02706],[38.90923,41.02726],[38.91677,41.02745],[38.92431,41.02765],[38.92817,41.03048],[38.93202,41.03332],[38.93956,41.03351],[38.9471,41.03371],[38.95465,41.03391],[38.96219,41.03411],[38.96973,41.0343],[38.97728,41.0345],[38.98482,41.0347],[38.98867,41.03753],[38.99252,41.04036],[39.00007,41.04056],[39.00761,41.04076],[39.01515,41.04096],[39.0227,41.04115],[39.03024,41.04135],[39.03778,41.04155],[39.04533,41.04174],[39.05287,41.04194],[39.06041,41.04214],[39.06796,41.04234],[39.07181,41.04517],[39.07566,41.048],[39.0832,41.0482],[39.09075,41.0484],[39.0946,41.05123],[39.09845,41.05406],[39.10599,41.05426],[39.11354,41.05446],[39.12108,41.05466],[39.12862,41.05485],[39.13617,41.05505],[39.14371,41.05525],[39.15125,41.05544],[39.15495,41.05281],[39.15864,41.05017],[39.16618,41.05037],[39.17372,41.05057],[39.18127,41.05076],[39.18881,41.05096],[39.19635,41.05116],[39.2039,41.05135],[39.20759,41.04872],[39.21128,41.04608],[39.21882,41.04628],[39.22637,41.04648],[39.23391,41.04667],[39.24145,41.04687],[39.249,41.04707],[39.25654,41.04727],[39.26408,41.04746],[39.27163,41.04766],[39.27548,41.05049],[39.27933,41.05333],[39.28687,41.05352],[39.29442,41.05372],[39.29827,41.05655],[39.30212,41.05939],[39.30966,41.05959],[39.31352,41.06242],[39.31737,41.06525],[39.32491,41.06545],[39.33245,41.06565],[39.34,41.06584],[39.34754,41.06604],[39.35508,41.06624],[39.36263,41.06644],[39.37017,41.06663],[39.37771,41.06683],[39.38526,41.06703],[39.38911,41.06986],[39.39296,41.07269],[39.4005,41.07289],[39.40436,41.07572],[39.40821,41.07856],[39.41575,41.07876],[39.4233,41.07895],[39.43084,41.07915],[39.43469,41.08198],[39.43854,41.08482],[39.44609,41.08501],[39.45363,41.08521],[39.46117,41.08541],[39.46872,41.08561],[39.47626,41.0858],[39.4838,41.086],[39.48749,41.08336],[39.49119,41.08073],[39.49488,41.07809],[39.49857,41.07545],[39.50611,41.07565],[39.5098,41.07301],[39.51349,41.07038],[39.51719,41.06774],[39.52088,41.06511],[39.52457,41.06247],[39.52826,41.05983],[39.53195,41.0572],[39.53564,41.05456],[39.53934,41.05192],[39.54303,41.04929],[39.54672,41.04665],[39.55041,41.04401],[39.5541,41.04138],[39.55779,41.03874],[39.56149,41.03611],[39.56518,41.03347],[39.56887,41.03083],[39.57256,41.0282],[39.5801,41.02839],[39.5838,41.02576],[39.58749,41.02312],[39.59118,41.02048],[39.59487,41.01785],[39.59856,41.01521],[39.60225,41.01257],[39.60595,41.00994],[39.60964,41.0073],[39.61333,41.00467],[39.61702,41.00203],[39.62071,40.99939],[39.6244,40.99676],[39.62809,40.99412],[39.63179,40.99148],[39.63548,40.98885],[39.63917,40.98621],[39.64286,40.98357],[39.64655,40.98094],[39.65024,40.9783],[39.65394,40.97566],[39.66148,40.97586],[39.66902,40.97606],[39.67657,40.97626],[39.68411,40.97645],[39.69165,40.97665],[39.6992,40.97685],[39.70289,40.97421],[39.70658,40.97157],[39.71027,40.96894],[39.71396,40.9663],[39.71765,40.96367],[39.72135,40.96103],[39.72504,40.95839],[39.72873,40.95576],[39.73242,40.95312],[39.73611,40.95048],[39.74366,40.95068],[39.74751,40.95351],[39.75136,40.95635],[39.75521,40.95918],[39.75906,40.96201],[39.76291,40.96485],[39.76677,40.96768],[39.77046,40.96505],[39.77415,40.96241],[39.77784,40.95977],[39.78153,40.95714],[39.78522,40.9545],[39.78892,40.95186],[39.79646,40.95206],[39.80015,40.94942],[39.80384,40.94679],[39.80753,40.94415],[39.81123,40.94151],[39.81877,40.94171],[39.82246,40.93908],[39.82615,40.93644],[39.8337,40.93664],[39.84124,40.93683],[39.84878,40.93703],[39.85633,40.93723],[39.86387,40.93743],[39.87141,40.93762],[39.87896,40.93782],[39.88265,40.93518],[39.88634,40.93255],[39.89388,40.93274],[39.90143,40.93294],[39.90897,40.93314],[39.91651,40.93334],[39.92406,40.93353],[39.92791,40.93637],[39.93176,40.9392],[39.9393,40.9394],[39.94685,40.93959],[39.95439,40.93979],[39.96193,40.93999],[39.96948,40.94019],[39.97702,40.94038],[39.98456,40.94058],[39.99211,40.94078],[39.99965,40.94097],[40.00719,40.94117],[40.01088,40.93853],[40.01458,40.9359],[40.01827,40.93326],[40.02196,40.93063],[40.02565,40.92799],[40.02934,40.92535],[40.03303,40.92272],[40.03673,40.92008],[40.04427,40.92028],[40.04796,40.91764],[40.05165,40.915],[40.05534,40.91237],[40.05903,40.90973],[40.06273,40.90709],[40.06642,40.90446],[40.07011,40.90182],[40.0738,40.89919],[40.07749,40.89655],[40.08118,40.89391],[40.08488,40.89128],[40.08857,40.88864],[40.09226,40.886],[40.09595,40.88337],[40.09964,40.88073],[40.10333,40.87809],[40.11088,40.87829],[40.11842,40.87849],[40.12596,40.87869],[40.13351,40.87888],[40.14105,40.87908],[40.1449,40.88191],[40.14875,40.88475],[40.1563,40.88494],[40.16384,40.88514],[40.16769,40.88798],[40.17154,40.89081],[40.17909,40.89101],[40.18663,40.8912],[40.19048,40.89404],[40.19433,40.89687],[40.20188,40.89707],[40.20573,40.8999],[40.20958,40.90273],[40.21712,40.90293],[40.22467,40.90313],[40.23221,40.90333],[40.23975,40.90352],[40.2473,40.90372],[40.25484,40.90392],[40.26238,40.90411],[40.26993,40.90431],[40.27747,40.90451],[40.28132,40.90734],[40.28517,40.91018],[40.29272,40.91037],[40.30026,40.91057],[40.30411,40.9134],[40.30797,40.91624],[40.31182,40.91907],[40.31567,40.9219],[40.32321,40.9221],[40.32706,40.92494],[40.33092,40.92777],[40.33846,40.92797],[40.34231,40.9308],[40.34616,40.93363],[40.35371,40.93383],[40.35756,40.93666],[40.36141,40.9395],[40.36526,40.94233],[40.36911,40.94516],[40.37296,40.948],[40.37682,40.95083],[40.38067,40.95367],[40.38452,40.9565],[40.38837,40.95933],[40.39222,40.96217],[40.39977,40.96236],[40.40731,40.96256],[40.41485,40.96276],[40.4224,40.96296],[40.42625,40.96579],[40.4301,40.96862],[40.43395,40.97146],[40.4378,40.97429],[40.44535,40.97449],[40.4492,40.97732],[40.45305,40.98015],[40.46059,40.98035],[40.46444,40.98318],[40.4683,40.98602],[40.47584,40.98622],[40.47969,40.98905],[40.48354,40.99188],[40.4874,40.99472],[40.49125,40.99755],[40.49879,40.99775],[40.50633,40.99794],[40.51388,40.99814],[40.52142,40.99834],[40.52896,40.99854],[40.53651,40.99873],[40.54405,40.99893],[40.55159,40.99913],[40.55545,41.00196],[40.5593,41.00479],[40.56684,41.00499],[40.57438,41.00519],[40.58193,41.00539],[40.58947,41.00558],[40.59701,41.00578],[40.60456,41.00598],[40.60841,41.00881],[40.61226,41.01164],[40.6198,41.01184],[40.62735,41.01204],[40.63489,41.01224],[40.64243,41.01243],[40.64998,41.01263],[40.65752,41.01283],[40.66506,41.01302],[40.66892,41.01586],[40.67277,41.01869],[40.68031,41.01889],[40.68785,41.01909],[40.6954,41.01928],[40.69925,41.02212],[40.7031,41.02495],[40.71064,41.02515],[40.7145,41.02798],[40.71835,41.03081],[40.7222,41.03365],[40.72605,41.03648],[40.7299,41.03932],[40.73375,41.04215],[40.73761,41.04498],[40.74146,41.04782],[40.74531,41.05065],[40.74916,41.05348],[40.75301,41.05632],[40.75686,41.05915],[40.76072,41.06198],[40.76457,41.06482],[40.76842,41.06765],[40.77227,41.07048],[40.77612,41.07332],[40.77998,41.07615],[40.78383,41.07899],[40.78768,41.08182],[40.79153,41.08465],[40.79538,41.08749],[40.79923,41.09032],[40.80309,41.09315],[40.80694,41.09599],[40.81079,41.09882],[40.81464,41.10165],[40.81849,41.10449],[40.82234,41.10732],[40.8262,41.11015],[40.83374,41.11035],[40.83759,41.11319],[40.84144,41.11602],[40.84529,41.11885],[40.84915,41.12169],[40.853,41.12452],[40.85685,41.12735],[40.8607,41.13019],[40.86455,41.13302],[40.8721,41.13322],[40.87964,41.13341],[40.88349,41.13625],[40.88734,41.13908],[40.89489,41.13928],[40.90243,41.13948],[40.90997,41.13967],[40.91752,41.13987],[40.92506,41.14007],[40.9326,41.14027],[40.94015,41.14046],[40.94769,41.14066],[40.95523,41.14086],[40.96278,41.14105],[40.97032,41.14125],[40.97786,41.14145],[40.98541,41.14165],[40.99295,41.14184],[41.00049,41.14204],[41.00804,41.14224],[41.01189,41.14507],[41.01574,41.1479],[41.02328,41.1481],[41.03083,41.1483],[41.03468,41.15113],[41.03853,41.15397],[41.04607,41.15416],[41.05362,41.15436],[41.05747,41.15719],[41.06132,41.16003],[41.06886,41.16022],[41.07641,41.16042],[41.08026,41.16325],[41.08411,41.16609],[41.09165,41.16629],[41.0992,41.16648],[41.10305,41.16932],[41.1069,41.17215],[41.11075,41.17498],[41.1146,41.17782],[41.11846,41.18065],[41.12231,41.18348],[41.12985,41.18368],[41.1337,41.18651],[41.13755,41.18935],[41.1451,41.18955],[41.14895,41.19238],[41.1528,41.19521],[41.15665,41.19805],[41.1605,41.20088],[41.16436,41.20371],[41.16821,41.20655],[41.17206,41.20938],[41.17591,41.21221],[41.17976,41.21505],[41.18362,41.21788],[41.19116,41.21808],[41.19501,41.22091],[41.19886,41.22375],[41.20271,41.22658],[41.20657,41.22941],[41.21042,41.23225],[41.21427,41.23508],[41.22181,41.23528],[41.22566,41.23811],[41.22952,41.24094],[41.23706,41.24114],[41.24091,41.24398],[41.24476,41.24681],[41.25231,41.24701],[41.25616,41.24984],[41.26001,41.25267],[41.26755,41.25287],[41.2751,41.25307],[41.28264,41.25326],[41.28649,41.2561],[41.29034,41.25893],[41.29789,41.25913],[41.30543,41.25933],[41.30928,41.26216],[41.31313,41.26499],[41.32068,41.26519],[41.32453,41.26802],[41.32838,41.27086],[41.33592,41.27105],[41.33977,41.27389],[41.34363,41.27672],[41.35117,41.27692],[41.35871,41.27712],[41.36256,41.27995],[41.36642,41.28278],[41.37396,41.28298],[41.37781,41.28581],[41.38166,41.28865],[41.38921,41.28884],[41.39675,41.28904],[41.4006,41.29188],[41.40445,41.29471],[41.412,41.29491],[41.41954,41.2951],[41.42339,41.29794],[41.42724,41.30077],[41.43479,41.30097],[41.43864,41.3038],[41.44249,41.30664],[41.45003,41.30683],[41.45389,41.30967],[41.45774,41.3125],[41.46528,41.3127],[41.46913,41.31553],[41.47298,41.31836],[41.48053,41.31856],[41.48438,41.32139],[41.48823,41.32423],[41.49208,41.32706],[41.49593,41.3299],[41.50348,41.33009],[41.50733,41.33293],[41.51118,41.33576],[41.51872,41.33596],[41.52627,41.33615],[41.53381,41.33635],[41.53766,41.33918],[41.54151,41.34202],[41.54537,41.34485],[41.54922,41.34769],[41.55307,41.35052],[41.55692,41.35335],[41.56446,41.35355],[41.56832,41.35638],[41.57217,41.35922],[41.57971,41.35941],[41.5834,41.35678],[41.58709,41.35414],[41.59079,41.3515],[41.59448,41.34887],[41.59817,41.34623],[41.60186,41.3436],[41.60555,41.34096],[41.60539,41.33549],[41.60523,41.33002],[41.60507,41.32455],[41.60491,41.31908],[41.60475,41.31361],[41.60844,41.31097],[41.61214,41.30834],[41.61198,41.30287],[41.61182,41.2974],[41.61166,41.29193],[41.61149,41.28646],[41.61133,41.28099],[41.61117,41.27552],[41.61101,41.27005],[41.61085,41.26458],[41.61069,41.25911],[41.61053,41.25364],[41.61037,41.24817],[41.61021,41.2427],[41.61391,41.24006],[41.6176,41.23742],[41.61744,41.23195],[41.62113,41.22932],[41.62482,41.22668],[41.62466,41.22121],[41.6245,41.21574],[41.62065,41.21291],[41.6168,41.21007],[41.61664,41.2046],[41.61648,41.19913],[41.61632,41.19366],[41.61616,41.18819],[41.6123,41.18536],[41.60845,41.18253],[41.6046,41.17969],[41.60075,41.17686],[41.60059,41.17139],[41.60043,41.16592],[41.59658,41.16309],[41.59273,41.16025],[41.59257,41.15478],[41.58871,41.15195],[41.58486,41.14911],[41.5847,41.14364],[41.58085,41.14081],[41.577,41.13798],[41.57684,41.13251],[41.57299,41.12967],[41.56913,41.12684],[41.56897,41.12137],[41.56512,41.11854],[41.56127,41.1157],[41.56111,41.11023],[41.56095,41.10476],[41.56079,41.09929],[41.56063,41.09382],[41.56432,41.09119],[41.56801,41.08855],[41.57171,41.08591],[41.5754,41.08328],[41.57909,41.08064],[41.58278,41.078],[41.58647,41.07537],[41.59016,41.07273],[41.59386,41.0701],[41.59755,41.06746],[41.60124,41.06482],[41.60493,41.06219],[41.60862,41.05955],[41.61231,41.05691],[41.616,41.05428],[41.6197,41.05164],[41.62339,41.049],[41.62708,41.04637],[41.63077,41.04373],[41.63446,41.04109],[41.63815,41.03846],[41.6457,41.03866],[41.65324,41.03885],[41.66078,41.03905],[41.66833,41.03925],[41.67587,41.03944],[41.67972,41.04228],[41.68357,41.04511],[41.68743,41.04794],[41.69128,41.05078],[41.69513,41.05361],[41.69898,41.05645],[41.70652,41.05664],[41.71038,41.05948],[41.71423,41.06231],[41.71808,41.06514],[41.72193,41.06798],[41.72948,41.06817],[41.73333,41.07101],[41.73718,41.07384],[41.74472,41.07404],[41.74857,41.07687],[41.75243,41.07971],[41.75628,41.08254],[41.76013,41.08537],[41.76398,41.08821],[41.76783,41.09104],[41.77538,41.09124],[41.78292,41.09143],[41.78677,41.09427],[41.79062,41.0971],[41.79447,41.09994],[41.79833,41.10277],[41.80218,41.1056],[41.80603,41.10844],[41.80988,41.11127],[41.81373,41.1141],[41.82128,41.1143],[41.82882,41.1145],[41.83636,41.11469],[41.84391,41.11489],[41.85145,41.11509],[41.85514,41.11245],[41.85883,41.10982],[41.86638,41.11001],[41.87007,41.10738],[41.87376,41.10474],[41.87745,41.1021],[41.88114,41.09947],[41.88483,41.09683],[41.88853,41.09419],[41.89222,41.09156],[41.89591,41.08892],[41.8996,41.08629],[41.90329,41.08365],[41.91084,41.08385],[41.91838,41.08404],[41.92592,41.08424],[41.92961,41.0816],[41.93331,41.07897],[41.94085,41.07916],[41.94454,41.07653],[41.94823,41.07389],[41.95192,41.07126],[41.95562,41.06862],[41.95931,41.06598],[41.963,41.06335],[41.96669,41.06071],[41.96653,41.05524],[41.97022,41.0526],[41.97391,41.04997],[41.97375,41.0445],[41.97744,41.04186],[41.98114,41.03922],[41.98483,41.03659],[41.98852,41.03395],[41.98836,41.02848],[41.9882,41.02301],[41.98804,41.01754],[41.99173,41.0149],[41.99542,41.01227],[41.99526,41.0068],[41.9951,41.00133],[41.99494,40.99586],[41.99478,40.99039],[41.99847,40.98775],[42.00217,40.98512],[42.00586,40.98248],[42.00955,40.97984],[42.01324,40.97721],[42.01693,40.97457],[42.02062,40.97193],[42.02431,40.9693],[42.02801,40.96666],[42.0317,40.96402],[42.03539,40.96139],[42.03908,40.95875],[42.04277,40.95611],[42.04646,40.95348],[42.05016,40.95084],[42.05385,40.94821],[42.05754,40.94557],[42.06123,40.94293],[42.06492,40.9403],[42.07247,40.94049],[42.08001,40.94069],[42.0837,40.93805],[42.08739,40.93542],[42.09494,40.93562],[42.10248,40.93581],[42.10617,40.93318],[42.10986,40.93054],[42.11741,40.93074],[42.1211,40.9281],[42.12479,40.92546],[42.12864,40.9283],[42.13249,40.93113],[42.14004,40.93133],[42.14758,40.93153],[42.15512,40.93172],[42.16267,40.93192],[42.17021,40.93212],[42.17775,40.93231],[42.1853,40.93251],[42.19284,40.93271],[42.20038,40.93291],[42.20793,40.9331],[42.21547,40.9333],[42.22301,40.9335],[42.23056,40.93369],[42.2381,40.93389],[42.24564,40.93409],[42.25319,40.93429],[42.26073,40.93448],[42.26827,40.93468],[42.27582,40.93488],[42.27967,40.93771],[42.28352,40.94054],[42.28737,40.94338],[42.29122,40.94621],[42.29507,40.94904],[42.29893,40.95188],[42.30278,40.95471],[42.30663,40.95755],[42.31048,40.96038],[42.31433,40.96321],[42.31818,40.96605],[42.32204,40.96888],[42.32589,40.97171],[42.32974,40.97455],[42.33359,40.97738],[42.33744,40.98021],[42.3413,40.98305],[42.34515,40.98588],[42.349,40.98872],[42.35285,40.99155],[42.3567,40.99438],[42.36055,40.99722],[42.36441,41.00005],[42.36826,41.00288],[42.37211,41.00572],[42.37596,41.00855],[42.37981,41.01138],[42.38366,41.01422],[42.39121,41.01441],[42.39506,41.01725],[42.39891,41.02008],[42.40645,41.02028],[42.414,41.02048],[42.42154,41.02067],[42.42908,41.02087],[42.43663,41.02107],[42.44417,41.02126],[42.45171,41.02146],[42.45926,41.02166],[42.4668,41.02186],[42.47434,41.02205],[42.48189,41.02225],[42.48574,41.02508],[42.48959,41.02792],[42.49344,41.03075],[42.49729,41.03358],[42.50484,41.03378],[42.51238,41.03398],[42.51992,41.03418],[42.52747,41.03437],[42.53132,41.03721],[42.53517,41.04004],[42.54271,41.04024],[42.55026,41.04043],[42.5578,41.04063],[42.56534,41.04083],[42.57289,41.04103],[42.57674,41.04386],[42.58059,41.04669],[42.58813,41.04689],[42.59568,41.04709],[42.59953,41.04992],[42.60338,41.05276],[42.61093,41.05295],[42.61847,41.05315],[42.62601,41.05335],[42.63356,41.05354],[42.63741,41.05638],[42.64126,41.05921],[42.6488,41.05941],[42.65635,41.05961],[42.66389,41.0598],[42.66774,41.06264],[42.67159,41.06547],[42.67914,41.06567],[42.68668,41.06586],[42.69053,41.0687],[42.69438,41.07153],[42.70193,41.07173],[42.70947,41.07193],[42.71332,41.07476],[42.71717,41.07759],[42.72472,41.07779],[42.73226,41.07799],[42.7398,41.07818],[42.74365,41.08102],[42.74751,41.08385],[42.75505,41.08405],[42.76259,41.08425],[42.77014,41.08444],[42.77399,41.08728],[42.77784,41.09011],[42.78169,41.09294],[42.78554,41.09578],[42.78939,41.09861],[42.79325,41.10144],[42.80079,41.10164],[42.80464,41.10447],[42.80849,41.10731],[42.81604,41.10751],[42.81989,41.11034],[42.82374,41.11317],[42.82759,41.11601],[42.83144,41.11884],[42.83899,41.11904],[42.84653,41.11923],[42.85407,41.11943],[42.86162,41.11963],[42.86547,41.12246],[42.86932,41.1253],[42.87686,41.12549],[42.88072,41.12833],[42.88457,41.13116],[42.89211,41.13136],[42.89965,41.13155],[42.9072,41.13175],[42.91474,41.13195],[42.92228,41.13215],[42.92983,41.13234],[42.93737,41.13254],[42.94491,41.13274],[42.95246,41.13293],[42.96,41.13313],[42.96754,41.13333],[42.97509,41.13353],[42.98263,41.13372],[42.99017,41.13392],[42.99772,41.13412],[43.00526,41.13431],[43.0128,41.13451],[43.02035,41.13471],[43.02789,41.13491],[43.03543,41.1351],[43.04298,41.1353],[43.05052,41.1355],[43.05806,41.13569],[43.06561,41.13589],[43.07315,41.13609],[43.08069,41.13629],[43.08824,41.13648],[43.09578,41.13668],[43.10332,41.13688],[43.11087,41.13708],[43.11841,41.13727],[43.12595,41.13747],[43.1335,41.13767],[43.14104,41.13786],[43.14858,41.13806],[43.15244,41.14089],[43.15629,41.14373],[43.16014,41.14656],[43.16399,41.1494],[43.16784,41.15223],[43.17169,41.15506],[43.17555,41.1579],[43.1794,41.16073],[43.18325,41.16356],[43.1871,41.1664],[43.19095,41.16923],[43.1948,41.17206],[43.19866,41.1749],[43.20251,41.17773],[43.20636,41.18056],[43.21021,41.1834],[43.21406,41.18623],[43.21791,41.18907],[43.22177,41.1919],[43.22562,41.19473],[43.22947,41.19757],[43.23332,41.2004],[43.23717,41.20323],[43.24103,41.20607],[43.24488,41.2089],[43.24873,41.21173],[43.25258,41.21457],[43.25643,41.2174],[43.26398,41.2176],[43.26783,41.22043],[43.27168,41.22327],[43.27922,41.22346],[43.28307,41.2263],[43.28693,41.22913],[43.29447,41.22933],[43.29832,41.23216],[43.30217,41.23499],[43.30602,41.23783],[43.30988,41.24066],[43.31373,41.24349],[43.31758,41.24633],[43.32143,41.24916],[43.32528,41.252],[43.32913,41.25483],[43.33299,41.25766],[43.33684,41.2605],[43.34069,41.26333],[43.34454,41.26616],[43.34839,41.269],[43.35224,41.27183],[43.3561,41.27466],[43.35995,41.2775],[43.3638,41.28033],[43.36765,41.28317],[43.3715,41.286],[43.37536,41.28883],[43.37921,41.29167],[43.38306,41.2945],[43.38691,41.29733],[43.39076,41.30017],[43.39461,41.303],[43.39847,41.30583],[43.39863,41.3113],[43.40248,41.31414],[43.40633,41.31697],[43.41018,41.3198],[43.41403,41.32264],[43.41419,41.32811],[43.41435,41.33358],[43.41451,41.33905],[43.41836,41.34188],[43.42222,41.34472],[43.42238,41.35019],[43.42254,41.35566],[43.4227,41.36113],[43.41901,41.36376],[43.41531,41.3664],[43.41547,41.37187],[43.41563,41.37734],[43.41579,41.38281],[43.41595,41.38828],[43.41611,41.39375],[43.41627,41.39922],[43.41258,41.40185],[43.40889,41.40449],[43.4052,41.40713],[43.40151,41.40976],[43.40167,41.41523],[43.40183,41.4207],[43.40199,41.42617],[43.40215,41.43164],[43.40231,41.43711],[43.40247,41.44258],[43.40263,41.44805],[43.39894,41.45069],[43.39525,41.45333],[43.39155,41.45596],[43.38786,41.4586],[43.38802,41.46407],[43.38818,41.46954],[43.38834,41.47501],[43.3885,41.48048],[43.38866,41.48595],[43.39251,41.48878],[43.39637,41.49162],[43.40022,41.49445],[43.40407,41.49728],[43.40423,41.50275],[43.40439,41.50822],[43.40824,41.51106],[43.41209,41.51389],[43.41595,41.51672],[43.4198,41.51956],[43.42365,41.52239],[43.4275,41.52523],[43.43135,41.52806],[43.4352,41.53089],[43.43906,41.53373],[43.44291,41.53656],[43.44676,41.53939],[43.45061,41.54223],[43.45446,41.54506],[43.45831,41.54789],[43.46217,41.55073],[43.46602,41.55356],[43.46987,41.55639],[43.47372,41.55923],[43.47757,41.56206],[43.48142,41.5649],[43.48528,41.56773],[43.48913,41.57056],[43.49298,41.5734],[43.49683,41.57623],[43.50068,41.57906],[43.50453,41.5819],[43.50839,41.58473],[43.51593,41.58493],[43.51978,41.58776],[43.52363,41.5906],[43.52749,41.59343],[43.53134,41.59626],[43.53888,41.59646],[43.54273,41.59929],[43.54658,41.60213],[43.55044,41.60496],[43.55429,41.60779],[43.56183,41.60799],[43.56568,41.61082],[43.56953,41.61366],[43.57708,41.61386],[43.58462,41.61405],[43.58847,41.61689],[43.59232,41.61972],[43.59987,41.61992],[43.60741,41.62011],[43.61495,41.62031],[43.61881,41.62314],[43.62266,41.62598],[43.62651,41.62881],[43.63036,41.63165],[43.6379,41.63184],[43.64545,41.63204],[43.65299,41.63224],[43.66053,41.63243],[43.66808,41.63263],[43.67193,41.63546],[43.67578,41.6383],[43.68332,41.6385],[43.68718,41.64133],[43.69103,41.64416],[43.69857,41.64436],[43.70611,41.64456],[43.71366,41.64475],[43.7212,41.64495],[43.72874,41.64515],[43.73629,41.64535],[43.74383,41.64554],[43.74768,41.64838],[43.75153,41.65121],[43.75908,41.65141],[43.76293,41.65424],[43.76678,41.65707],[43.77432,41.65727],[43.78187,41.65747],[43.78941,41.65767],[43.79696,41.65786],[43.8045,41.65806],[43.81204,41.65826],[43.81959,41.65845],[43.82713,41.65865],[43.83467,41.65885],[43.83852,41.66168],[43.84238,41.66452],[43.84623,41.66735],[43.85008,41.67018],[43.85393,41.67302],[43.85778,41.67585],[43.86163,41.67868],[43.86549,41.68152],[43.86934,41.68435],[43.87319,41.68718],[43.87704,41.69002],[43.88089,41.69285],[43.88474,41.69569],[43.8886,41.69852],[43.89245,41.70135],[43.8963,41.70419],[43.90015,41.70702],[43.904,41.70985],[43.91155,41.71005],[43.9154,41.71288],[43.91925,41.71572]]]}}]}